Asset_ID,Origination_Date,Total_Advance,Total_EMI,Payment_Date,Payment_Amount,Months_on_Book,Cohort
264,2024-01-31,17160.0,20540.0,2024-02-07,860.0,1,2024-01
264,2024-01-31,17160.0,20540.0,2024-02-14,860.0,1,2024-01
264,2024-01-31,17160.0,20540.0,2024-02-21,860.0,1,2024-01
264,2024-01-31,17160.0,20540.0,2024-02-28,860.0,1,2024-01
264,2024-01-31,17160.0,20540.0,2024-03-06,860.0,2,2024-01
264,2024-01-31,17160.0,20540.0,2024-03-13,860.0,2,2024-01
264,2024-01-31,17160.0,20540.0,2024-03-20,860.0,2,2024-01
264,2024-01-31,17160.0,20540.0,2024-03-27,860.0,2,2024-01
264,2024-01-31,17160.0,20540.0,2024-04-03,860.0,3,2024-01
264,2024-01-31,17160.0,20540.0,2024-04-10,9000.0,3,2024-01
324,2024-01-29,20000.0,23645.0,2024-02-05,986.0,1,2024-01
324,2024-01-29,20000.0,23645.0,2024-02-12,986.0,1,2024-01
324,2024-01-29,20000.0,23645.0,2024-02-19,986.0,1,2024-01
324,2024-01-29,20000.0,23645.0,2024-02-26,986.0,1,2024-01
324,2024-01-29,20000.0,23645.0,2024-03-04,986.0,2,2024-01
324,2024-01-29,20000.0,23645.0,2024-03-11,986.0,2,2024-01
324,2024-01-29,20000.0,23645.0,2024-03-18,986.0,2,2024-01
324,2024-01-29,20000.0,23645.0,2024-03-25,986.0,2,2024-01
324,2024-01-29,20000.0,23645.0,2024-04-01,986.0,3,2024-01
324,2024-01-29,20000.0,23645.0,2024-04-08,986.0,3,2024-01
324,2024-01-29,20000.0,23645.0,2024-04-15,986.0,3,2024-01
324,2024-01-29,20000.0,23645.0,2024-04-22,986.0,3,2024-01
324,2024-01-29,20000.0,23645.0,2024-04-29,986.0,3,2024-01
324,2024-01-29,20000.0,23645.0,2024-05-06,986.0,4,2024-01
324,2024-01-29,20000.0,23645.0,2024-05-13,986.0,4,2024-01
324,2024-01-29,20000.0,23645.0,2024-05-20,986.0,4,2024-01
324,2024-01-29,20000.0,23645.0,2024-05-27,986.0,4,2024-01
324,2024-01-29,20000.0,23645.0,2024-06-03,986.0,5,2024-01
324,2024-01-29,20000.0,23645.0,2024-06-10,986.0,5,2024-01
324,2024-01-29,20000.0,23645.0,2024-06-17,986.0,5,2024-01
324,2024-01-29,20000.0,23645.0,2024-06-24,985.0,5,2024-01
324,2024-01-29,20000.0,23645.0,2024-07-01,985.0,6,2024-01
324,2024-01-29,20000.0,23645.0,2024-07-08,985.0,6,2024-01
324,2024-01-29,20000.0,23645.0,2024-10-28,970.0,9,2024-01
336,2024-01-29,27500.0,32720.0,2024-02-05,2045.0,1,2024-01
336,2024-01-29,27500.0,32720.0,2024-02-12,2045.0,1,2024-01
336,2024-01-29,27500.0,32720.0,2024-02-19,2045.0,1,2024-01
336,2024-01-29,27500.0,32720.0,2024-02-26,2045.0,1,2024-01
336,2024-01-29,27500.0,32720.0,2024-03-04,2045.0,2,2024-01
336,2024-01-29,27500.0,32720.0,2024-03-11,2045.0,2,2024-01
336,2024-01-29,27500.0,32720.0,2024-03-18,2045.0,2,2024-01
336,2024-01-29,27500.0,32720.0,2024-03-25,2045.0,2,2024-01
336,2024-01-29,27500.0,32720.0,2024-04-01,2045.0,3,2024-01
336,2024-01-29,27500.0,32720.0,2024-04-08,2045.0,3,2024-01
336,2024-01-29,27500.0,32720.0,2024-04-15,12270.0,3,2024-01
567,2024-01-31,17160.0,20540.0,2024-02-07,860.0,1,2024-01
567,2024-01-31,17160.0,20540.0,2024-02-14,860.0,1,2024-01
567,2024-01-31,17160.0,20540.0,2024-02-21,860.0,1,2024-01
567,2024-01-31,17160.0,20540.0,2024-02-28,860.0,1,2024-01
567,2024-01-31,17160.0,20540.0,2024-03-06,860.0,2,2024-01
567,2024-01-31,17160.0,20540.0,2024-03-13,860.0,2,2024-01
567,2024-01-31,17160.0,20540.0,2024-03-20,860.0,2,2024-01
567,2024-01-31,17160.0,20540.0,2024-03-27,860.0,2,2024-01
567,2024-01-31,17160.0,20540.0,2024-04-03,860.0,3,2024-01
567,2024-01-31,17160.0,20540.0,2024-04-10,860.0,3,2024-01
567,2024-01-31,17160.0,20540.0,2024-04-17,860.0,3,2024-01
567,2024-01-31,17160.0,20540.0,2024-04-24,860.0,3,2024-01
567,2024-01-31,17160.0,20540.0,2024-05-01,860.0,4,2024-01
567,2024-01-31,17160.0,20540.0,2024-05-08,860.0,4,2024-01
567,2024-01-31,17160.0,20540.0,2024-05-15,860.0,4,2024-01
567,2024-01-31,17160.0,20540.0,2024-05-22,860.0,4,2024-01
567,2024-01-31,17160.0,20540.0,2024-05-29,860.0,4,2024-01
567,2024-01-31,17160.0,20540.0,2024-06-05,860.0,5,2024-01
567,2024-01-31,17160.0,20540.0,2024-06-12,860.0,5,2024-01
567,2024-01-31,17160.0,20540.0,2024-06-19,860.0,5,2024-01
567,2024-01-31,17160.0,20540.0,2024-06-26,860.0,5,2024-01
567,2024-01-31,17160.0,20540.0,2024-07-03,860.0,6,2024-01
567,2024-01-31,17160.0,20540.0,2024-07-10,860.0,6,2024-01
567,2024-01-31,17160.0,20540.0,2024-07-17,760.0,6,2024-01
722,2024-02-17,16100.0,21390.0,2024-02-24,892.0,0,2024-02
722,2024-02-17,16100.0,21390.0,2024-03-02,892.0,1,2024-02
722,2024-02-17,16100.0,21390.0,2024-03-09,892.0,1,2024-02
722,2024-02-17,16100.0,21390.0,2024-03-16,892.0,1,2024-02
722,2024-02-17,16100.0,21390.0,2024-03-23,892.0,1,2024-02
722,2024-02-17,16100.0,21390.0,2024-03-30,892.0,1,2024-02
722,2024-02-17,16100.0,21390.0,2024-04-06,892.0,2,2024-02
722,2024-02-17,16100.0,21390.0,2024-04-13,500.0,2,2024-02
722,2024-02-17,16100.0,21390.0,2024-04-20,1285.0,2,2024-02
722,2024-02-17,16100.0,21390.0,2024-04-27,892.0,2,2024-02
722,2024-02-17,16100.0,21390.0,2024-05-04,892.0,3,2024-02
722,2024-02-17,16100.0,21390.0,2024-05-11,500.0,3,2024-02
722,2024-02-17,16100.0,21390.0,2024-05-18,0.0,3,2024-02
722,2024-02-17,16100.0,21390.0,2024-05-25,0.0,3,2024-02
722,2024-02-17,16100.0,21390.0,2024-06-01,0.0,4,2024-02
722,2024-02-17,16100.0,21390.0,2024-06-08,2560.0,4,2024-02
722,2024-02-17,16100.0,21390.0,2024-06-15,1000.0,4,2024-02
722,2024-02-17,16100.0,21390.0,2024-06-22,0.0,4,2024-02
722,2024-02-17,16100.0,21390.0,2024-06-29,1500.0,4,2024-02
722,2024-02-17,16100.0,21390.0,2024-07-06,0.0,5,2024-02
722,2024-02-17,16100.0,21390.0,2024-07-13,0.0,5,2024-02
722,2024-02-17,16100.0,21390.0,2024-07-20,0.0,5,2024-02
722,2024-02-17,16100.0,21390.0,2024-07-27,0.0,5,2024-02
722,2024-02-17,16100.0,21390.0,2024-08-03,6017.0,6,2024-02
723,2024-01-28,11050.0,13260.0,2024-02-04,610.0,1,2024-01
723,2024-01-28,11050.0,13260.0,2024-02-11,610.0,1,2024-01
723,2024-01-28,11050.0,13260.0,2024-02-18,610.0,1,2024-01
723,2024-01-28,11050.0,13260.0,2024-02-25,610.0,1,2024-01
723,2024-01-28,11050.0,13260.0,2024-03-03,610.0,2,2024-01
723,2024-01-28,11050.0,13260.0,2024-03-10,610.0,2,2024-01
723,2024-01-28,11050.0,13260.0,2024-03-17,610.0,2,2024-01
723,2024-01-28,11050.0,13260.0,2024-03-24,610.0,2,2024-01
723,2024-01-28,11050.0,13260.0,2024-03-31,610.0,2,2024-01
723,2024-01-28,11050.0,13260.0,2024-04-07,610.0,3,2024-01
723,2024-01-28,11050.0,13260.0,2024-04-14,610.0,3,2024-01
723,2024-01-28,11050.0,13260.0,2024-04-21,610.0,3,2024-01
723,2024-01-28,11050.0,13260.0,2024-04-28,610.0,3,2024-01
723,2024-01-28,11050.0,13260.0,2024-05-05,600.0,4,2024-01
723,2024-01-28,11050.0,13260.0,2024-05-12,600.0,4,2024-01
723,2024-01-28,11050.0,13260.0,2024-05-19,610.0,4,2024-01
723,2024-01-28,11050.0,13260.0,2024-05-26,600.0,4,2024-01
723,2024-01-28,11050.0,13260.0,2024-06-02,600.0,5,2024-01
723,2024-01-28,11050.0,13260.0,2024-06-09,600.0,5,2024-01
723,2024-01-28,11050.0,13260.0,2024-06-16,600.0,5,2024-01
723,2024-01-28,11050.0,13260.0,2024-06-23,600.0,5,2024-01
723,2024-01-28,11050.0,13260.0,2024-06-30,520.0,5,2024-01
724,2024-02-20,11000.0,14680.0,2024-02-27,610.0,0,2024-02
724,2024-02-20,11000.0,14680.0,2024-03-05,615.0,1,2024-02
724,2024-02-20,11000.0,14680.0,2024-03-12,610.0,1,2024-02
724,2024-02-20,11000.0,14680.0,2024-03-19,615.0,1,2024-02
724,2024-02-20,11000.0,14680.0,2024-03-26,610.0,1,2024-02
724,2024-02-20,11000.0,14680.0,2024-04-02,610.0,2,2024-02
724,2024-02-20,11000.0,14680.0,2024-04-09,630.0,2,2024-02
724,2024-02-20,11000.0,14680.0,2024-04-16,610.0,2,2024-02
724,2024-02-20,11000.0,14680.0,2024-04-23,610.0,2,2024-02
724,2024-02-20,11000.0,14680.0,2024-04-30,610.0,2,2024-02
724,2024-02-20,11000.0,14680.0,2024-05-07,610.0,3,2024-02
724,2024-02-20,11000.0,14680.0,2024-05-14,615.0,3,2024-02
724,2024-02-20,11000.0,14680.0,2024-05-21,610.0,3,2024-02
724,2024-02-20,11000.0,14680.0,2024-05-28,615.0,3,2024-02
724,2024-02-20,11000.0,14680.0,2024-06-04,615.0,4,2024-02
724,2024-02-20,11000.0,14680.0,2024-06-11,610.0,4,2024-02
724,2024-02-20,11000.0,14680.0,2024-06-18,610.0,4,2024-02
724,2024-02-20,11000.0,14680.0,2024-06-25,610.0,4,2024-02
724,2024-02-20,11000.0,14680.0,2024-07-02,610.0,5,2024-02
724,2024-02-20,11000.0,14680.0,2024-07-09,610.0,5,2024-02
724,2024-02-20,11000.0,14680.0,2024-07-16,610.0,5,2024-02
724,2024-02-20,11000.0,14680.0,2024-07-23,0.0,5,2024-02
724,2024-02-20,11000.0,14680.0,2024-07-30,1210.0,5,2024-02
724,2024-02-20,11000.0,14680.0,2024-10-28,615.0,8,2024-02
725,2024-02-20,14000.0,18600.0,2024-02-27,775.0,0,2024-02
725,2024-02-20,14000.0,18600.0,2024-03-05,775.0,1,2024-02
725,2024-02-20,14000.0,18600.0,2024-03-12,775.0,1,2024-02
725,2024-02-20,14000.0,18600.0,2024-03-19,775.0,1,2024-02
725,2024-02-20,14000.0,18600.0,2024-03-26,775.0,1,2024-02
725,2024-02-20,14000.0,18600.0,2024-04-02,775.0,2,2024-02
725,2024-02-20,14000.0,18600.0,2024-04-09,775.0,2,2024-02
725,2024-02-20,14000.0,18600.0,2024-04-16,775.0,2,2024-02
725,2024-02-20,14000.0,18600.0,2024-04-23,775.0,2,2024-02
725,2024-02-20,14000.0,18600.0,2024-04-30,775.0,2,2024-02
725,2024-02-20,14000.0,18600.0,2024-05-07,775.0,3,2024-02
725,2024-02-20,14000.0,18600.0,2024-05-14,775.0,3,2024-02
725,2024-02-20,14000.0,18600.0,2024-05-21,775.0,3,2024-02
725,2024-02-20,14000.0,18600.0,2024-05-28,775.0,3,2024-02
725,2024-02-20,14000.0,18600.0,2024-06-04,775.0,4,2024-02
725,2024-02-20,14000.0,18600.0,2024-06-11,775.0,4,2024-02
725,2024-02-20,14000.0,18600.0,2024-06-18,775.0,4,2024-02
725,2024-02-20,14000.0,18600.0,2024-06-25,775.0,4,2024-02
725,2024-02-20,14000.0,18600.0,2024-07-02,775.0,5,2024-02
725,2024-02-20,14000.0,18600.0,2024-07-09,775.0,5,2024-02
725,2024-02-20,14000.0,18600.0,2024-07-16,775.0,5,2024-02
725,2024-02-20,14000.0,18600.0,2024-07-23,775.0,5,2024-02
725,2024-02-20,14000.0,18600.0,2024-07-30,775.0,5,2024-02
725,2024-02-20,14000.0,18600.0,2024-08-06,775.0,6,2024-02
726,2024-02-20,8000.0,10720.0,2024-02-27,447.0,0,2024-02
726,2024-02-20,8000.0,10720.0,2024-03-05,447.0,1,2024-02
726,2024-02-20,8000.0,10720.0,2024-03-12,447.0,1,2024-02
726,2024-02-20,8000.0,10720.0,2024-03-19,447.0,1,2024-02
726,2024-02-20,8000.0,10720.0,2024-03-26,447.0,1,2024-02
726,2024-02-20,8000.0,10720.0,2024-04-02,447.0,2,2024-02
726,2024-02-20,8000.0,10720.0,2024-04-09,447.0,2,2024-02
726,2024-02-20,8000.0,10720.0,2024-04-16,447.0,2,2024-02
726,2024-02-20,8000.0,10720.0,2024-04-23,447.0,2,2024-02
726,2024-02-20,8000.0,10720.0,2024-04-30,447.0,2,2024-02
726,2024-02-20,8000.0,10720.0,2024-05-07,447.0,3,2024-02
726,2024-02-20,8000.0,10720.0,2024-05-14,447.0,3,2024-02
726,2024-02-20,8000.0,10720.0,2024-05-21,447.0,3,2024-02
726,2024-02-20,8000.0,10720.0,2024-05-28,447.0,3,2024-02
726,2024-02-20,8000.0,10720.0,2024-06-04,447.0,4,2024-02
726,2024-02-20,8000.0,10720.0,2024-06-11,447.0,4,2024-02
726,2024-02-20,8000.0,10720.0,2024-06-18,447.0,4,2024-02
726,2024-02-20,8000.0,10720.0,2024-06-25,447.0,4,2024-02
726,2024-02-20,8000.0,10720.0,2024-07-02,447.0,5,2024-02
726,2024-02-20,8000.0,10720.0,2024-07-09,447.0,5,2024-02
726,2024-02-20,8000.0,10720.0,2024-07-16,447.0,5,2024-02
726,2024-02-20,8000.0,10720.0,2024-07-23,0.0,5,2024-02
726,2024-02-20,8000.0,10720.0,2024-07-30,886.0,5,2024-02
726,2024-02-20,8000.0,10720.0,2024-10-28,447.0,8,2024-02
727,2024-02-20,16100.0,21390.0,2024-02-27,900.0,0,2024-02
727,2024-02-20,16100.0,21390.0,2024-03-05,900.0,1,2024-02
727,2024-02-20,16100.0,21390.0,2024-03-12,900.0,1,2024-02
727,2024-02-20,16100.0,21390.0,2024-03-19,900.0,1,2024-02
727,2024-02-20,16100.0,21390.0,2024-03-26,900.0,1,2024-02
727,2024-02-20,16100.0,21390.0,2024-04-02,900.0,2,2024-02
727,2024-02-20,16100.0,21390.0,2024-04-09,900.0,2,2024-02
727,2024-02-20,16100.0,21390.0,2024-04-16,900.0,2,2024-02
727,2024-02-20,16100.0,21390.0,2024-04-23,900.0,2,2024-02
727,2024-02-20,16100.0,21390.0,2024-04-30,900.0,2,2024-02
727,2024-02-20,16100.0,21390.0,2024-05-07,900.0,3,2024-02
727,2024-02-20,16100.0,21390.0,2024-05-14,900.0,3,2024-02
727,2024-02-20,16100.0,21390.0,2024-05-21,900.0,3,2024-02
727,2024-02-20,16100.0,21390.0,2024-05-28,900.0,3,2024-02
727,2024-02-20,16100.0,21390.0,2024-06-04,900.0,4,2024-02
727,2024-02-20,16100.0,21390.0,2024-06-11,900.0,4,2024-02
727,2024-02-20,16100.0,21390.0,2024-06-18,900.0,4,2024-02
727,2024-02-20,16100.0,21390.0,2024-06-25,900.0,4,2024-02
727,2024-02-20,16100.0,21390.0,2024-07-02,900.0,5,2024-02
727,2024-02-20,16100.0,21390.0,2024-07-09,900.0,5,2024-02
727,2024-02-20,16100.0,21390.0,2024-07-16,900.0,5,2024-02
727,2024-02-20,16100.0,21390.0,2024-07-23,900.0,5,2024-02
727,2024-02-20,16100.0,21390.0,2024-07-30,900.0,5,2024-02
727,2024-02-20,16100.0,21390.0,2024-08-06,690.0,6,2024-02
728,2024-02-22,11000.0,14680.0,2024-02-29,612.0,0,2024-02
728,2024-02-22,11000.0,14680.0,2024-03-07,612.0,1,2024-02
728,2024-02-22,11000.0,14680.0,2024-03-14,612.0,1,2024-02
728,2024-02-22,11000.0,14680.0,2024-03-21,612.0,1,2024-02
728,2024-02-22,11000.0,14680.0,2024-03-28,612.0,1,2024-02
728,2024-02-22,11000.0,14680.0,2024-04-04,612.0,2,2024-02
728,2024-02-22,11000.0,14680.0,2024-04-11,612.0,2,2024-02
728,2024-02-22,11000.0,14680.0,2024-04-18,612.0,2,2024-02
728,2024-02-22,11000.0,14680.0,2024-04-25,100.0,2,2024-02
728,2024-02-22,11000.0,14680.0,2024-05-02,2000.0,3,2024-02
728,2024-02-22,11000.0,14680.0,2024-05-09,0.0,3,2024-02
728,2024-02-22,11000.0,14680.0,2024-05-16,100.0,3,2024-02
728,2024-02-22,11000.0,14680.0,2024-05-23,100.0,3,2024-02
728,2024-02-22,11000.0,14680.0,2024-05-30,100.0,3,2024-02
728,2024-02-22,11000.0,14680.0,2024-06-06,2148.0,4,2024-02
728,2024-02-22,11000.0,14680.0,2024-06-13,612.0,4,2024-02
728,2024-02-22,11000.0,14680.0,2024-06-20,100.0,4,2024-02
728,2024-02-22,11000.0,14680.0,2024-06-27,612.0,4,2024-02
728,2024-02-22,11000.0,14680.0,2024-07-04,100.0,5,2024-02
728,2024-02-22,11000.0,14680.0,2024-07-11,612.0,5,2024-02
728,2024-02-22,11000.0,14680.0,2024-07-18,612.0,5,2024-02
728,2024-02-22,11000.0,14680.0,2024-07-25,612.0,5,2024-02
728,2024-02-22,11000.0,14680.0,2024-08-01,100.0,6,2024-02
728,2024-02-22,11000.0,14680.0,2024-08-08,1985.0,6,2024-02
729,2024-02-27,16100.0,21390.0,2024-03-05,892.0,1,2024-02
729,2024-02-27,16100.0,21390.0,2024-03-12,892.0,1,2024-02
729,2024-02-27,16100.0,21390.0,2024-03-19,892.0,1,2024-02
729,2024-02-27,16100.0,21390.0,2024-03-26,892.0,1,2024-02
729,2024-02-27,16100.0,21390.0,2024-04-02,892.0,2,2024-02
729,2024-02-27,16100.0,21390.0,2024-04-09,892.0,2,2024-02
729,2024-02-27,16100.0,21390.0,2024-04-16,892.0,2,2024-02
729,2024-02-27,16100.0,21390.0,2024-04-23,892.0,2,2024-02
729,2024-02-27,16100.0,21390.0,2024-04-30,892.0,2,2024-02
729,2024-02-27,16100.0,21390.0,2024-05-07,892.0,3,2024-02
729,2024-02-27,16100.0,21390.0,2024-05-14,892.0,3,2024-02
729,2024-02-27,16100.0,21390.0,2024-05-21,892.0,3,2024-02
729,2024-02-27,16100.0,21390.0,2024-05-28,892.0,3,2024-02
729,2024-02-27,16100.0,21390.0,2024-06-04,892.0,4,2024-02
729,2024-02-27,16100.0,21390.0,2024-06-11,892.0,4,2024-02
729,2024-02-27,16100.0,21390.0,2024-06-18,891.0,4,2024-02
729,2024-02-27,16100.0,21390.0,2024-06-25,891.0,4,2024-02
729,2024-02-27,16100.0,21390.0,2024-07-02,891.0,5,2024-02
729,2024-02-27,16100.0,21390.0,2024-07-09,891.0,5,2024-02
729,2024-02-27,16100.0,21390.0,2024-07-16,891.0,5,2024-02
729,2024-02-27,16100.0,21390.0,2024-07-23,0.0,5,2024-02
729,2024-02-27,16100.0,21390.0,2024-07-30,1000.0,5,2024-02
729,2024-02-27,16100.0,21390.0,2024-08-06,1000.0,6,2024-02
729,2024-02-27,16100.0,21390.0,2024-08-13,1555.0,6,2024-02
730,2024-02-27,11200.0,14880.0,2024-03-05,620.0,1,2024-02
730,2024-02-27,11200.0,14880.0,2024-03-12,620.0,1,2024-02
730,2024-02-27,11200.0,14880.0,2024-03-19,620.0,1,2024-02
730,2024-02-27,11200.0,14880.0,2024-03-26,620.0,1,2024-02
730,2024-02-27,11200.0,14880.0,2024-04-02,620.0,2,2024-02
730,2024-02-27,11200.0,14880.0,2024-04-09,620.0,2,2024-02
730,2024-02-27,11200.0,14880.0,2024-04-16,620.0,2,2024-02
730,2024-02-27,11200.0,14880.0,2024-04-23,620.0,2,2024-02
730,2024-02-27,11200.0,14880.0,2024-04-30,620.0,2,2024-02
730,2024-02-27,11200.0,14880.0,2024-05-07,620.0,3,2024-02
730,2024-02-27,11200.0,14880.0,2024-05-14,620.0,3,2024-02
730,2024-02-27,11200.0,14880.0,2024-05-21,620.0,3,2024-02
730,2024-02-27,11200.0,14880.0,2024-05-28,620.0,3,2024-02
730,2024-02-27,11200.0,14880.0,2024-06-04,620.0,4,2024-02
730,2024-02-27,11200.0,14880.0,2024-06-11,620.0,4,2024-02
730,2024-02-27,11200.0,14880.0,2024-06-18,620.0,4,2024-02
730,2024-02-27,11200.0,14880.0,2024-06-25,620.0,4,2024-02
730,2024-02-27,11200.0,14880.0,2024-07-02,620.0,5,2024-02
730,2024-02-27,11200.0,14880.0,2024-07-09,620.0,5,2024-02
730,2024-02-27,11200.0,14880.0,2024-07-16,620.0,5,2024-02
730,2024-02-27,11200.0,14880.0,2024-07-23,0.0,5,2024-02
730,2024-02-27,11200.0,14880.0,2024-07-30,1240.0,5,2024-02
730,2024-02-27,11200.0,14880.0,2024-08-06,620.0,6,2024-02
730,2024-02-27,11200.0,14880.0,2024-08-13,620.0,6,2024-02
731,2024-02-27,8400.0,11220.0,2024-03-05,468.0,1,2024-02
731,2024-02-27,8400.0,11220.0,2024-03-12,468.0,1,2024-02
731,2024-02-27,8400.0,11220.0,2024-03-19,468.0,1,2024-02
731,2024-02-27,8400.0,11220.0,2024-03-26,468.0,1,2024-02
731,2024-02-27,8400.0,11220.0,2024-04-02,468.0,2,2024-02
731,2024-02-27,8400.0,11220.0,2024-04-09,468.0,2,2024-02
731,2024-02-27,8400.0,11220.0,2024-04-16,467.0,2,2024-02
731,2024-02-27,8400.0,11220.0,2024-04-23,467.0,2,2024-02
731,2024-02-27,8400.0,11220.0,2024-04-30,468.0,2,2024-02
731,2024-02-27,8400.0,11220.0,2024-05-07,470.0,3,2024-02
731,2024-02-27,8400.0,11220.0,2024-05-14,468.0,3,2024-02
731,2024-02-27,8400.0,11220.0,2024-05-21,468.0,3,2024-02
731,2024-02-27,8400.0,11220.0,2024-05-28,500.0,3,2024-02
731,2024-02-27,8400.0,11220.0,2024-06-04,500.0,4,2024-02
731,2024-02-27,8400.0,11220.0,2024-06-11,500.0,4,2024-02
731,2024-02-27,8400.0,11220.0,2024-06-18,460.0,4,2024-02
731,2024-02-27,8400.0,11220.0,2024-06-25,500.0,4,2024-02
731,2024-02-27,8400.0,11220.0,2024-07-02,500.0,5,2024-02
731,2024-02-27,8400.0,11220.0,2024-07-09,2644.0,5,2024-02
733,2024-03-03,7800.0,10440.0,2024-03-10,435.0,0,2024-03
733,2024-03-03,7800.0,10440.0,2024-03-17,435.0,0,2024-03
733,2024-03-03,7800.0,10440.0,2024-03-24,435.0,0,2024-03
733,2024-03-03,7800.0,10440.0,2024-03-31,435.0,0,2024-03
733,2024-03-03,7800.0,10440.0,2024-04-07,435.0,1,2024-03
733,2024-03-03,7800.0,10440.0,2024-04-14,435.0,1,2024-03
733,2024-03-03,7800.0,10440.0,2024-04-21,435.0,1,2024-03
733,2024-03-03,7800.0,10440.0,2024-04-28,435.0,1,2024-03
733,2024-03-03,7800.0,10440.0,2024-05-05,435.0,2,2024-03
733,2024-03-03,7800.0,10440.0,2024-05-12,435.0,2,2024-03
733,2024-03-03,7800.0,10440.0,2024-05-19,435.0,2,2024-03
733,2024-03-03,7800.0,10440.0,2024-05-26,435.0,2,2024-03
733,2024-03-03,7800.0,10440.0,2024-06-02,435.0,3,2024-03
733,2024-03-03,7800.0,10440.0,2024-06-09,435.0,3,2024-03
733,2024-03-03,7800.0,10440.0,2024-06-16,435.0,3,2024-03
733,2024-03-03,7800.0,10440.0,2024-06-23,435.0,3,2024-03
733,2024-03-03,7800.0,10440.0,2024-06-30,435.0,3,2024-03
733,2024-03-03,7800.0,10440.0,2024-07-07,435.0,4,2024-03
733,2024-03-03,7800.0,10440.0,2024-07-14,435.0,4,2024-03
733,2024-03-03,7800.0,10440.0,2024-07-21,0.0,4,2024-03
733,2024-03-03,7800.0,10440.0,2024-07-28,435.0,4,2024-03
733,2024-03-03,7800.0,10440.0,2024-08-04,870.0,5,2024-03
733,2024-03-03,7800.0,10440.0,2024-08-11,435.0,5,2024-03
733,2024-03-03,7800.0,10440.0,2024-08-18,435.0,5,2024-03
734,2024-03-03,21450.0,28215.0,2024-03-10,1176.0,0,2024-03
734,2024-03-03,21450.0,28215.0,2024-03-17,1176.0,0,2024-03
734,2024-03-03,21450.0,28215.0,2024-03-24,1176.0,0,2024-03
734,2024-03-03,21450.0,28215.0,2024-03-31,1176.0,0,2024-03
734,2024-03-03,21450.0,28215.0,2024-04-07,1176.0,1,2024-03
734,2024-03-03,21450.0,28215.0,2024-04-14,1176.0,1,2024-03
734,2024-03-03,21450.0,28215.0,2024-04-21,1176.0,1,2024-03
734,2024-03-03,21450.0,28215.0,2024-04-28,1176.0,1,2024-03
734,2024-03-03,21450.0,28215.0,2024-05-05,1176.0,2,2024-03
734,2024-03-03,21450.0,28215.0,2024-05-12,1176.0,2,2024-03
734,2024-03-03,21450.0,28215.0,2024-05-19,1176.0,2,2024-03
734,2024-03-03,21450.0,28215.0,2024-05-26,1176.0,2,2024-03
734,2024-03-03,21450.0,28215.0,2024-06-02,1176.0,3,2024-03
734,2024-03-03,21450.0,28215.0,2024-06-09,1176.0,3,2024-03
734,2024-03-03,21450.0,28215.0,2024-06-16,1176.0,3,2024-03
734,2024-03-03,21450.0,28215.0,2024-06-23,1176.0,3,2024-03
734,2024-03-03,21450.0,28215.0,2024-06-30,1176.0,3,2024-03
734,2024-03-03,21450.0,28215.0,2024-07-07,1176.0,4,2024-03
734,2024-03-03,21450.0,28215.0,2024-07-14,1176.0,4,2024-03
734,2024-03-03,21450.0,28215.0,2024-07-21,0.0,4,2024-03
734,2024-03-03,21450.0,28215.0,2024-07-28,1600.0,4,2024-03
734,2024-03-03,21450.0,28215.0,2024-08-04,1400.0,5,2024-03
734,2024-03-03,21450.0,28215.0,2024-08-11,1250.0,5,2024-03
734,2024-03-03,21450.0,28215.0,2024-10-28,1621.0,7,2024-03
735,2024-03-04,9520.0,12720.0,2024-03-11,530.0,0,2024-03
735,2024-03-04,9520.0,12720.0,2024-03-18,530.0,0,2024-03
735,2024-03-04,9520.0,12720.0,2024-03-25,530.0,0,2024-03
735,2024-03-04,9520.0,12720.0,2024-04-01,530.0,1,2024-03
735,2024-03-04,9520.0,12720.0,2024-04-08,530.0,1,2024-03
735,2024-03-04,9520.0,12720.0,2024-04-15,530.0,1,2024-03
735,2024-03-04,9520.0,12720.0,2024-04-22,530.0,1,2024-03
735,2024-03-04,9520.0,12720.0,2024-04-29,530.0,1,2024-03
735,2024-03-04,9520.0,12720.0,2024-05-06,0.0,2,2024-03
735,2024-03-04,9520.0,12720.0,2024-05-13,0.0,2,2024-03
735,2024-03-04,9520.0,12720.0,2024-05-20,0.0,2,2024-03
735,2024-03-04,9520.0,12720.0,2024-05-27,0.0,2,2024-03
735,2024-03-04,9520.0,12720.0,2024-06-03,0.0,3,2024-03
735,2024-03-04,9520.0,12720.0,2024-06-10,0.0,3,2024-03
735,2024-03-04,9520.0,12720.0,2024-06-17,0.0,3,2024-03
735,2024-03-04,9520.0,12720.0,2024-06-24,0.0,3,2024-03
735,2024-03-04,9520.0,12720.0,2024-07-01,0.0,4,2024-03
735,2024-03-04,9520.0,12720.0,2024-07-08,0.0,4,2024-03
735,2024-03-04,9520.0,12720.0,2024-07-15,3180.0,4,2024-03
735,2024-03-04,9520.0,12720.0,2024-07-22,0.0,4,2024-03
735,2024-03-04,9520.0,12720.0,2024-07-29,0.0,4,2024-03
735,2024-03-04,9520.0,12720.0,2024-08-05,0.0,5,2024-03
735,2024-03-04,9520.0,12720.0,2024-08-12,2120.0,5,2024-03
735,2024-03-04,9520.0,12720.0,2024-08-19,1060.0,5,2024-03
735,2024-03-04,9520.0,12720.0,2024-08-26,0.0,5,2024-03
735,2024-03-04,9520.0,12720.0,2024-09-02,2000.0,6,2024-03
735,2024-03-04,9520.0,12720.0,2024-09-09,0.0,6,2024-03
735,2024-03-04,9520.0,12720.0,2024-09-16,520.0,6,2024-03
736,2024-03-04,11920.0,15835.0,2024-03-11,660.0,0,2024-03
736,2024-03-04,11920.0,15835.0,2024-03-18,660.0,0,2024-03
736,2024-03-04,11920.0,15835.0,2024-03-25,660.0,0,2024-03
736,2024-03-04,11920.0,15835.0,2024-04-01,660.0,1,2024-03
736,2024-03-04,11920.0,15835.0,2024-04-08,660.0,1,2024-03
736,2024-03-04,11920.0,15835.0,2024-04-15,660.0,1,2024-03
736,2024-03-04,11920.0,15835.0,2024-04-22,660.0,1,2024-03
736,2024-03-04,11920.0,15835.0,2024-04-29,660.0,1,2024-03
736,2024-03-04,11920.0,15835.0,2024-05-06,660.0,2,2024-03
736,2024-03-04,11920.0,15835.0,2024-05-13,660.0,2,2024-03
736,2024-03-04,11920.0,15835.0,2024-05-20,660.0,2,2024-03
736,2024-03-04,11920.0,15835.0,2024-05-27,660.0,2,2024-03
736,2024-03-04,11920.0,15835.0,2024-06-03,660.0,3,2024-03
736,2024-03-04,11920.0,15835.0,2024-06-10,660.0,3,2024-03
736,2024-03-04,11920.0,15835.0,2024-06-17,660.0,3,2024-03
736,2024-03-04,11920.0,15835.0,2024-06-24,660.0,3,2024-03
736,2024-03-04,11920.0,15835.0,2024-07-01,660.0,4,2024-03
736,2024-03-04,11920.0,15835.0,2024-07-08,660.0,4,2024-03
736,2024-03-04,11920.0,15835.0,2024-07-15,660.0,4,2024-03
736,2024-03-04,11920.0,15835.0,2024-07-22,0.0,4,2024-03
736,2024-03-04,11920.0,15835.0,2024-07-29,900.0,4,2024-03
736,2024-03-04,11920.0,15835.0,2024-08-05,0.0,5,2024-03
736,2024-03-04,11920.0,15835.0,2024-08-12,1200.0,5,2024-03
736,2024-03-04,11920.0,15835.0,2024-08-19,1195.0,5,2024-03
737,2024-03-04,10580.0,14030.0,2024-03-11,585.0,0,2024-03
737,2024-03-04,10580.0,14030.0,2024-03-18,585.0,0,2024-03
737,2024-03-04,10580.0,14030.0,2024-03-25,585.0,0,2024-03
737,2024-03-04,10580.0,14030.0,2024-04-01,585.0,1,2024-03
737,2024-03-04,10580.0,14030.0,2024-04-08,585.0,1,2024-03
737,2024-03-04,10580.0,14030.0,2024-04-15,585.0,1,2024-03
737,2024-03-04,10580.0,14030.0,2024-04-22,585.0,1,2024-03
737,2024-03-04,10580.0,14030.0,2024-04-29,585.0,1,2024-03
737,2024-03-04,10580.0,14030.0,2024-05-06,585.0,2,2024-03
737,2024-03-04,10580.0,14030.0,2024-05-13,585.0,2,2024-03
737,2024-03-04,10580.0,14030.0,2024-05-20,585.0,2,2024-03
737,2024-03-04,10580.0,14030.0,2024-05-27,585.0,2,2024-03
737,2024-03-04,10580.0,14030.0,2024-06-03,585.0,3,2024-03
737,2024-03-04,10580.0,14030.0,2024-06-10,585.0,3,2024-03
737,2024-03-04,10580.0,14030.0,2024-06-17,585.0,3,2024-03
737,2024-03-04,10580.0,14030.0,2024-06-24,585.0,3,2024-03
737,2024-03-04,10580.0,14030.0,2024-07-01,585.0,4,2024-03
737,2024-03-04,10580.0,14030.0,2024-07-08,585.0,4,2024-03
737,2024-03-04,10580.0,14030.0,2024-07-15,585.0,4,2024-03
737,2024-03-04,10580.0,14030.0,2024-07-22,0.0,4,2024-03
737,2024-03-04,10580.0,14030.0,2024-07-29,700.0,4,2024-03
737,2024-03-04,10580.0,14030.0,2024-08-05,585.0,5,2024-03
737,2024-03-04,10580.0,14030.0,2024-08-12,1630.0,5,2024-03
738,2024-03-04,9520.0,12720.0,2024-03-11,530.0,0,2024-03
738,2024-03-04,9520.0,12720.0,2024-03-18,530.0,0,2024-03
738,2024-03-04,9520.0,12720.0,2024-03-25,530.0,0,2024-03
738,2024-03-04,9520.0,12720.0,2024-04-01,530.0,1,2024-03
738,2024-03-04,9520.0,12720.0,2024-04-08,530.0,1,2024-03
738,2024-03-04,9520.0,12720.0,2024-04-15,530.0,1,2024-03
738,2024-03-04,9520.0,12720.0,2024-04-22,530.0,1,2024-03
738,2024-03-04,9520.0,12720.0,2024-04-29,530.0,1,2024-03
738,2024-03-04,9520.0,12720.0,2024-05-06,530.0,2,2024-03
738,2024-03-04,9520.0,12720.0,2024-05-13,530.0,2,2024-03
738,2024-03-04,9520.0,12720.0,2024-05-20,530.0,2,2024-03
738,2024-03-04,9520.0,12720.0,2024-05-27,530.0,2,2024-03
738,2024-03-04,9520.0,12720.0,2024-06-03,530.0,3,2024-03
738,2024-03-04,9520.0,12720.0,2024-06-10,530.0,3,2024-03
738,2024-03-04,9520.0,12720.0,2024-06-17,530.0,3,2024-03
738,2024-03-04,9520.0,12720.0,2024-06-24,530.0,3,2024-03
738,2024-03-04,9520.0,12720.0,2024-07-01,530.0,4,2024-03
738,2024-03-04,9520.0,12720.0,2024-07-08,530.0,4,2024-03
738,2024-03-04,9520.0,12720.0,2024-07-15,530.0,4,2024-03
738,2024-03-04,9520.0,12720.0,2024-07-22,0.0,4,2024-03
738,2024-03-04,9520.0,12720.0,2024-07-29,1060.0,4,2024-03
738,2024-03-04,9520.0,12720.0,2024-08-05,530.0,5,2024-03
738,2024-03-04,9520.0,12720.0,2024-08-12,530.0,5,2024-03
738,2024-03-04,9520.0,12720.0,2024-08-19,530.0,5,2024-03
739,2024-03-05,8710.0,11635.0,2024-03-12,485.0,0,2024-03
739,2024-03-05,8710.0,11635.0,2024-03-19,485.0,0,2024-03
739,2024-03-05,8710.0,11635.0,2024-03-26,485.0,0,2024-03
739,2024-03-05,8710.0,11635.0,2024-04-02,485.0,1,2024-03
739,2024-03-05,8710.0,11635.0,2024-04-09,485.0,1,2024-03
739,2024-03-05,8710.0,11635.0,2024-04-16,485.0,1,2024-03
739,2024-03-05,8710.0,11635.0,2024-04-23,485.0,1,2024-03
739,2024-03-05,8710.0,11635.0,2024-04-30,485.0,1,2024-03
739,2024-03-05,8710.0,11635.0,2024-05-07,0.0,2,2024-03
739,2024-03-05,8710.0,11635.0,2024-05-14,0.0,2,2024-03
739,2024-03-05,8710.0,11635.0,2024-05-21,0.0,2,2024-03
739,2024-03-05,8710.0,11635.0,2024-05-28,0.0,2,2024-03
739,2024-03-05,8710.0,11635.0,2024-06-04,0.0,3,2024-03
739,2024-03-05,8710.0,11635.0,2024-06-11,0.0,3,2024-03
739,2024-03-05,8710.0,11635.0,2024-06-18,0.0,3,2024-03
739,2024-03-05,8710.0,11635.0,2024-06-25,0.0,3,2024-03
739,2024-03-05,8710.0,11635.0,2024-07-02,2000.0,4,2024-03
739,2024-03-05,8710.0,11635.0,2024-07-09,0.0,4,2024-03
739,2024-03-05,8710.0,11635.0,2024-07-16,0.0,4,2024-03
739,2024-03-05,8710.0,11635.0,2024-07-23,0.0,4,2024-03
739,2024-03-05,8710.0,11635.0,2024-07-30,0.0,4,2024-03
739,2024-03-05,8710.0,11635.0,2024-08-06,0.0,5,2024-03
739,2024-03-05,8710.0,11635.0,2024-08-13,0.0,5,2024-03
739,2024-03-05,8710.0,11635.0,2024-08-20,0.0,5,2024-03
739,2024-03-05,8710.0,11635.0,2024-08-27,0.0,5,2024-03
739,2024-03-05,8710.0,11635.0,2024-09-03,0.0,6,2024-03
739,2024-03-05,8710.0,11635.0,2024-09-10,0.0,6,2024-03
739,2024-03-05,8710.0,11635.0,2024-09-17,0.0,6,2024-03
739,2024-03-05,8710.0,11635.0,2024-09-24,0.0,6,2024-03
739,2024-03-05,8710.0,11635.0,2024-10-01,0.0,7,2024-03
739,2024-03-05,8710.0,11635.0,2024-10-08,2000.0,7,2024-03
739,2024-03-05,8710.0,11635.0,2024-10-15,0.0,7,2024-03
739,2024-03-05,8710.0,11635.0,2024-10-28,0.0,7,2024-03
739,2024-03-05,8710.0,11635.0,2024-10-29,2200.0,7,2024-03
739,2024-03-05,8710.0,11635.0,2024-11-05,0.0,8,2024-03
739,2024-03-05,8710.0,11635.0,2024-11-12,0.0,8,2024-03
739,2024-03-05,8710.0,11635.0,2024-11-19,0.0,8,2024-03
739,2024-03-05,8710.0,11635.0,2024-11-26,0.0,8,2024-03
739,2024-03-05,8710.0,11635.0,2024-12-01,1500.0,9,2024-03
740,2024-03-05,10580.0,14030.0,2024-03-12,585.0,0,2024-03
740,2024-03-05,10580.0,14030.0,2024-03-19,585.0,0,2024-03
740,2024-03-05,10580.0,14030.0,2024-03-26,585.0,0,2024-03
740,2024-03-05,10580.0,14030.0,2024-04-02,585.0,1,2024-03
740,2024-03-05,10580.0,14030.0,2024-04-09,585.0,1,2024-03
740,2024-03-05,10580.0,14030.0,2024-04-16,585.0,1,2024-03
740,2024-03-05,10580.0,14030.0,2024-04-23,585.0,1,2024-03
740,2024-03-05,10580.0,14030.0,2024-04-30,585.0,1,2024-03
740,2024-03-05,10580.0,14030.0,2024-05-07,585.0,2,2024-03
740,2024-03-05,10580.0,14030.0,2024-05-14,585.0,2,2024-03
740,2024-03-05,10580.0,14030.0,2024-05-21,585.0,2,2024-03
740,2024-03-05,10580.0,14030.0,2024-05-28,0.0,2,2024-03
740,2024-03-05,10580.0,14030.0,2024-06-04,0.0,3,2024-03
740,2024-03-05,10580.0,14030.0,2024-06-11,0.0,3,2024-03
740,2024-03-05,10580.0,14030.0,2024-06-18,0.0,3,2024-03
740,2024-03-05,10580.0,14030.0,2024-06-25,1000.0,3,2024-03
740,2024-03-05,10580.0,14030.0,2024-07-02,800.0,4,2024-03
740,2024-03-05,10580.0,14030.0,2024-07-09,600.0,4,2024-03
740,2024-03-05,10580.0,14030.0,2024-07-16,600.0,4,2024-03
740,2024-03-05,10580.0,14030.0,2024-07-23,0.0,4,2024-03
740,2024-03-05,10580.0,14030.0,2024-07-30,600.0,4,2024-03
740,2024-03-05,10580.0,14030.0,2024-08-06,600.0,5,2024-03
740,2024-03-05,10580.0,14030.0,2024-08-13,600.0,5,2024-03
740,2024-03-05,10580.0,14030.0,2024-08-20,900.0,5,2024-03
740,2024-03-05,10580.0,14030.0,2024-08-27,0.0,5,2024-03
740,2024-03-05,10580.0,14030.0,2024-09-03,1000.0,6,2024-03
740,2024-03-05,10580.0,14030.0,2024-09-10,1000.0,6,2024-03
740,2024-03-05,10580.0,14030.0,2024-09-17,300.0,6,2024-03
741,2024-03-05,10520.0,14040.0,2024-03-12,2340.0,0,2024-03
741,2024-03-05,10520.0,14040.0,2024-03-19,0.0,0,2024-03
741,2024-03-05,10520.0,14040.0,2024-03-26,0.0,0,2024-03
741,2024-03-05,10520.0,14040.0,2024-04-02,0.0,1,2024-03
741,2024-03-05,10520.0,14040.0,2024-04-09,2340.0,1,2024-03
741,2024-03-05,10520.0,14040.0,2024-04-16,0.0,1,2024-03
741,2024-03-05,10520.0,14040.0,2024-04-23,0.0,1,2024-03
741,2024-03-05,10520.0,14040.0,2024-04-30,0.0,1,2024-03
741,2024-03-05,10520.0,14040.0,2024-05-07,2340.0,2,2024-03
741,2024-03-05,10520.0,14040.0,2024-05-14,0.0,2,2024-03
741,2024-03-05,10520.0,14040.0,2024-05-21,0.0,2,2024-03
741,2024-03-05,10520.0,14040.0,2024-05-28,0.0,2,2024-03
741,2024-03-05,10520.0,14040.0,2024-06-04,2340.0,3,2024-03
741,2024-03-05,10520.0,14040.0,2024-06-11,0.0,3,2024-03
741,2024-03-05,10520.0,14040.0,2024-06-18,0.0,3,2024-03
741,2024-03-05,10520.0,14040.0,2024-06-25,0.0,3,2024-03
741,2024-03-05,10520.0,14040.0,2024-07-02,2340.0,4,2024-03
741,2024-03-05,10520.0,14040.0,2024-07-09,0.0,4,2024-03
741,2024-03-05,10520.0,14040.0,2024-07-16,0.0,4,2024-03
741,2024-03-05,10520.0,14040.0,2024-07-23,0.0,4,2024-03
741,2024-03-05,10520.0,14040.0,2024-07-30,2340.0,4,2024-03
741,2024-03-05,10520.0,14040.0,2024-08-06,0.0,5,2024-03
741,2024-03-05,10520.0,14040.0,2024-08-13,0.0,5,2024-03
741,2024-03-05,10520.0,14040.0,2024-08-20,0.0,5,2024-03
742,2024-03-05,13580.0,17950.0,2024-03-12,748.0,0,2024-03
742,2024-03-05,13580.0,17950.0,2024-03-19,748.0,0,2024-03
742,2024-03-05,13580.0,17950.0,2024-03-26,748.0,0,2024-03
742,2024-03-05,13580.0,17950.0,2024-04-02,748.0,1,2024-03
742,2024-03-05,13580.0,17950.0,2024-04-09,748.0,1,2024-03
742,2024-03-05,13580.0,17950.0,2024-04-16,748.0,1,2024-03
742,2024-03-05,13580.0,17950.0,2024-04-23,748.0,1,2024-03
742,2024-03-05,13580.0,17950.0,2024-04-30,748.0,1,2024-03
742,2024-03-05,13580.0,17950.0,2024-05-07,748.0,2,2024-03
742,2024-03-05,13580.0,17950.0,2024-05-14,748.0,2,2024-03
742,2024-03-05,13580.0,17950.0,2024-05-21,748.0,2,2024-03
742,2024-03-05,13580.0,17950.0,2024-05-28,748.0,2,2024-03
742,2024-03-05,13580.0,17950.0,2024-06-04,748.0,3,2024-03
742,2024-03-05,13580.0,17950.0,2024-06-11,748.0,3,2024-03
742,2024-03-05,13580.0,17950.0,2024-06-18,748.0,3,2024-03
742,2024-03-05,13580.0,17950.0,2024-06-25,748.0,3,2024-03
742,2024-03-05,13580.0,17950.0,2024-07-02,748.0,4,2024-03
742,2024-03-05,13580.0,17950.0,2024-07-09,748.0,4,2024-03
742,2024-03-05,13580.0,17950.0,2024-07-16,748.0,4,2024-03
742,2024-03-05,13580.0,17950.0,2024-07-23,0.0,4,2024-03
742,2024-03-05,13580.0,17950.0,2024-07-30,1000.0,4,2024-03
742,2024-03-05,13580.0,17950.0,2024-08-06,0.0,5,2024-03
742,2024-03-05,13580.0,17950.0,2024-08-13,1000.0,5,2024-03
742,2024-03-05,13580.0,17950.0,2024-08-20,1000.0,5,2024-03
742,2024-03-05,13580.0,17950.0,2024-08-27,0.0,5,2024-03
742,2024-03-05,13580.0,17950.0,2024-09-03,0.0,6,2024-03
742,2024-03-05,13580.0,17950.0,2024-09-10,1038.0,6,2024-03
743,2024-03-06,9520.0,12670.0,2024-03-15,528.0,0,2024-03
743,2024-03-06,9520.0,12670.0,2024-03-22,528.0,0,2024-03
743,2024-03-06,9520.0,12670.0,2024-03-29,528.0,0,2024-03
743,2024-03-06,9520.0,12670.0,2024-04-05,528.0,1,2024-03
743,2024-03-06,9520.0,12670.0,2024-04-12,528.0,1,2024-03
743,2024-03-06,9520.0,12670.0,2024-04-19,528.0,1,2024-03
743,2024-03-06,9520.0,12670.0,2024-04-26,528.0,1,2024-03
743,2024-03-06,9520.0,12670.0,2024-05-03,528.0,2,2024-03
743,2024-03-06,9520.0,12670.0,2024-05-10,528.0,2,2024-03
743,2024-03-06,9520.0,12670.0,2024-05-17,428.0,2,2024-03
743,2024-03-06,9520.0,12670.0,2024-05-24,628.0,2,2024-03
743,2024-03-06,9520.0,12670.0,2024-05-31,528.0,2,2024-03
743,2024-03-06,9520.0,12670.0,2024-06-07,500.0,3,2024-03
743,2024-03-06,9520.0,12670.0,2024-06-14,556.0,3,2024-03
743,2024-03-06,9520.0,12670.0,2024-06-21,520.0,3,2024-03
743,2024-03-06,9520.0,12670.0,2024-06-28,536.0,3,2024-03
743,2024-03-06,9520.0,12670.0,2024-07-05,528.0,4,2024-03
743,2024-03-06,9520.0,12670.0,2024-07-12,528.0,4,2024-03
743,2024-03-06,9520.0,12670.0,2024-07-19,0.0,4,2024-03
743,2024-03-06,9520.0,12670.0,2024-07-26,0.0,4,2024-03
743,2024-03-06,9520.0,12670.0,2024-08-02,1056.0,5,2024-03
743,2024-03-06,9520.0,12670.0,2024-08-09,0.0,5,2024-03
743,2024-03-06,9520.0,12670.0,2024-08-16,1056.0,5,2024-03
743,2024-03-06,9520.0,12670.0,2024-10-28,1054.0,7,2024-03
744,2024-03-06,10880.0,14480.0,2024-03-15,604.0,0,2024-03
744,2024-03-06,10880.0,14480.0,2024-03-22,604.0,0,2024-03
744,2024-03-06,10880.0,14480.0,2024-03-29,604.0,0,2024-03
744,2024-03-06,10880.0,14480.0,2024-04-05,604.0,1,2024-03
744,2024-03-06,10880.0,14480.0,2024-04-12,604.0,1,2024-03
744,2024-03-06,10880.0,14480.0,2024-04-19,604.0,1,2024-03
744,2024-03-06,10880.0,14480.0,2024-04-26,500.0,1,2024-03
744,2024-03-06,10880.0,14480.0,2024-05-03,704.0,2,2024-03
744,2024-03-06,10880.0,14480.0,2024-05-10,604.0,2,2024-03
744,2024-03-06,10880.0,14480.0,2024-05-17,604.0,2,2024-03
744,2024-03-06,10880.0,14480.0,2024-05-24,604.0,2,2024-03
744,2024-03-06,10880.0,14480.0,2024-05-31,604.0,2,2024-03
744,2024-03-06,10880.0,14480.0,2024-06-07,604.0,3,2024-03
744,2024-03-06,10880.0,14480.0,2024-06-14,504.0,3,2024-03
744,2024-03-06,10880.0,14480.0,2024-06-21,504.0,3,2024-03
744,2024-03-06,10880.0,14480.0,2024-06-28,804.0,3,2024-03
744,2024-03-06,10880.0,14480.0,2024-07-05,604.0,4,2024-03
744,2024-03-06,10880.0,14480.0,2024-07-12,604.0,4,2024-03
744,2024-03-06,10880.0,14480.0,2024-07-19,0.0,4,2024-03
744,2024-03-06,10880.0,14480.0,2024-07-26,0.0,4,2024-03
744,2024-03-06,10880.0,14480.0,2024-08-02,1208.0,5,2024-03
744,2024-03-06,10880.0,14480.0,2024-08-09,0.0,5,2024-03
744,2024-03-06,10880.0,14480.0,2024-08-16,604.0,5,2024-03
744,2024-03-06,10880.0,14480.0,2024-08-23,604.0,5,2024-03
744,2024-03-06,10880.0,14480.0,2024-08-30,700.0,5,2024-03
744,2024-03-06,10880.0,14480.0,2024-09-06,696.0,6,2024-03
745,2024-03-06,15080.0,19910.0,2024-03-13,5000.0,0,2024-03
745,2024-03-06,15080.0,19910.0,2024-03-20,0.0,0,2024-03
745,2024-03-06,15080.0,19910.0,2024-03-27,0.0,0,2024-03
745,2024-03-06,15080.0,19910.0,2024-04-03,0.0,1,2024-03
745,2024-03-06,15080.0,19910.0,2024-04-10,0.0,1,2024-03
745,2024-03-06,15080.0,19910.0,2024-04-17,0.0,1,2024-03
745,2024-03-06,15080.0,19910.0,2024-04-24,815.0,1,2024-03
745,2024-03-06,15080.0,19910.0,2024-05-01,850.0,2,2024-03
745,2024-03-06,15080.0,19910.0,2024-05-08,850.0,2,2024-03
745,2024-03-06,15080.0,19910.0,2024-05-15,840.0,2,2024-03
745,2024-03-06,15080.0,19910.0,2024-05-22,830.0,2,2024-03
745,2024-03-06,15080.0,19910.0,2024-05-29,830.0,2,2024-03
745,2024-03-06,15080.0,19910.0,2024-06-05,830.0,3,2024-03
745,2024-03-06,15080.0,19910.0,2024-06-12,830.0,3,2024-03
745,2024-03-06,15080.0,19910.0,2024-06-19,830.0,3,2024-03
745,2024-03-06,15080.0,19910.0,2024-06-26,830.0,3,2024-03
745,2024-03-06,15080.0,19910.0,2024-07-03,830.0,4,2024-03
745,2024-03-06,15080.0,19910.0,2024-07-10,830.0,4,2024-03
745,2024-03-06,15080.0,19910.0,2024-07-17,830.0,4,2024-03
745,2024-03-06,15080.0,19910.0,2024-07-24,0.0,4,2024-03
745,2024-03-06,15080.0,19910.0,2024-07-31,830.0,4,2024-03
745,2024-03-06,15080.0,19910.0,2024-08-07,1500.0,5,2024-03
745,2024-03-06,15080.0,19910.0,2024-08-14,0.0,5,2024-03
745,2024-03-06,15080.0,19910.0,2024-08-21,1760.0,5,2024-03
746,2024-03-06,7640.0,10220.0,2024-03-13,450.0,0,2024-03
746,2024-03-06,7640.0,10220.0,2024-03-20,450.0,0,2024-03
746,2024-03-06,7640.0,10220.0,2024-03-27,900.0,0,2024-03
746,2024-03-06,7640.0,10220.0,2024-04-03,0.0,1,2024-03
746,2024-03-06,7640.0,10220.0,2024-04-10,450.0,1,2024-03
746,2024-03-06,7640.0,10220.0,2024-04-17,450.0,1,2024-03
746,2024-03-06,7640.0,10220.0,2024-04-24,450.0,1,2024-03
746,2024-03-06,7640.0,10220.0,2024-05-01,450.0,2,2024-03
746,2024-03-06,7640.0,10220.0,2024-05-08,450.0,2,2024-03
746,2024-03-06,7640.0,10220.0,2024-05-15,450.0,2,2024-03
746,2024-03-06,7640.0,10220.0,2024-05-22,450.0,2,2024-03
746,2024-03-06,7640.0,10220.0,2024-05-29,450.0,2,2024-03
746,2024-03-06,7640.0,10220.0,2024-06-05,450.0,3,2024-03
746,2024-03-06,7640.0,10220.0,2024-06-12,450.0,3,2024-03
746,2024-03-06,7640.0,10220.0,2024-06-19,450.0,3,2024-03
746,2024-03-06,7640.0,10220.0,2024-06-26,450.0,3,2024-03
746,2024-03-06,7640.0,10220.0,2024-07-03,450.0,4,2024-03
746,2024-03-06,7640.0,10220.0,2024-07-10,450.0,4,2024-03
746,2024-03-06,7640.0,10220.0,2024-07-17,450.0,4,2024-03
746,2024-03-06,7640.0,10220.0,2024-07-24,450.0,4,2024-03
746,2024-03-06,7640.0,10220.0,2024-07-31,500.0,4,2024-03
746,2024-03-06,7640.0,10220.0,2024-08-07,500.0,5,2024-03
746,2024-03-06,7640.0,10220.0,2024-08-14,220.0,5,2024-03
747,2024-03-06,6700.0,9000.0,2024-03-13,450.0,0,2024-03
747,2024-03-06,6700.0,9000.0,2024-03-20,450.0,0,2024-03
747,2024-03-06,6700.0,9000.0,2024-03-27,900.0,0,2024-03
747,2024-03-06,6700.0,9000.0,2024-04-03,0.0,1,2024-03
747,2024-03-06,6700.0,9000.0,2024-04-10,450.0,1,2024-03
747,2024-03-06,6700.0,9000.0,2024-04-17,450.0,1,2024-03
747,2024-03-06,6700.0,9000.0,2024-04-24,450.0,1,2024-03
747,2024-03-06,6700.0,9000.0,2024-05-01,450.0,2,2024-03
747,2024-03-06,6700.0,9000.0,2024-05-08,450.0,2,2024-03
747,2024-03-06,6700.0,9000.0,2024-05-15,450.0,2,2024-03
747,2024-03-06,6700.0,9000.0,2024-05-22,450.0,2,2024-03
747,2024-03-06,6700.0,9000.0,2024-05-29,450.0,2,2024-03
747,2024-03-06,6700.0,9000.0,2024-06-05,450.0,3,2024-03
747,2024-03-06,6700.0,9000.0,2024-06-12,450.0,3,2024-03
747,2024-03-06,6700.0,9000.0,2024-06-19,450.0,3,2024-03
747,2024-03-06,6700.0,9000.0,2024-06-26,450.0,3,2024-03
747,2024-03-06,6700.0,9000.0,2024-07-03,450.0,4,2024-03
747,2024-03-06,6700.0,9000.0,2024-07-10,450.0,4,2024-03
747,2024-03-06,6700.0,9000.0,2024-07-17,450.0,4,2024-03
747,2024-03-06,6700.0,9000.0,2024-07-24,450.0,4,2024-03
748,2024-03-06,15080.0,19910.0,2024-03-13,830.0,0,2024-03
748,2024-03-06,15080.0,19910.0,2024-03-20,830.0,0,2024-03
748,2024-03-06,15080.0,19910.0,2024-03-27,830.0,0,2024-03
748,2024-03-06,15080.0,19910.0,2024-04-03,830.0,1,2024-03
748,2024-03-06,15080.0,19910.0,2024-04-10,830.0,1,2024-03
748,2024-03-06,15080.0,19910.0,2024-04-17,830.0,1,2024-03
748,2024-03-06,15080.0,19910.0,2024-04-24,830.0,1,2024-03
748,2024-03-06,15080.0,19910.0,2024-05-01,830.0,2,2024-03
748,2024-03-06,15080.0,19910.0,2024-05-08,830.0,2,2024-03
748,2024-03-06,15080.0,19910.0,2024-05-15,830.0,2,2024-03
748,2024-03-06,15080.0,19910.0,2024-05-22,830.0,2,2024-03
748,2024-03-06,15080.0,19910.0,2024-05-29,830.0,2,2024-03
748,2024-03-06,15080.0,19910.0,2024-06-05,830.0,3,2024-03
748,2024-03-06,15080.0,19910.0,2024-06-12,830.0,3,2024-03
748,2024-03-06,15080.0,19910.0,2024-06-19,830.0,3,2024-03
748,2024-03-06,15080.0,19910.0,2024-06-26,830.0,3,2024-03
748,2024-03-06,15080.0,19910.0,2024-07-03,830.0,4,2024-03
748,2024-03-06,15080.0,19910.0,2024-07-10,830.0,4,2024-03
748,2024-03-06,15080.0,19910.0,2024-07-17,830.0,4,2024-03
748,2024-03-06,15080.0,19910.0,2024-07-24,0.0,4,2024-03
748,2024-03-06,15080.0,19910.0,2024-07-31,1652.0,4,2024-03
748,2024-03-06,15080.0,19910.0,2024-08-07,830.0,5,2024-03
748,2024-03-06,15080.0,19910.0,2024-08-14,830.0,5,2024-03
748,2024-03-06,15080.0,19910.0,2024-08-21,830.0,5,2024-03
749,2024-03-06,8040.0,10740.0,2024-03-13,448.0,0,2024-03
749,2024-03-06,8040.0,10740.0,2024-03-20,448.0,0,2024-03
749,2024-03-06,8040.0,10740.0,2024-03-27,448.0,0,2024-03
749,2024-03-06,8040.0,10740.0,2024-04-03,448.0,1,2024-03
749,2024-03-06,8040.0,10740.0,2024-04-10,448.0,1,2024-03
749,2024-03-06,8040.0,10740.0,2024-04-17,448.0,1,2024-03
749,2024-03-06,8040.0,10740.0,2024-04-24,448.0,1,2024-03
749,2024-03-06,8040.0,10740.0,2024-05-01,448.0,2,2024-03
749,2024-03-06,8040.0,10740.0,2024-05-08,448.0,2,2024-03
749,2024-03-06,8040.0,10740.0,2024-05-15,448.0,2,2024-03
749,2024-03-06,8040.0,10740.0,2024-05-22,448.0,2,2024-03
749,2024-03-06,8040.0,10740.0,2024-05-29,448.0,2,2024-03
749,2024-03-06,8040.0,10740.0,2024-06-05,448.0,3,2024-03
749,2024-03-06,8040.0,10740.0,2024-06-12,448.0,3,2024-03
749,2024-03-06,8040.0,10740.0,2024-06-19,448.0,3,2024-03
749,2024-03-06,8040.0,10740.0,2024-06-26,448.0,3,2024-03
749,2024-03-06,8040.0,10740.0,2024-07-03,448.0,4,2024-03
749,2024-03-06,8040.0,10740.0,2024-07-10,448.0,4,2024-03
749,2024-03-06,8040.0,10740.0,2024-07-17,448.0,4,2024-03
749,2024-03-06,8040.0,10740.0,2024-07-24,0.0,4,2024-03
749,2024-03-06,8040.0,10740.0,2024-07-31,886.0,4,2024-03
749,2024-03-06,8040.0,10740.0,2024-08-07,357.0,5,2024-03
749,2024-03-06,8040.0,10740.0,2024-08-14,487.0,5,2024-03
749,2024-03-06,8040.0,10740.0,2024-08-21,498.0,5,2024-03
750,2024-03-06,24000.0,31380.0,2024-10-30,1308.0,7,2024-03
750,2024-03-06,24000.0,31380.0,2024-10-30,552.0,7,2024-03
750,2024-03-06,24000.0,31380.0,2024-10-30,0.0,7,2024-03
750,2024-03-06,24000.0,31380.0,2024-10-30,3361.0,7,2024-03
750,2024-03-06,24000.0,31380.0,2024-10-30,358.0,7,2024-03
750,2024-03-06,24000.0,31380.0,2024-10-30,500.0,7,2024-03
750,2024-03-06,24000.0,31380.0,2024-10-30,202.0,7,2024-03
750,2024-03-06,24000.0,31380.0,2024-10-30,600.0,7,2024-03
750,2024-03-06,24000.0,31380.0,2024-10-30,208.0,7,2024-03
750,2024-03-06,24000.0,31380.0,2024-10-30,400.0,7,2024-03
750,2024-03-06,24000.0,31380.0,2024-10-30,300.0,7,2024-03
750,2024-03-06,24000.0,31380.0,2024-10-30,350.0,7,2024-03
750,2024-03-06,24000.0,31380.0,2024-10-30,200.0,7,2024-03
750,2024-03-06,24000.0,31380.0,2024-10-30,505.0,7,2024-03
751,2024-03-09,15180.0,20240.0,2024-03-16,844.0,0,2024-03
751,2024-03-09,15180.0,20240.0,2024-03-23,844.0,0,2024-03
751,2024-03-09,15180.0,20240.0,2024-03-30,844.0,0,2024-03
751,2024-03-09,15180.0,20240.0,2024-04-06,844.0,1,2024-03
751,2024-03-09,15180.0,20240.0,2024-04-13,844.0,1,2024-03
751,2024-03-09,15180.0,20240.0,2024-04-20,844.0,1,2024-03
751,2024-03-09,15180.0,20240.0,2024-04-27,150.0,1,2024-03
751,2024-03-09,15180.0,20240.0,2024-05-04,850.0,2,2024-03
751,2024-03-09,15180.0,20240.0,2024-05-11,1000.0,2,2024-03
751,2024-03-09,15180.0,20240.0,2024-05-18,1369.0,2,2024-03
751,2024-03-09,15180.0,20240.0,2024-05-25,851.0,2,2024-03
751,2024-03-09,15180.0,20240.0,2024-06-01,500.0,3,2024-03
751,2024-03-09,15180.0,20240.0,2024-06-08,1000.0,3,2024-03
751,2024-03-09,15180.0,20240.0,2024-06-15,2502.0,3,2024-03
751,2024-03-09,15180.0,20240.0,2024-06-22,0.0,3,2024-03
751,2024-03-09,15180.0,20240.0,2024-06-29,0.0,3,2024-03
751,2024-03-09,15180.0,20240.0,2024-07-06,1403.0,4,2024-03
751,2024-03-09,15180.0,20240.0,2024-07-13,500.0,4,2024-03
751,2024-03-09,15180.0,20240.0,2024-07-20,0.0,4,2024-03
751,2024-03-09,15180.0,20240.0,2024-07-27,800.0,4,2024-03
751,2024-03-09,15180.0,20240.0,2024-08-03,0.0,5,2024-03
751,2024-03-09,15180.0,20240.0,2024-08-10,1053.0,5,2024-03
751,2024-03-09,15180.0,20240.0,2024-08-17,0.0,5,2024-03
751,2024-03-09,15180.0,20240.0,2024-08-24,0.0,5,2024-03
751,2024-03-09,15180.0,20240.0,2024-11-23,1000.0,8,2024-03
751,2024-03-09,15180.0,20240.0,2024-11-23,2500.0,8,2024-03
752,2024-03-09,17920.0,23860.0,2024-03-16,995.0,0,2024-03
752,2024-03-09,17920.0,23860.0,2024-03-23,995.0,0,2024-03
752,2024-03-09,17920.0,23860.0,2024-03-30,995.0,0,2024-03
752,2024-03-09,17920.0,23860.0,2024-04-06,995.0,1,2024-03
752,2024-03-09,17920.0,23860.0,2024-04-13,995.0,1,2024-03
752,2024-03-09,17920.0,23860.0,2024-04-20,995.0,1,2024-03
752,2024-03-09,17920.0,23860.0,2024-04-27,995.0,1,2024-03
752,2024-03-09,17920.0,23860.0,2024-05-04,100.0,2,2024-03
752,2024-03-09,17920.0,23860.0,2024-05-11,1890.0,2,2024-03
752,2024-03-09,17920.0,23860.0,2024-05-18,995.0,2,2024-03
752,2024-03-09,17920.0,23860.0,2024-05-25,995.0,2,2024-03
752,2024-03-09,17920.0,23860.0,2024-06-01,995.0,3,2024-03
752,2024-03-09,17920.0,23860.0,2024-06-08,995.0,3,2024-03
752,2024-03-09,17920.0,23860.0,2024-06-15,995.0,3,2024-03
752,2024-03-09,17920.0,23860.0,2024-06-22,995.0,3,2024-03
752,2024-03-09,17920.0,23860.0,2024-06-29,995.0,3,2024-03
752,2024-03-09,17920.0,23860.0,2024-07-06,995.0,4,2024-03
752,2024-03-09,17920.0,23860.0,2024-07-13,995.0,4,2024-03
752,2024-03-09,17920.0,23860.0,2024-07-20,0.0,4,2024-03
752,2024-03-09,17920.0,23860.0,2024-07-27,1973.0,4,2024-03
752,2024-03-09,17920.0,23860.0,2024-08-03,300.0,5,2024-03
752,2024-03-09,17920.0,23860.0,2024-08-10,1690.0,5,2024-03
752,2024-03-09,17920.0,23860.0,2024-08-17,995.0,5,2024-03
752,2024-03-09,17920.0,23860.0,2024-10-27,992.0,7,2024-03
753,2024-03-09,10720.0,14240.0,2024-03-16,600.0,0,2024-03
753,2024-03-09,10720.0,14240.0,2024-03-23,600.0,0,2024-03
753,2024-03-09,10720.0,14240.0,2024-03-30,600.0,0,2024-03
753,2024-03-09,10720.0,14240.0,2024-04-06,600.0,1,2024-03
753,2024-03-09,10720.0,14240.0,2024-04-13,595.0,1,2024-03
753,2024-03-09,10720.0,14240.0,2024-04-20,600.0,1,2024-03
753,2024-03-09,10720.0,14240.0,2024-04-27,595.0,1,2024-03
753,2024-03-09,10720.0,14240.0,2024-05-04,600.0,2,2024-03
753,2024-03-09,10720.0,14240.0,2024-05-11,595.0,2,2024-03
753,2024-03-09,10720.0,14240.0,2024-05-18,595.0,2,2024-03
753,2024-03-09,10720.0,14240.0,2024-05-25,600.0,2,2024-03
753,2024-03-09,10720.0,14240.0,2024-06-01,595.0,3,2024-03
753,2024-03-09,10720.0,14240.0,2024-06-08,595.0,3,2024-03
753,2024-03-09,10720.0,14240.0,2024-06-15,595.0,3,2024-03
753,2024-03-09,10720.0,14240.0,2024-06-22,595.0,3,2024-03
753,2024-03-09,10720.0,14240.0,2024-06-29,594.0,3,2024-03
753,2024-03-09,10720.0,14240.0,2024-07-06,595.0,4,2024-03
753,2024-03-09,10720.0,14240.0,2024-07-13,594.0,4,2024-03
753,2024-03-09,10720.0,14240.0,2024-07-20,0.0,4,2024-03
753,2024-03-09,10720.0,14240.0,2024-07-27,1100.0,4,2024-03
753,2024-03-09,10720.0,14240.0,2024-08-03,595.0,5,2024-03
753,2024-03-09,10720.0,14240.0,2024-08-10,600.0,5,2024-03
753,2024-03-09,10720.0,14240.0,2024-08-17,602.0,5,2024-03
753,2024-03-09,10720.0,14240.0,2024-08-24,600.0,5,2024-03
754,2024-03-10,10200.0,13650.0,2024-03-17,569.0,0,2024-03
754,2024-03-10,10200.0,13650.0,2024-03-24,570.0,0,2024-03
754,2024-03-10,10200.0,13650.0,2024-03-31,570.0,0,2024-03
754,2024-03-10,10200.0,13650.0,2024-04-07,570.0,1,2024-03
754,2024-03-10,10200.0,13650.0,2024-04-14,570.0,1,2024-03
754,2024-03-10,10200.0,13650.0,2024-04-21,570.0,1,2024-03
754,2024-03-10,10200.0,13650.0,2024-04-28,570.0,1,2024-03
754,2024-03-10,10200.0,13650.0,2024-05-05,570.0,2,2024-03
754,2024-03-10,10200.0,13650.0,2024-05-12,570.0,2,2024-03
754,2024-03-10,10200.0,13650.0,2024-05-19,570.0,2,2024-03
754,2024-03-10,10200.0,13650.0,2024-05-26,570.0,2,2024-03
754,2024-03-10,10200.0,13650.0,2024-06-02,570.0,3,2024-03
754,2024-03-10,10200.0,13650.0,2024-06-09,570.0,3,2024-03
754,2024-03-10,10200.0,13650.0,2024-06-16,570.0,3,2024-03
754,2024-03-10,10200.0,13650.0,2024-06-23,570.0,3,2024-03
754,2024-03-10,10200.0,13650.0,2024-06-30,570.0,3,2024-03
754,2024-03-10,10200.0,13650.0,2024-07-07,570.0,4,2024-03
754,2024-03-10,10200.0,13650.0,2024-07-14,570.0,4,2024-03
754,2024-03-10,10200.0,13650.0,2024-07-21,0.0,4,2024-03
754,2024-03-10,10200.0,13650.0,2024-07-28,800.0,4,2024-03
754,2024-03-10,10200.0,13650.0,2024-08-04,885.0,5,2024-03
754,2024-03-10,10200.0,13650.0,2024-08-11,570.0,5,2024-03
754,2024-03-10,10200.0,13650.0,2024-08-18,570.0,5,2024-03
754,2024-03-10,10200.0,13650.0,2024-08-25,570.0,5,2024-03
755,2024-03-11,15080.0,21170.0,2024-03-18,850.0,0,2024-03
755,2024-03-11,15080.0,21170.0,2024-03-25,850.0,0,2024-03
755,2024-03-11,15080.0,21170.0,2024-04-01,850.0,1,2024-03
755,2024-03-11,15080.0,21170.0,2024-04-08,850.0,1,2024-03
755,2024-03-11,15080.0,21170.0,2024-04-15,850.0,1,2024-03
755,2024-03-11,15080.0,21170.0,2024-04-22,850.0,1,2024-03
755,2024-03-11,15080.0,21170.0,2024-04-29,850.0,1,2024-03
755,2024-03-11,15080.0,21170.0,2024-05-06,850.0,2,2024-03
755,2024-03-11,15080.0,21170.0,2024-05-13,850.0,2,2024-03
755,2024-03-11,15080.0,21170.0,2024-05-20,500.0,2,2024-03
755,2024-03-11,15080.0,21170.0,2024-05-27,500.0,2,2024-03
755,2024-03-11,15080.0,21170.0,2024-06-03,1550.0,3,2024-03
755,2024-03-11,15080.0,21170.0,2024-06-10,850.0,3,2024-03
755,2024-03-11,15080.0,21170.0,2024-06-17,850.0,3,2024-03
755,2024-03-11,15080.0,21170.0,2024-06-24,850.0,3,2024-03
755,2024-03-11,15080.0,21170.0,2024-07-01,850.0,4,2024-03
755,2024-03-11,15080.0,21170.0,2024-07-08,850.0,4,2024-03
755,2024-03-11,15080.0,21170.0,2024-07-15,300.0,4,2024-03
755,2024-03-11,15080.0,21170.0,2024-07-22,0.0,4,2024-03
755,2024-03-11,15080.0,21170.0,2024-07-29,0.0,4,2024-03
755,2024-03-11,15080.0,21170.0,2024-08-05,2000.0,5,2024-03
755,2024-03-11,15080.0,21170.0,2024-08-12,0.0,5,2024-03
755,2024-03-11,15080.0,21170.0,2024-08-19,0.0,5,2024-03
755,2024-03-11,15080.0,21170.0,2024-08-26,0.0,5,2024-03
755,2024-03-11,15080.0,21170.0,2024-10-28,4500.0,7,2024-03
755,2024-03-11,15080.0,21170.0,2024-10-28,0.0,7,2024-03
756,2024-03-11,15540.0,20600.0,2024-03-18,859.0,0,2024-03
756,2024-03-11,15540.0,20600.0,2024-03-25,860.0,0,2024-03
756,2024-03-11,15540.0,20600.0,2024-04-01,860.0,1,2024-03
756,2024-03-11,15540.0,20600.0,2024-04-08,860.0,1,2024-03
756,2024-03-11,15540.0,20600.0,2024-04-15,860.0,1,2024-03
756,2024-03-11,15540.0,20600.0,2024-04-22,860.0,1,2024-03
756,2024-03-11,15540.0,20600.0,2024-04-29,860.0,1,2024-03
756,2024-03-11,15540.0,20600.0,2024-05-06,860.0,2,2024-03
756,2024-03-11,15540.0,20600.0,2024-05-13,860.0,2,2024-03
756,2024-03-11,15540.0,20600.0,2024-05-20,860.0,2,2024-03
756,2024-03-11,15540.0,20600.0,2024-05-27,860.0,2,2024-03
756,2024-03-11,15540.0,20600.0,2024-06-03,860.0,3,2024-03
756,2024-03-11,15540.0,20600.0,2024-06-10,860.0,3,2024-03
756,2024-03-11,15540.0,20600.0,2024-06-17,860.0,3,2024-03
756,2024-03-11,15540.0,20600.0,2024-06-24,860.0,3,2024-03
756,2024-03-11,15540.0,20600.0,2024-07-01,860.0,4,2024-03
756,2024-03-11,15540.0,20600.0,2024-07-08,860.0,4,2024-03
756,2024-03-11,15540.0,20600.0,2024-07-15,860.0,4,2024-03
756,2024-03-11,15540.0,20600.0,2024-07-22,0.0,4,2024-03
756,2024-03-11,15540.0,20600.0,2024-07-29,1688.0,4,2024-03
756,2024-03-11,15540.0,20600.0,2024-08-05,0.0,5,2024-03
756,2024-03-11,15540.0,20600.0,2024-08-12,1717.0,5,2024-03
756,2024-03-11,15540.0,20600.0,2024-08-19,860.0,5,2024-03
756,2024-03-11,15540.0,20600.0,2024-08-26,860.0,5,2024-03
757,2024-03-11,10520.0,14200.0,2024-03-18,510.0,0,2024-03
757,2024-03-11,10520.0,14200.0,2024-03-25,680.0,0,2024-03
757,2024-03-11,10520.0,14200.0,2024-04-01,600.0,1,2024-03
757,2024-03-11,10520.0,14200.0,2024-04-08,600.0,1,2024-03
757,2024-03-11,10520.0,14200.0,2024-04-15,600.0,1,2024-03
757,2024-03-11,10520.0,14200.0,2024-04-22,592.0,1,2024-03
757,2024-03-11,10520.0,14200.0,2024-04-29,592.0,1,2024-03
757,2024-03-11,10520.0,14200.0,2024-05-06,592.0,2,2024-03
757,2024-03-11,10520.0,14200.0,2024-05-13,600.0,2,2024-03
757,2024-03-11,10520.0,14200.0,2024-05-20,592.0,2,2024-03
757,2024-03-11,10520.0,14200.0,2024-05-27,592.0,2,2024-03
757,2024-03-11,10520.0,14200.0,2024-06-03,592.0,3,2024-03
757,2024-03-11,10520.0,14200.0,2024-06-10,600.0,3,2024-03
757,2024-03-11,10520.0,14200.0,2024-06-17,0.0,3,2024-03
757,2024-03-11,10520.0,14200.0,2024-06-24,800.0,3,2024-03
757,2024-03-11,10520.0,14200.0,2024-07-01,600.0,4,2024-03
757,2024-03-11,10520.0,14200.0,2024-07-08,900.0,4,2024-03
757,2024-03-11,10520.0,14200.0,2024-07-15,600.0,4,2024-03
757,2024-03-11,10520.0,14200.0,2024-07-22,600.0,4,2024-03
757,2024-03-11,10520.0,14200.0,2024-07-29,600.0,4,2024-03
757,2024-03-11,10520.0,14200.0,2024-08-05,0.0,5,2024-03
757,2024-03-11,10520.0,14200.0,2024-08-12,600.0,5,2024-03
757,2024-03-11,10520.0,14200.0,2024-08-19,600.0,5,2024-03
757,2024-03-11,10520.0,14200.0,2024-10-28,1158.0,7,2024-03
758,2024-03-12,10580.0,14260.0,2024-03-19,1190.0,0,2024-03
758,2024-03-12,10580.0,14260.0,2024-03-26,595.0,0,2024-03
758,2024-03-12,10580.0,14260.0,2024-04-02,0.0,1,2024-03
758,2024-03-12,10580.0,14260.0,2024-04-09,595.0,1,2024-03
758,2024-03-12,10580.0,14260.0,2024-04-16,595.0,1,2024-03
758,2024-03-12,10580.0,14260.0,2024-04-23,595.0,1,2024-03
758,2024-03-12,10580.0,14260.0,2024-04-30,595.0,1,2024-03
758,2024-03-12,10580.0,14260.0,2024-05-07,595.0,2,2024-03
758,2024-03-12,10580.0,14260.0,2024-05-14,1785.0,2,2024-03
758,2024-03-12,10580.0,14260.0,2024-05-21,0.0,2,2024-03
758,2024-03-12,10580.0,14260.0,2024-05-28,0.0,2,2024-03
758,2024-03-12,10580.0,14260.0,2024-06-04,595.0,3,2024-03
758,2024-03-12,10580.0,14260.0,2024-06-11,1785.0,3,2024-03
758,2024-03-12,10580.0,14260.0,2024-06-18,0.0,3,2024-03
758,2024-03-12,10580.0,14260.0,2024-06-25,0.0,3,2024-03
758,2024-03-12,10580.0,14260.0,2024-07-02,595.0,4,2024-03
758,2024-03-12,10580.0,14260.0,2024-07-09,1190.0,4,2024-03
758,2024-03-12,10580.0,14260.0,2024-07-16,0.0,4,2024-03
758,2024-03-12,10580.0,14260.0,2024-07-23,595.0,4,2024-03
758,2024-03-12,10580.0,14260.0,2024-07-30,595.0,4,2024-03
758,2024-03-12,10580.0,14260.0,2024-08-06,1785.0,5,2024-03
758,2024-03-12,10580.0,14260.0,2024-08-13,0.0,5,2024-03
758,2024-03-12,10580.0,14260.0,2024-08-20,0.0,5,2024-03
758,2024-03-12,10580.0,14260.0,2024-10-28,575.0,7,2024-03
759,2024-03-12,15920.0,21320.0,2024-03-19,889.0,0,2024-03
759,2024-03-12,15920.0,21320.0,2024-03-26,889.0,0,2024-03
759,2024-03-12,15920.0,21320.0,2024-04-02,889.0,1,2024-03
759,2024-03-12,15920.0,21320.0,2024-04-09,889.0,1,2024-03
759,2024-03-12,15920.0,21320.0,2024-04-16,889.0,1,2024-03
759,2024-03-12,15920.0,21320.0,2024-04-23,889.0,1,2024-03
759,2024-03-12,15920.0,21320.0,2024-04-30,889.0,1,2024-03
759,2024-03-12,15920.0,21320.0,2024-05-07,889.0,2,2024-03
759,2024-03-12,15920.0,21320.0,2024-05-14,889.0,2,2024-03
759,2024-03-12,15920.0,21320.0,2024-05-21,889.0,2,2024-03
759,2024-03-12,15920.0,21320.0,2024-05-28,889.0,2,2024-03
759,2024-03-12,15920.0,21320.0,2024-06-04,889.0,3,2024-03
759,2024-03-12,15920.0,21320.0,2024-06-11,889.0,3,2024-03
759,2024-03-12,15920.0,21320.0,2024-06-18,889.0,3,2024-03
759,2024-03-12,15920.0,21320.0,2024-06-25,889.0,3,2024-03
759,2024-03-12,15920.0,21320.0,2024-07-02,888.0,4,2024-03
759,2024-03-12,15920.0,21320.0,2024-07-09,888.0,4,2024-03
759,2024-03-12,15920.0,21320.0,2024-07-16,888.0,4,2024-03
759,2024-03-12,15920.0,21320.0,2024-07-23,0.0,4,2024-03
759,2024-03-12,15920.0,21320.0,2024-07-30,1768.0,4,2024-03
759,2024-03-12,15920.0,21320.0,2024-08-06,888.0,5,2024-03
759,2024-03-12,15920.0,21320.0,2024-08-13,888.0,5,2024-03
759,2024-03-12,15920.0,21320.0,2024-08-20,889.0,5,2024-03
759,2024-03-12,15920.0,21320.0,2024-08-27,888.0,5,2024-03
760,2024-03-13,11500.0,15625.0,2024-03-20,660.0,0,2024-03
760,2024-03-13,11500.0,15625.0,2024-03-27,660.0,0,2024-03
760,2024-03-13,11500.0,15625.0,2024-04-03,660.0,1,2024-03
760,2024-03-13,11500.0,15625.0,2024-04-10,660.0,1,2024-03
760,2024-03-13,11500.0,15625.0,2024-04-17,660.0,1,2024-03
760,2024-03-13,11500.0,15625.0,2024-04-24,662.0,1,2024-03
760,2024-03-13,11500.0,15625.0,2024-05-01,660.0,2,2024-03
760,2024-03-13,11500.0,15625.0,2024-05-08,660.0,2,2024-03
760,2024-03-13,11500.0,15625.0,2024-05-15,600.0,2,2024-03
760,2024-03-13,11500.0,15625.0,2024-05-22,704.0,2,2024-03
760,2024-03-13,11500.0,15625.0,2024-05-29,660.0,2,2024-03
760,2024-03-13,11500.0,15625.0,2024-06-05,652.0,3,2024-03
760,2024-03-13,11500.0,15625.0,2024-06-12,660.0,3,2024-03
760,2024-03-13,11500.0,15625.0,2024-06-19,660.0,3,2024-03
760,2024-03-13,11500.0,15625.0,2024-06-26,760.0,3,2024-03
760,2024-03-13,11500.0,15625.0,2024-07-03,660.0,4,2024-03
760,2024-03-13,11500.0,15625.0,2024-07-10,660.0,4,2024-03
760,2024-03-13,11500.0,15625.0,2024-07-17,0.0,4,2024-03
760,2024-03-13,11500.0,15625.0,2024-07-24,660.0,4,2024-03
760,2024-03-13,11500.0,15625.0,2024-07-31,0.0,4,2024-03
760,2024-03-13,11500.0,15625.0,2024-08-07,0.0,5,2024-03
760,2024-03-13,11500.0,15625.0,2024-08-14,1000.0,5,2024-03
760,2024-03-13,11500.0,15625.0,2024-08-21,990.0,5,2024-03
760,2024-03-13,11500.0,15625.0,2024-08-28,1680.0,5,2024-03
761,2024-03-14,19040.0,25620.0,2024-03-21,2136.0,0,2024-03
761,2024-03-14,19040.0,25620.0,2024-03-28,0.0,0,2024-03
761,2024-03-14,19040.0,25620.0,2024-04-04,1068.0,1,2024-03
761,2024-03-14,19040.0,25620.0,2024-04-11,1068.0,1,2024-03
761,2024-03-14,19040.0,25620.0,2024-04-18,1068.0,1,2024-03
761,2024-03-14,19040.0,25620.0,2024-04-25,1068.0,1,2024-03
761,2024-03-14,19040.0,25620.0,2024-05-02,1000.0,2,2024-03
761,2024-03-14,19040.0,25620.0,2024-05-09,1136.0,2,2024-03
761,2024-03-14,19040.0,25620.0,2024-05-16,1068.0,2,2024-03
761,2024-03-14,19040.0,25620.0,2024-05-23,500.0,2,2024-03
761,2024-03-14,19040.0,25620.0,2024-05-30,1250.0,2,2024-03
761,2024-03-14,19040.0,25620.0,2024-06-06,2522.0,3,2024-03
761,2024-03-14,19040.0,25620.0,2024-06-13,0.0,3,2024-03
761,2024-03-14,19040.0,25620.0,2024-06-20,1068.0,3,2024-03
761,2024-03-14,19040.0,25620.0,2024-06-27,1068.0,3,2024-03
761,2024-03-14,19040.0,25620.0,2024-07-04,1000.0,4,2024-03
761,2024-03-14,19040.0,25620.0,2024-07-11,3000.0,4,2024-03
761,2024-03-14,19040.0,25620.0,2024-07-18,0.0,4,2024-03
761,2024-03-14,19040.0,25620.0,2024-07-25,0.0,4,2024-03
761,2024-03-14,19040.0,25620.0,2024-08-01,1068.0,5,2024-03
761,2024-03-14,19040.0,25620.0,2024-08-08,2000.0,5,2024-03
761,2024-03-14,19040.0,25620.0,2024-08-15,0.0,5,2024-03
761,2024-03-14,19040.0,25620.0,2024-08-22,1068.0,5,2024-03
761,2024-03-14,19040.0,25620.0,2024-08-29,1464.0,5,2024-03
762,2024-03-14,8040.0,10980.0,2024-03-21,1000.0,0,2024-03
762,2024-03-14,8040.0,10980.0,2024-03-28,0.0,0,2024-03
762,2024-03-14,8040.0,10980.0,2024-04-04,916.0,1,2024-03
762,2024-03-14,8040.0,10980.0,2024-04-11,0.0,1,2024-03
762,2024-03-14,8040.0,10980.0,2024-04-18,458.0,1,2024-03
762,2024-03-14,8040.0,10980.0,2024-04-25,458.0,1,2024-03
762,2024-03-14,8040.0,10980.0,2024-05-02,458.0,2,2024-03
762,2024-03-14,8040.0,10980.0,2024-05-09,500.0,2,2024-03
762,2024-03-14,8040.0,10980.0,2024-05-16,500.0,2,2024-03
762,2024-03-14,8040.0,10980.0,2024-05-23,500.0,2,2024-03
762,2024-03-14,8040.0,10980.0,2024-05-30,500.0,2,2024-03
762,2024-03-14,8040.0,10980.0,2024-06-06,500.0,3,2024-03
762,2024-03-14,8040.0,10980.0,2024-06-13,500.0,3,2024-03
762,2024-03-14,8040.0,10980.0,2024-06-20,460.0,3,2024-03
762,2024-03-14,8040.0,10980.0,2024-06-27,460.0,3,2024-03
762,2024-03-14,8040.0,10980.0,2024-07-04,500.0,4,2024-03
762,2024-03-14,8040.0,10980.0,2024-07-11,460.0,4,2024-03
762,2024-03-14,8040.0,10980.0,2024-07-18,460.0,4,2024-03
762,2024-03-14,8040.0,10980.0,2024-07-25,460.0,4,2024-03
762,2024-03-14,8040.0,10980.0,2024-08-01,460.0,5,2024-03
762,2024-03-14,8040.0,10980.0,2024-08-08,460.0,5,2024-03
762,2024-03-14,8040.0,10980.0,2024-08-15,460.0,5,2024-03
762,2024-03-14,8040.0,10980.0,2024-08-22,510.0,5,2024-03
763,2024-03-14,7800.0,10680.0,2024-03-21,445.0,0,2024-03
763,2024-03-14,7800.0,10680.0,2024-03-28,500.0,0,2024-03
763,2024-03-14,7800.0,10680.0,2024-04-04,500.0,1,2024-03
763,2024-03-14,7800.0,10680.0,2024-04-11,500.0,1,2024-03
763,2024-03-14,7800.0,10680.0,2024-04-18,500.0,1,2024-03
763,2024-03-14,7800.0,10680.0,2024-04-25,500.0,1,2024-03
763,2024-03-14,7800.0,10680.0,2024-05-02,500.0,2,2024-03
763,2024-03-14,7800.0,10680.0,2024-05-09,500.0,2,2024-03
763,2024-03-14,7800.0,10680.0,2024-05-16,500.0,2,2024-03
763,2024-03-14,7800.0,10680.0,2024-05-23,500.0,2,2024-03
763,2024-03-14,7800.0,10680.0,2024-05-30,500.0,2,2024-03
763,2024-03-14,7800.0,10680.0,2024-06-06,500.0,3,2024-03
763,2024-03-14,7800.0,10680.0,2024-06-13,500.0,3,2024-03
763,2024-03-14,7800.0,10680.0,2024-06-20,500.0,3,2024-03
763,2024-03-14,7800.0,10680.0,2024-06-27,500.0,3,2024-03
763,2024-03-14,7800.0,10680.0,2024-07-04,500.0,4,2024-03
763,2024-03-14,7800.0,10680.0,2024-07-11,450.0,4,2024-03
763,2024-03-14,7800.0,10680.0,2024-07-18,450.0,4,2024-03
763,2024-03-14,7800.0,10680.0,2024-07-25,450.0,4,2024-03
763,2024-03-14,7800.0,10680.0,2024-08-01,490.0,5,2024-03
763,2024-03-14,7800.0,10680.0,2024-08-08,400.0,5,2024-03
763,2024-03-14,7800.0,10680.0,2024-08-15,495.0,5,2024-03
764,2024-03-16,9045.0,12353.0,2024-03-23,515.0,0,2024-03
764,2024-03-16,9045.0,12353.0,2024-03-30,1035.0,0,2024-03
764,2024-03-16,9045.0,12353.0,2024-04-06,0.0,1,2024-03
764,2024-03-16,9045.0,12353.0,2024-04-13,1545.0,1,2024-03
764,2024-03-16,9045.0,12353.0,2024-04-20,0.0,1,2024-03
764,2024-03-16,9045.0,12353.0,2024-04-27,0.0,1,2024-03
764,2024-03-16,9045.0,12353.0,2024-05-04,1030.0,2,2024-03
764,2024-03-16,9045.0,12353.0,2024-05-11,0.0,2,2024-03
764,2024-03-16,9045.0,12353.0,2024-05-18,1030.0,2,2024-03
764,2024-03-16,9045.0,12353.0,2024-05-25,0.0,2,2024-03
764,2024-03-16,9045.0,12353.0,2024-06-01,515.0,3,2024-03
764,2024-03-16,9045.0,12353.0,2024-06-08,515.0,3,2024-03
764,2024-03-16,9045.0,12353.0,2024-06-15,520.0,3,2024-03
764,2024-03-16,9045.0,12353.0,2024-06-22,515.0,3,2024-03
764,2024-03-16,9045.0,12353.0,2024-06-29,515.0,3,2024-03
764,2024-03-16,9045.0,12353.0,2024-07-06,515.0,4,2024-03
764,2024-03-16,9045.0,12353.0,2024-07-13,515.0,4,2024-03
764,2024-03-16,9045.0,12353.0,2024-07-20,0.0,4,2024-03
764,2024-03-16,9045.0,12353.0,2024-07-27,515.0,4,2024-03
764,2024-03-16,9045.0,12353.0,2024-08-03,515.0,5,2024-03
764,2024-03-16,9045.0,12353.0,2024-08-10,515.0,5,2024-03
764,2024-03-16,9045.0,12353.0,2024-08-17,515.0,5,2024-03
764,2024-03-16,9045.0,12353.0,2024-08-24,1528.0,5,2024-03
765,2024-03-16,13200.0,17800.0,2024-03-23,742.0,0,2024-03
765,2024-03-16,13200.0,17800.0,2024-03-30,742.0,0,2024-03
765,2024-03-16,13200.0,17800.0,2024-04-06,742.0,1,2024-03
765,2024-03-16,13200.0,17800.0,2024-04-13,742.0,1,2024-03
765,2024-03-16,13200.0,17800.0,2024-04-20,742.0,1,2024-03
765,2024-03-16,13200.0,17800.0,2024-04-27,742.0,1,2024-03
765,2024-03-16,13200.0,17800.0,2024-05-04,742.0,2,2024-03
765,2024-03-16,13200.0,17800.0,2024-05-11,742.0,2,2024-03
765,2024-03-16,13200.0,17800.0,2024-05-18,742.0,2,2024-03
765,2024-03-16,13200.0,17800.0,2024-05-25,742.0,2,2024-03
765,2024-03-16,13200.0,17800.0,2024-06-01,742.0,3,2024-03
765,2024-03-16,13200.0,17800.0,2024-06-08,742.0,3,2024-03
765,2024-03-16,13200.0,17800.0,2024-06-15,742.0,3,2024-03
765,2024-03-16,13200.0,17800.0,2024-06-22,742.0,3,2024-03
765,2024-03-16,13200.0,17800.0,2024-06-29,742.0,3,2024-03
765,2024-03-16,13200.0,17800.0,2024-07-06,742.0,4,2024-03
765,2024-03-16,13200.0,17800.0,2024-07-13,742.0,4,2024-03
765,2024-03-16,13200.0,17800.0,2024-07-20,0.0,4,2024-03
765,2024-03-16,13200.0,17800.0,2024-07-27,0.0,4,2024-03
765,2024-03-16,13200.0,17800.0,2024-08-03,0.0,5,2024-03
765,2024-03-16,13200.0,17800.0,2024-08-10,0.0,5,2024-03
765,2024-03-16,13200.0,17800.0,2024-10-28,5186.0,7,2024-03
766,2024-03-16,12540.0,17025.0,2024-03-23,710.0,0,2024-03
766,2024-03-16,12540.0,17025.0,2024-03-30,710.0,0,2024-03
766,2024-03-16,12540.0,17025.0,2024-04-06,710.0,1,2024-03
766,2024-03-16,12540.0,17025.0,2024-04-13,710.0,1,2024-03
766,2024-03-16,12540.0,17025.0,2024-04-20,710.0,1,2024-03
766,2024-03-16,12540.0,17025.0,2024-04-27,710.0,1,2024-03
766,2024-03-16,12540.0,17025.0,2024-05-04,710.0,2,2024-03
766,2024-03-16,12540.0,17025.0,2024-05-11,710.0,2,2024-03
766,2024-03-16,12540.0,17025.0,2024-05-18,710.0,2,2024-03
766,2024-03-16,12540.0,17025.0,2024-05-25,710.0,2,2024-03
766,2024-03-16,12540.0,17025.0,2024-06-01,710.0,3,2024-03
766,2024-03-16,12540.0,17025.0,2024-06-08,710.0,3,2024-03
766,2024-03-16,12540.0,17025.0,2024-06-15,709.0,3,2024-03
766,2024-03-16,12540.0,17025.0,2024-06-22,709.0,3,2024-03
766,2024-03-16,12540.0,17025.0,2024-06-29,709.0,3,2024-03
766,2024-03-16,12540.0,17025.0,2024-07-06,709.0,4,2024-03
766,2024-03-16,12540.0,17025.0,2024-07-13,709.0,4,2024-03
766,2024-03-16,12540.0,17025.0,2024-07-20,0.0,4,2024-03
766,2024-03-16,12540.0,17025.0,2024-07-27,709.0,4,2024-03
766,2024-03-16,12540.0,17025.0,2024-08-03,1413.0,5,2024-03
766,2024-03-16,12540.0,17025.0,2024-08-10,710.0,5,2024-03
766,2024-03-16,12540.0,17025.0,2024-08-17,709.0,5,2024-03
766,2024-03-16,12540.0,17025.0,2024-10-28,1419.0,7,2024-03
767,2024-03-16,10520.0,14280.0,2024-03-23,600.0,0,2024-03
767,2024-03-16,10520.0,14280.0,2024-03-30,600.0,0,2024-03
767,2024-03-16,10520.0,14280.0,2024-04-06,600.0,1,2024-03
767,2024-03-16,10520.0,14280.0,2024-04-13,600.0,1,2024-03
767,2024-03-16,10520.0,14280.0,2024-04-20,600.0,1,2024-03
767,2024-03-16,10520.0,14280.0,2024-04-27,1200.0,1,2024-03
767,2024-03-16,10520.0,14280.0,2024-05-04,0.0,2,2024-03
767,2024-03-16,10520.0,14280.0,2024-05-11,600.0,2,2024-03
767,2024-03-16,10520.0,14280.0,2024-05-18,600.0,2,2024-03
767,2024-03-16,10520.0,14280.0,2024-05-25,600.0,2,2024-03
767,2024-03-16,10520.0,14280.0,2024-06-01,600.0,3,2024-03
767,2024-03-16,10520.0,14280.0,2024-06-08,600.0,3,2024-03
767,2024-03-16,10520.0,14280.0,2024-06-15,600.0,3,2024-03
767,2024-03-16,10520.0,14280.0,2024-06-22,600.0,3,2024-03
767,2024-03-16,10520.0,14280.0,2024-06-29,600.0,3,2024-03
767,2024-03-16,10520.0,14280.0,2024-07-06,600.0,4,2024-03
767,2024-03-16,10520.0,14280.0,2024-07-13,600.0,4,2024-03
767,2024-03-16,10520.0,14280.0,2024-07-20,0.0,4,2024-03
767,2024-03-16,10520.0,14280.0,2024-07-27,1200.0,4,2024-03
767,2024-03-16,10520.0,14280.0,2024-08-03,600.0,5,2024-03
767,2024-03-16,10520.0,14280.0,2024-08-10,600.0,5,2024-03
767,2024-03-16,10520.0,14280.0,2024-08-17,600.0,5,2024-03
767,2024-03-16,10520.0,14280.0,2024-08-24,600.0,5,2024-03
767,2024-03-16,10520.0,14280.0,2024-08-31,480.0,5,2024-03
768,2024-03-16,13200.0,17800.0,2024-03-23,800.0,0,2024-03
768,2024-03-16,13200.0,17800.0,2024-03-30,800.0,0,2024-03
768,2024-03-16,13200.0,17800.0,2024-04-06,800.0,1,2024-03
768,2024-03-16,13200.0,17800.0,2024-04-13,800.0,1,2024-03
768,2024-03-16,13200.0,17800.0,2024-04-20,800.0,1,2024-03
768,2024-03-16,13200.0,17800.0,2024-04-27,800.0,1,2024-03
768,2024-03-16,13200.0,17800.0,2024-05-04,800.0,2,2024-03
768,2024-03-16,13200.0,17800.0,2024-05-11,800.0,2,2024-03
768,2024-03-16,13200.0,17800.0,2024-05-18,800.0,2,2024-03
768,2024-03-16,13200.0,17800.0,2024-05-25,800.0,2,2024-03
768,2024-03-16,13200.0,17800.0,2024-06-01,800.0,3,2024-03
768,2024-03-16,13200.0,17800.0,2024-06-08,800.0,3,2024-03
768,2024-03-16,13200.0,17800.0,2024-06-15,800.0,3,2024-03
768,2024-03-16,13200.0,17800.0,2024-06-22,800.0,3,2024-03
768,2024-03-16,13200.0,17800.0,2024-06-29,800.0,3,2024-03
768,2024-03-16,13200.0,17800.0,2024-07-06,800.0,4,2024-03
768,2024-03-16,13200.0,17800.0,2024-07-13,800.0,4,2024-03
768,2024-03-16,13200.0,17800.0,2024-07-20,0.0,4,2024-03
768,2024-03-16,13200.0,17800.0,2024-07-27,800.0,4,2024-03
768,2024-03-16,13200.0,17800.0,2024-08-03,800.0,5,2024-03
768,2024-03-16,13200.0,17800.0,2024-08-10,800.0,5,2024-03
768,2024-03-16,13200.0,17800.0,2024-08-17,800.0,5,2024-03
768,2024-03-16,13200.0,17800.0,2024-10-28,1000.0,7,2024-03
769,2024-03-18,12540.0,17025.0,2024-03-25,720.0,0,2024-03
769,2024-03-18,12540.0,17025.0,2024-04-01,710.0,1,2024-03
769,2024-03-18,12540.0,17025.0,2024-04-08,710.0,1,2024-03
769,2024-03-18,12540.0,17025.0,2024-04-15,710.0,1,2024-03
769,2024-03-18,12540.0,17025.0,2024-04-22,710.0,1,2024-03
769,2024-03-18,12540.0,17025.0,2024-04-29,710.0,1,2024-03
769,2024-03-18,12540.0,17025.0,2024-05-06,710.0,2,2024-03
769,2024-03-18,12540.0,17025.0,2024-05-13,710.0,2,2024-03
769,2024-03-18,12540.0,17025.0,2024-05-20,710.0,2,2024-03
769,2024-03-18,12540.0,17025.0,2024-05-27,710.0,2,2024-03
769,2024-03-18,12540.0,17025.0,2024-06-03,710.0,3,2024-03
769,2024-03-18,12540.0,17025.0,2024-06-10,710.0,3,2024-03
769,2024-03-18,12540.0,17025.0,2024-06-17,710.0,3,2024-03
769,2024-03-18,12540.0,17025.0,2024-06-24,710.0,3,2024-03
769,2024-03-18,12540.0,17025.0,2024-07-01,710.0,4,2024-03
769,2024-03-18,12540.0,17025.0,2024-07-08,710.0,4,2024-03
769,2024-03-18,12540.0,17025.0,2024-07-15,710.0,4,2024-03
769,2024-03-18,12540.0,17025.0,2024-07-22,0.0,4,2024-03
769,2024-03-18,12540.0,17025.0,2024-07-29,1398.0,4,2024-03
769,2024-03-18,12540.0,17025.0,2024-08-05,710.0,5,2024-03
769,2024-03-18,12540.0,17025.0,2024-08-12,710.0,5,2024-03
769,2024-03-18,12540.0,17025.0,2024-08-19,710.0,5,2024-03
769,2024-03-18,12540.0,17025.0,2024-08-26,710.0,5,2024-03
769,2024-03-18,12540.0,17025.0,2024-09-02,710.0,6,2024-03
770,2024-03-20,16000.0,21980.0,2024-03-27,1000.0,0,2024-03
770,2024-03-20,16000.0,21980.0,2024-04-03,995.0,1,2024-03
770,2024-03-20,16000.0,21980.0,2024-04-10,950.0,1,2024-03
770,2024-03-20,16000.0,21980.0,2024-04-17,935.0,1,2024-03
770,2024-03-20,16000.0,21980.0,2024-04-24,1000.0,1,2024-03
770,2024-03-20,16000.0,21980.0,2024-05-01,950.0,2,2024-03
770,2024-03-20,16000.0,21980.0,2024-05-08,600.0,2,2024-03
770,2024-03-20,16000.0,21980.0,2024-05-15,1050.0,2,2024-03
770,2024-03-20,16000.0,21980.0,2024-05-22,300.0,2,2024-03
770,2024-03-20,16000.0,21980.0,2024-05-29,1000.0,2,2024-03
770,2024-03-20,16000.0,21980.0,2024-06-05,1200.0,3,2024-03
770,2024-03-20,16000.0,21980.0,2024-06-12,1000.0,3,2024-03
770,2024-03-20,16000.0,21980.0,2024-06-19,300.0,3,2024-03
770,2024-03-20,16000.0,21980.0,2024-06-26,1000.0,3,2024-03
770,2024-03-20,16000.0,21980.0,2024-07-03,500.0,4,2024-03
770,2024-03-20,16000.0,21980.0,2024-07-10,1000.0,4,2024-03
770,2024-03-20,16000.0,21980.0,2024-07-17,500.0,4,2024-03
770,2024-03-20,16000.0,21980.0,2024-07-24,0.0,4,2024-03
770,2024-03-20,16000.0,21980.0,2024-07-31,500.0,4,2024-03
770,2024-03-20,16000.0,21980.0,2024-08-07,2000.0,5,2024-03
770,2024-03-20,16000.0,21980.0,2024-08-14,1000.0,5,2024-03
770,2024-03-20,16000.0,21980.0,2024-08-21,500.0,5,2024-03
770,2024-03-20,16000.0,21980.0,2024-08-28,800.0,5,2024-03
770,2024-03-20,16000.0,21980.0,2024-09-04,2900.0,6,2024-03
771,2024-03-20,9380.0,13090.0,2024-03-27,546.0,0,2024-03
771,2024-03-20,9380.0,13090.0,2024-04-03,546.0,1,2024-03
771,2024-03-20,9380.0,13090.0,2024-04-10,546.0,1,2024-03
771,2024-03-20,9380.0,13090.0,2024-04-17,546.0,1,2024-03
771,2024-03-20,9380.0,13090.0,2024-04-24,2184.0,1,2024-03
771,2024-03-20,9380.0,13090.0,2024-05-01,0.0,2,2024-03
771,2024-03-20,9380.0,13090.0,2024-05-08,0.0,2,2024-03
771,2024-03-20,9380.0,13090.0,2024-05-15,0.0,2,2024-03
771,2024-03-20,9380.0,13090.0,2024-05-22,1092.0,2,2024-03
771,2024-03-20,9380.0,13090.0,2024-05-29,0.0,2,2024-03
771,2024-03-20,9380.0,13090.0,2024-06-05,546.0,3,2024-03
771,2024-03-20,9380.0,13090.0,2024-06-12,546.0,3,2024-03
771,2024-03-20,9380.0,13090.0,2024-06-19,1638.0,3,2024-03
771,2024-03-20,9380.0,13090.0,2024-06-26,0.0,3,2024-03
771,2024-03-20,9380.0,13090.0,2024-07-03,0.0,4,2024-03
771,2024-03-20,9380.0,13090.0,2024-07-10,2184.0,4,2024-03
771,2024-03-20,9380.0,13090.0,2024-07-17,0.0,4,2024-03
771,2024-03-20,9380.0,13090.0,2024-07-24,0.0,4,2024-03
771,2024-03-20,9380.0,13090.0,2024-07-31,0.0,4,2024-03
771,2024-03-20,9380.0,13090.0,2024-08-07,545.0,5,2024-03
771,2024-03-20,9380.0,13090.0,2024-08-14,545.0,5,2024-03
771,2024-03-20,9380.0,13090.0,2024-08-21,545.0,5,2024-03
771,2024-03-20,9380.0,13090.0,2024-10-28,1081.0,7,2024-03
772,2024-03-20,9380.0,13090.0,2024-03-27,546.0,0,2024-03
772,2024-03-20,9380.0,13090.0,2024-04-03,546.0,1,2024-03
772,2024-03-20,9380.0,13090.0,2024-04-10,546.0,1,2024-03
772,2024-03-20,9380.0,13090.0,2024-04-17,546.0,1,2024-03
772,2024-03-20,9380.0,13090.0,2024-04-24,546.0,1,2024-03
772,2024-03-20,9380.0,13090.0,2024-05-01,546.0,2,2024-03
772,2024-03-20,9380.0,13090.0,2024-05-08,546.0,2,2024-03
772,2024-03-20,9380.0,13090.0,2024-05-15,546.0,2,2024-03
772,2024-03-20,9380.0,13090.0,2024-05-22,546.0,2,2024-03
772,2024-03-20,9380.0,13090.0,2024-05-29,546.0,2,2024-03
772,2024-03-20,9380.0,13090.0,2024-06-05,546.0,3,2024-03
772,2024-03-20,9380.0,13090.0,2024-06-12,546.0,3,2024-03
772,2024-03-20,9380.0,13090.0,2024-06-19,546.0,3,2024-03
772,2024-03-20,9380.0,13090.0,2024-06-26,546.0,3,2024-03
772,2024-03-20,9380.0,13090.0,2024-07-03,546.0,4,2024-03
772,2024-03-20,9380.0,13090.0,2024-07-10,546.0,4,2024-03
772,2024-03-20,9380.0,13090.0,2024-07-17,546.0,4,2024-03
772,2024-03-20,9380.0,13090.0,2024-07-24,546.0,4,2024-03
772,2024-03-20,9380.0,13090.0,2024-07-31,546.0,4,2024-03
772,2024-03-20,9380.0,13090.0,2024-08-07,546.0,5,2024-03
772,2024-03-20,9380.0,13090.0,2024-08-14,546.0,5,2024-03
772,2024-03-20,9380.0,13090.0,2024-08-21,546.0,5,2024-03
772,2024-03-20,9380.0,13090.0,2024-08-28,546.0,5,2024-03
772,2024-03-20,9380.0,13090.0,2024-10-28,532.0,7,2024-03
773,2024-03-21,12420.0,17064.0,2024-03-28,711.0,0,2024-03
773,2024-03-21,12420.0,17064.0,2024-04-04,711.0,1,2024-03
773,2024-03-21,12420.0,17064.0,2024-04-11,711.0,1,2024-03
773,2024-03-21,12420.0,17064.0,2024-04-18,711.0,1,2024-03
773,2024-03-21,12420.0,17064.0,2024-04-25,711.0,1,2024-03
773,2024-03-21,12420.0,17064.0,2024-05-02,711.0,2,2024-03
773,2024-03-21,12420.0,17064.0,2024-05-09,711.0,2,2024-03
773,2024-03-21,12420.0,17064.0,2024-05-16,711.0,2,2024-03
773,2024-03-21,12420.0,17064.0,2024-05-23,711.0,2,2024-03
773,2024-03-21,12420.0,17064.0,2024-05-30,711.0,2,2024-03
773,2024-03-21,12420.0,17064.0,2024-06-06,711.0,3,2024-03
773,2024-03-21,12420.0,17064.0,2024-06-13,711.0,3,2024-03
773,2024-03-21,12420.0,17064.0,2024-06-20,711.0,3,2024-03
773,2024-03-21,12420.0,17064.0,2024-06-27,711.0,3,2024-03
773,2024-03-21,12420.0,17064.0,2024-07-04,711.0,4,2024-03
773,2024-03-21,12420.0,17064.0,2024-07-11,711.0,4,2024-03
773,2024-03-21,12420.0,17064.0,2024-07-18,711.0,4,2024-03
773,2024-03-21,12420.0,17064.0,2024-07-25,711.0,4,2024-03
773,2024-03-21,12420.0,17064.0,2024-08-01,711.0,5,2024-03
773,2024-03-21,12420.0,17064.0,2024-08-08,711.0,5,2024-03
773,2024-03-21,12420.0,17064.0,2024-08-15,711.0,5,2024-03
773,2024-03-21,12420.0,17064.0,2024-08-22,711.0,5,2024-03
773,2024-03-21,12420.0,17064.0,2024-08-29,711.0,5,2024-03
773,2024-03-21,12420.0,17064.0,2024-09-05,711.0,6,2024-03
774,2024-03-21,18900.0,31785.0,2024-03-28,1075.0,0,2024-03
774,2024-03-21,18900.0,31785.0,2024-04-04,1075.0,1,2024-03
774,2024-03-21,18900.0,31785.0,2024-04-11,1075.0,1,2024-03
774,2024-03-21,18900.0,31785.0,2024-04-18,1000.0,1,2024-03
774,2024-03-21,18900.0,31785.0,2024-04-25,1075.0,1,2024-03
774,2024-03-21,18900.0,31785.0,2024-05-02,1150.0,2,2024-03
774,2024-03-21,18900.0,31785.0,2024-05-09,1075.0,2,2024-03
774,2024-03-21,18900.0,31785.0,2024-05-16,1075.0,2,2024-03
774,2024-03-21,18900.0,31785.0,2024-05-23,1075.0,2,2024-03
774,2024-03-21,18900.0,31785.0,2024-05-30,1075.0,2,2024-03
774,2024-03-21,18900.0,31785.0,2024-06-06,1075.0,3,2024-03
774,2024-03-21,18900.0,31785.0,2024-06-13,1075.0,3,2024-03
774,2024-03-21,18900.0,31785.0,2024-06-20,0.0,3,2024-03
774,2024-03-21,18900.0,31785.0,2024-06-27,0.0,3,2024-03
774,2024-03-21,18900.0,31785.0,2024-07-04,0.0,4,2024-03
774,2024-03-21,18900.0,31785.0,2024-07-11,0.0,4,2024-03
774,2024-03-21,18900.0,31785.0,2024-07-18,0.0,4,2024-03
774,2024-03-21,18900.0,31785.0,2024-07-25,0.0,4,2024-03
774,2024-03-21,18900.0,31785.0,2024-08-01,0.0,5,2024-03
774,2024-03-21,18900.0,31785.0,2024-08-08,0.0,5,2024-03
774,2024-03-21,18900.0,31785.0,2024-08-15,0.0,5,2024-03
774,2024-03-21,18900.0,31785.0,2024-08-22,0.0,5,2024-03
774,2024-03-21,18900.0,31785.0,2024-08-29,0.0,5,2024-03
774,2024-03-21,18900.0,31785.0,2024-09-05,0.0,6,2024-03
774,2024-03-21,18900.0,31785.0,2024-10-28,0.0,7,2024-03
774,2024-03-21,18900.0,31785.0,2024-10-28,4000.0,7,2024-03
774,2024-03-21,18900.0,31785.0,2024-10-28,1000.0,7,2024-03
774,2024-03-21,18900.0,31785.0,2024-10-28,200.0,7,2024-03
774,2024-03-21,18900.0,31785.0,2024-10-31,0.0,7,2024-03
774,2024-03-21,18900.0,31785.0,2024-11-07,0.0,8,2024-03
774,2024-03-21,18900.0,31785.0,2024-11-14,0.0,8,2024-03
774,2024-03-21,18900.0,31785.0,2024-11-21,0.0,8,2024-03
774,2024-03-21,18900.0,31785.0,2024-11-28,0.0,8,2024-03
774,2024-03-21,18900.0,31785.0,2024-12-05,0.0,9,2024-03
774,2024-03-21,18900.0,31785.0,2024-12-12,1075.0,9,2024-03
774,2024-03-21,18900.0,31785.0,2024-12-19,0.0,9,2024-03
774,2024-03-21,18900.0,31785.0,2024-12-26,0.0,9,2024-03
774,2024-03-21,18900.0,31785.0,2025-01-02,1100.0,10,2024-03
774,2024-03-21,18900.0,31785.0,2025-01-09,0.0,10,2024-03
774,2024-03-21,18900.0,31785.0,2025-01-16,0.0,10,2024-03
774,2024-03-21,18900.0,31785.0,2025-01-23,0.0,10,2024-03
774,2024-03-21,18900.0,31785.0,2025-01-30,0.0,10,2024-03
774,2024-03-21,18900.0,31785.0,2025-02-06,0.0,11,2024-03
774,2024-03-21,18900.0,31785.0,2025-02-13,0.0,11,2024-03
774,2024-03-21,18900.0,31785.0,2025-02-20,0.0,11,2024-03
774,2024-03-21,18900.0,31785.0,2025-03-02,0.0,12,2024-03
774,2024-03-21,18900.0,31785.0,2025-03-06,0.0,12,2024-03
774,2024-03-21,18900.0,31785.0,2025-03-13,0.0,12,2024-03
774,2024-03-21,18900.0,31785.0,2025-03-24,0.0,12,2024-03
774,2024-03-21,18900.0,31785.0,2025-03-27,0.0,12,2024-03
774,2024-03-21,18900.0,31785.0,2025-04-05,0.0,13,2024-03
774,2024-03-21,18900.0,31785.0,2025-04-10,0.0,13,2024-03
774,2024-03-21,18900.0,31785.0,2025-04-17,0.0,13,2024-03
774,2024-03-21,18900.0,31785.0,2025-04-24,0.0,13,2024-03
774,2024-03-21,18900.0,31785.0,2025-05-05,0.0,14,2024-03
774,2024-03-21,18900.0,31785.0,2025-05-08,0.0,14,2024-03
774,2024-03-21,18900.0,31785.0,2025-05-15,0.0,14,2024-03
774,2024-03-21,18900.0,31785.0,2025-05-22,0.0,14,2024-03
774,2024-03-21,18900.0,31785.0,2025-05-29,0.0,14,2024-03
774,2024-03-21,18900.0,31785.0,2025-06-05,0.0,15,2024-03
774,2024-03-21,18900.0,31785.0,2025-06-12,0.0,15,2024-03
774,2024-03-21,18900.0,31785.0,2025-10-06,0.0,19,2024-03
774,2024-03-21,18900.0,31785.0,2025-06-26,0.0,15,2024-03
774,2024-03-21,18900.0,31785.0,2025-07-03,0.0,16,2024-03
774,2024-03-21,18900.0,31785.0,2025-07-10,0.0,16,2024-03
774,2024-03-21,18900.0,31785.0,2025-07-17,0.0,16,2024-03
774,2024-03-21,18900.0,31785.0,2025-07-24,0.0,16,2024-03
774,2024-03-21,18900.0,31785.0,2025-07-31,0.0,16,2024-03
774,2024-03-21,18900.0,31785.0,2025-08-07,0.0,17,2024-03
774,2024-03-21,18900.0,31785.0,2025-08-14,0.0,17,2024-03
774,2024-03-21,18900.0,31785.0,2025-08-21,0.0,17,2024-03
774,2024-03-21,18900.0,31785.0,2025-08-28,0.0,17,2024-03
774,2024-03-21,18900.0,31785.0,2025-09-04,0.0,18,2024-03
774,2024-03-21,18900.0,31785.0,2025-09-11,0.0,18,2024-03
774,2024-03-21,18900.0,31785.0,2025-09-18,0.0,18,2024-03
774,2024-03-21,18900.0,31785.0,2025-09-25,0.0,18,2024-03
774,2024-03-21,18900.0,31785.0,2025-10-02,0.0,19,2024-03
774,2024-03-21,18900.0,31785.0,2025-10-10,0.0,19,2024-03
774,2024-03-21,18900.0,31785.0,2025-10-17,0.0,19,2024-03
774,2024-03-21,18900.0,31785.0,2025-10-24,0.0,19,2024-03
774,2024-03-21,18900.0,31785.0,2025-10-31,0.0,19,2024-03
774,2024-03-21,18900.0,31785.0,2025-11-07,0.0,20,2024-03
774,2024-03-21,18900.0,31785.0,2025-11-14,0.0,20,2024-03
774,2024-03-21,18900.0,31785.0,2025-11-21,0.0,20,2024-03
774,2024-03-21,18900.0,31785.0,2025-12-03,0.0,21,2024-03
774,2024-03-21,18900.0,31785.0,2025-12-10,0.0,21,2024-03
774,2024-03-21,18900.0,31785.0,2025-12-17,0.0,21,2024-03
774,2024-03-21,18900.0,31785.0,2025-12-24,0.0,21,2024-03
774,2024-03-21,18900.0,31785.0,2025-12-31,0.0,21,2024-03
774,2024-03-21,18900.0,31785.0,2026-01-07,0.0,22,2024-03
774,2024-03-21,18900.0,31785.0,2026-01-14,0.0,22,2024-03
774,2024-03-21,18900.0,31785.0,2026-01-21,0.0,22,2024-03
774,2024-03-21,18900.0,31785.0,2026-01-28,0.0,22,2024-03
774,2024-03-21,18900.0,31785.0,2026-02-04,0.0,23,2024-03
774,2024-03-21,18900.0,31785.0,2026-02-11,0.0,23,2024-03
774,2024-03-21,18900.0,31785.0,2026-02-18,0.0,23,2024-03
774,2024-03-21,18900.0,31785.0,2026-02-25,0.0,23,2024-03
774,2024-03-21,18900.0,31785.0,2026-03-04,0.0,24,2024-03
774,2024-03-21,18900.0,31785.0,2026-03-11,0.0,24,2024-03
774,2024-03-21,18900.0,31785.0,2026-03-18,0.0,24,2024-03
774,2024-03-21,18900.0,31785.0,2026-03-25,0.0,24,2024-03
775,2024-03-21,14920.0,20455.0,2024-03-28,853.0,0,2024-03
775,2024-03-21,14920.0,20455.0,2024-04-04,853.0,1,2024-03
775,2024-03-21,14920.0,20455.0,2024-04-11,850.0,1,2024-03
775,2024-03-21,14920.0,20455.0,2024-04-18,856.0,1,2024-03
775,2024-03-21,14920.0,20455.0,2024-04-25,1706.0,1,2024-03
775,2024-03-21,14920.0,20455.0,2024-05-02,0.0,2,2024-03
775,2024-03-21,14920.0,20455.0,2024-05-09,853.0,2,2024-03
775,2024-03-21,14920.0,20455.0,2024-05-16,853.0,2,2024-03
775,2024-03-21,14920.0,20455.0,2024-05-23,853.0,2,2024-03
775,2024-03-21,14920.0,20455.0,2024-05-30,853.0,2,2024-03
775,2024-03-21,14920.0,20455.0,2024-06-06,853.0,3,2024-03
775,2024-03-21,14920.0,20455.0,2024-06-13,853.0,3,2024-03
775,2024-03-21,14920.0,20455.0,2024-06-20,1706.0,3,2024-03
775,2024-03-21,14920.0,20455.0,2024-06-27,0.0,3,2024-03
775,2024-03-21,14920.0,20455.0,2024-07-04,853.0,4,2024-03
775,2024-03-21,14920.0,20455.0,2024-07-11,853.0,4,2024-03
775,2024-03-21,14920.0,20455.0,2024-07-18,852.0,4,2024-03
775,2024-03-21,14920.0,20455.0,2024-07-25,852.0,4,2024-03
775,2024-03-21,14920.0,20455.0,2024-08-01,852.0,5,2024-03
775,2024-03-21,14920.0,20455.0,2024-08-08,852.0,5,2024-03
775,2024-03-21,14920.0,20455.0,2024-08-15,852.0,5,2024-03
775,2024-03-21,14920.0,20455.0,2024-08-22,852.0,5,2024-03
775,2024-03-21,14920.0,20455.0,2024-08-29,842.0,5,2024-03
775,2024-03-21,14920.0,20455.0,2024-09-05,853.0,6,2024-03
776,2024-03-23,14920.0,26355.0,2024-03-30,853.0,0,2024-03
776,2024-03-23,14920.0,26355.0,2024-04-06,853.0,1,2024-03
776,2024-03-23,14920.0,26355.0,2024-04-13,500.0,1,2024-03
776,2024-03-23,14920.0,26355.0,2024-04-20,1206.0,1,2024-03
776,2024-03-23,14920.0,26355.0,2024-04-27,853.0,1,2024-03
776,2024-03-23,14920.0,26355.0,2024-05-04,853.0,2,2024-03
776,2024-03-23,14920.0,26355.0,2024-05-11,853.0,2,2024-03
776,2024-03-23,14920.0,26355.0,2024-05-18,853.0,2,2024-03
776,2024-03-23,14920.0,26355.0,2024-05-25,853.0,2,2024-03
776,2024-03-23,14920.0,26355.0,2024-06-01,853.0,3,2024-03
776,2024-03-23,14920.0,26355.0,2024-06-08,853.0,3,2024-03
776,2024-03-23,14920.0,26355.0,2024-06-15,853.0,3,2024-03
776,2024-03-23,14920.0,26355.0,2024-06-22,0.0,3,2024-03
776,2024-03-23,14920.0,26355.0,2024-06-29,0.0,3,2024-03
776,2024-03-23,14920.0,26355.0,2024-07-06,0.0,4,2024-03
776,2024-03-23,14920.0,26355.0,2024-07-13,0.0,4,2024-03
776,2024-03-23,14920.0,26355.0,2024-07-20,0.0,4,2024-03
776,2024-03-23,14920.0,26355.0,2024-07-27,0.0,4,2024-03
776,2024-03-23,14920.0,26355.0,2024-08-03,0.0,5,2024-03
776,2024-03-23,14920.0,26355.0,2024-08-10,0.0,5,2024-03
776,2024-03-23,14920.0,26355.0,2024-08-17,0.0,5,2024-03
776,2024-03-23,14920.0,26355.0,2024-08-24,0.0,5,2024-03
776,2024-03-23,14920.0,26355.0,2024-08-31,0.0,5,2024-03
776,2024-03-23,14920.0,26355.0,2024-09-07,0.0,6,2024-03
776,2024-03-23,14920.0,26355.0,2024-10-29,0.0,7,2024-03
776,2024-03-23,14920.0,26355.0,2024-11-02,0.0,8,2024-03
776,2024-03-23,14920.0,26355.0,2024-11-09,0.0,8,2024-03
776,2024-03-23,14920.0,26355.0,2024-11-16,0.0,8,2024-03
776,2024-03-23,14920.0,26355.0,2024-11-23,0.0,8,2024-03
776,2024-03-23,14920.0,26355.0,2024-11-30,0.0,8,2024-03
776,2024-03-23,14920.0,26355.0,2024-12-07,0.0,9,2024-03
776,2024-03-23,14920.0,26355.0,2024-12-14,0.0,9,2024-03
776,2024-03-23,14920.0,26355.0,2024-12-21,0.0,9,2024-03
776,2024-03-23,14920.0,26355.0,2024-12-28,0.0,9,2024-03
776,2024-03-23,14920.0,26355.0,2025-01-04,0.0,10,2024-03
776,2024-03-23,14920.0,26355.0,2025-01-11,0.0,10,2024-03
776,2024-03-23,14920.0,26355.0,2025-01-18,0.0,10,2024-03
776,2024-03-23,14920.0,26355.0,2025-01-29,500.0,10,2024-03
776,2024-03-23,14920.0,26355.0,2025-02-01,0.0,11,2024-03
776,2024-03-23,14920.0,26355.0,2025-02-08,0.0,11,2024-03
776,2024-03-23,14920.0,26355.0,2025-02-22,0.0,11,2024-03
776,2024-03-23,14920.0,26355.0,2025-03-01,0.0,12,2024-03
776,2024-03-23,14920.0,26355.0,2025-03-08,0.0,12,2024-03
776,2024-03-23,14920.0,26355.0,2025-03-15,0.0,12,2024-03
776,2024-03-23,14920.0,26355.0,2025-03-25,0.0,12,2024-03
776,2024-03-23,14920.0,26355.0,2025-04-06,0.0,13,2024-03
776,2024-03-23,14920.0,26355.0,2025-04-07,0.0,13,2024-03
776,2024-03-23,14920.0,26355.0,2025-04-12,0.0,13,2024-03
776,2024-03-23,14920.0,26355.0,2025-04-19,0.0,13,2024-03
776,2024-03-23,14920.0,26355.0,2025-04-26,0.0,13,2024-03
776,2024-03-23,14920.0,26355.0,2025-05-03,0.0,14,2024-03
776,2024-03-23,14920.0,26355.0,2025-05-10,0.0,14,2024-03
776,2024-03-23,14920.0,26355.0,2025-05-17,0.0,14,2024-03
776,2024-03-23,14920.0,26355.0,2025-05-24,0.0,14,2024-03
776,2024-03-23,14920.0,26355.0,2025-05-31,0.0,14,2024-03
776,2024-03-23,14920.0,26355.0,2025-06-07,0.0,15,2024-03
776,2024-03-23,14920.0,26355.0,2025-06-14,0.0,15,2024-03
776,2024-03-23,14920.0,26355.0,2025-06-21,0.0,15,2024-03
776,2024-03-23,14920.0,26355.0,2025-06-28,0.0,15,2024-03
776,2024-03-23,14920.0,26355.0,2025-07-05,0.0,16,2024-03
776,2024-03-23,14920.0,26355.0,2025-07-12,0.0,16,2024-03
776,2024-03-23,14920.0,26355.0,2025-07-19,0.0,16,2024-03
776,2024-03-23,14920.0,26355.0,2025-07-26,0.0,16,2024-03
776,2024-03-23,14920.0,26355.0,2025-08-02,0.0,17,2024-03
776,2024-03-23,14920.0,26355.0,2025-08-09,0.0,17,2024-03
776,2024-03-23,14920.0,26355.0,2025-08-16,0.0,17,2024-03
776,2024-03-23,14920.0,26355.0,2025-08-23,0.0,17,2024-03
776,2024-03-23,14920.0,26355.0,2025-08-30,0.0,17,2024-03
776,2024-03-23,14920.0,26355.0,2025-09-06,0.0,18,2024-03
776,2024-03-23,14920.0,26355.0,2025-09-13,0.0,18,2024-03
776,2024-03-23,14920.0,26355.0,2025-09-20,0.0,18,2024-03
776,2024-03-23,14920.0,26355.0,2025-09-27,0.0,18,2024-03
776,2024-03-23,14920.0,26355.0,2025-10-04,0.0,19,2024-03
776,2024-03-23,14920.0,26355.0,2025-10-12,0.0,19,2024-03
776,2024-03-23,14920.0,26355.0,2025-10-19,0.0,19,2024-03
776,2024-03-23,14920.0,26355.0,2025-10-26,0.0,19,2024-03
776,2024-03-23,14920.0,26355.0,2025-11-02,0.0,20,2024-03
776,2024-03-23,14920.0,26355.0,2025-11-09,0.0,20,2024-03
776,2024-03-23,14920.0,26355.0,2025-11-16,0.0,20,2024-03
776,2024-03-23,14920.0,26355.0,2025-11-23,0.0,20,2024-03
776,2024-03-23,14920.0,26355.0,2025-12-05,0.0,21,2024-03
776,2024-03-23,14920.0,26355.0,2025-12-12,0.0,21,2024-03
776,2024-03-23,14920.0,26355.0,2025-12-19,0.0,21,2024-03
776,2024-03-23,14920.0,26355.0,2025-12-26,0.0,21,2024-03
776,2024-03-23,14920.0,26355.0,2026-01-02,0.0,22,2024-03
776,2024-03-23,14920.0,26355.0,2026-01-09,0.0,22,2024-03
776,2024-03-23,14920.0,26355.0,2026-01-18,0.0,22,2024-03
776,2024-03-23,14920.0,26355.0,2026-01-23,0.0,22,2024-03
776,2024-03-23,14920.0,26355.0,2026-01-30,0.0,22,2024-03
776,2024-03-23,14920.0,26355.0,2026-02-06,0.0,23,2024-03
776,2024-03-23,14920.0,26355.0,2026-02-13,0.0,23,2024-03
776,2024-03-23,14920.0,26355.0,2026-02-20,0.0,23,2024-03
776,2024-03-23,14920.0,26355.0,2026-02-27,0.0,23,2024-03
776,2024-03-23,14920.0,26355.0,2026-03-06,0.0,24,2024-03
776,2024-03-23,14920.0,26355.0,2026-03-13,0.0,24,2024-03
776,2024-03-23,14920.0,26355.0,2026-03-20,0.0,24,2024-03
776,2024-03-23,14920.0,26355.0,2026-03-27,0.0,24,2024-03
777,2024-03-23,13200.0,18100.0,2024-03-30,750.0,0,2024-03
777,2024-03-23,13200.0,18100.0,2024-04-06,755.0,1,2024-03
777,2024-03-23,13200.0,18100.0,2024-04-13,3020.0,1,2024-03
777,2024-03-23,13200.0,18100.0,2024-04-20,0.0,1,2024-03
777,2024-03-23,13200.0,18100.0,2024-04-27,0.0,1,2024-03
777,2024-03-23,13200.0,18100.0,2024-05-04,0.0,2,2024-03
777,2024-03-23,13200.0,18100.0,2024-05-11,755.0,2,2024-03
777,2024-03-23,13200.0,18100.0,2024-05-18,755.0,2,2024-03
777,2024-03-23,13200.0,18100.0,2024-05-25,755.0,2,2024-03
777,2024-03-23,13200.0,18100.0,2024-06-01,755.0,3,2024-03
777,2024-03-23,13200.0,18100.0,2024-06-08,755.0,3,2024-03
777,2024-03-23,13200.0,18100.0,2024-06-15,755.0,3,2024-03
777,2024-03-23,13200.0,18100.0,2024-06-22,755.0,3,2024-03
777,2024-03-23,13200.0,18100.0,2024-06-29,755.0,3,2024-03
777,2024-03-23,13200.0,18100.0,2024-07-06,755.0,4,2024-03
777,2024-03-23,13200.0,18100.0,2024-07-13,755.0,4,2024-03
777,2024-03-23,13200.0,18100.0,2024-07-20,0.0,4,2024-03
777,2024-03-23,13200.0,18100.0,2024-07-27,1500.0,4,2024-03
777,2024-03-23,13200.0,18100.0,2024-08-03,755.0,5,2024-03
777,2024-03-23,13200.0,18100.0,2024-08-10,300.0,5,2024-03
777,2024-03-23,13200.0,18100.0,2024-08-17,750.0,5,2024-03
777,2024-03-23,13200.0,18100.0,2024-08-24,755.0,5,2024-03
777,2024-03-23,13200.0,18100.0,2024-08-31,1211.0,5,2024-03
777,2024-03-23,13200.0,18100.0,2024-09-07,700.0,6,2024-03
778,2024-03-23,14520.0,19910.0,2024-03-30,830.0,0,2024-03
778,2024-03-23,14520.0,19910.0,2024-04-06,830.0,1,2024-03
778,2024-03-23,14520.0,19910.0,2024-04-13,830.0,1,2024-03
778,2024-03-23,14520.0,19910.0,2024-04-20,830.0,1,2024-03
778,2024-03-23,14520.0,19910.0,2024-04-27,830.0,1,2024-03
778,2024-03-23,14520.0,19910.0,2024-05-04,830.0,2,2024-03
778,2024-03-23,14520.0,19910.0,2024-05-11,830.0,2,2024-03
778,2024-03-23,14520.0,19910.0,2024-05-18,830.0,2,2024-03
778,2024-03-23,14520.0,19910.0,2024-05-25,830.0,2,2024-03
778,2024-03-23,14520.0,19910.0,2024-06-01,830.0,3,2024-03
778,2024-03-23,14520.0,19910.0,2024-06-08,830.0,3,2024-03
778,2024-03-23,14520.0,19910.0,2024-06-15,830.0,3,2024-03
778,2024-03-23,14520.0,19910.0,2024-06-22,830.0,3,2024-03
778,2024-03-23,14520.0,19910.0,2024-06-29,830.0,3,2024-03
778,2024-03-23,14520.0,19910.0,2024-07-06,830.0,4,2024-03
778,2024-03-23,14520.0,19910.0,2024-07-13,830.0,4,2024-03
778,2024-03-23,14520.0,19910.0,2024-07-20,0.0,4,2024-03
778,2024-03-23,14520.0,19910.0,2024-07-27,0.0,4,2024-03
778,2024-03-23,14520.0,19910.0,2024-08-03,3106.0,5,2024-03
778,2024-03-23,14520.0,19910.0,2024-08-10,0.0,5,2024-03
778,2024-03-23,14520.0,19910.0,2024-08-17,1036.0,5,2024-03
778,2024-03-23,14520.0,19910.0,2024-08-24,830.0,5,2024-03
778,2024-03-23,14520.0,19910.0,2024-08-31,830.0,5,2024-03
778,2024-03-23,14520.0,19910.0,2024-09-07,830.0,6,2024-03
779,2024-03-23,14920.0,20455.0,2024-03-30,853.0,0,2024-03
779,2024-03-23,14920.0,20455.0,2024-04-06,853.0,1,2024-03
779,2024-03-23,14920.0,20455.0,2024-04-13,853.0,1,2024-03
779,2024-03-23,14920.0,20455.0,2024-04-20,853.0,1,2024-03
779,2024-03-23,14920.0,20455.0,2024-04-27,853.0,1,2024-03
779,2024-03-23,14920.0,20455.0,2024-05-04,850.0,2,2024-03
779,2024-03-23,14920.0,20455.0,2024-05-11,860.0,2,2024-03
779,2024-03-23,14920.0,20455.0,2024-05-18,853.0,2,2024-03
779,2024-03-23,14920.0,20455.0,2024-05-25,853.0,2,2024-03
779,2024-03-23,14920.0,20455.0,2024-06-01,853.0,3,2024-03
779,2024-03-23,14920.0,20455.0,2024-06-08,853.0,3,2024-03
779,2024-03-23,14920.0,20455.0,2024-06-15,853.0,3,2024-03
779,2024-03-23,14920.0,20455.0,2024-06-22,853.0,3,2024-03
779,2024-03-23,14920.0,20455.0,2024-06-29,853.0,3,2024-03
779,2024-03-23,14920.0,20455.0,2024-07-06,853.0,4,2024-03
779,2024-03-23,14920.0,20455.0,2024-07-13,853.0,4,2024-03
779,2024-03-23,14920.0,20455.0,2024-07-20,0.0,4,2024-03
779,2024-03-23,14920.0,20455.0,2024-07-27,858.0,4,2024-03
779,2024-03-23,14920.0,20455.0,2024-08-03,860.0,5,2024-03
779,2024-03-23,14920.0,20455.0,2024-08-10,860.0,5,2024-03
779,2024-03-23,14920.0,20455.0,2024-08-17,860.0,5,2024-03
779,2024-03-23,14920.0,20455.0,2024-08-24,860.0,5,2024-03
779,2024-03-23,14920.0,20455.0,2024-08-31,500.0,5,2024-03
779,2024-03-23,14920.0,20455.0,2024-09-07,850.0,6,2024-03
779,2024-03-23,14920.0,20455.0,2024-11-23,300.0,8,2024-03
779,2024-03-23,14920.0,20455.0,2024-11-23,200.0,8,2024-03
779,2024-03-23,14920.0,20455.0,2024-11-23,150.0,8,2024-03
779,2024-03-23,14920.0,20455.0,2024-11-23,250.0,8,2024-03
780,2024-03-24,9120.0,12560.0,2024-03-31,1070.0,0,2024-03
780,2024-03-24,9120.0,12560.0,2024-04-07,0.0,1,2024-03
780,2024-03-24,9120.0,12560.0,2024-04-14,1575.0,1,2024-03
780,2024-03-24,9120.0,12560.0,2024-04-21,0.0,1,2024-03
780,2024-03-24,9120.0,12560.0,2024-04-28,0.0,1,2024-03
780,2024-03-24,9120.0,12560.0,2024-05-05,524.0,2,2024-03
780,2024-03-24,9120.0,12560.0,2024-05-12,2100.0,2,2024-03
780,2024-03-24,9120.0,12560.0,2024-05-19,0.0,2,2024-03
780,2024-03-24,9120.0,12560.0,2024-05-26,0.0,2,2024-03
780,2024-03-24,9120.0,12560.0,2024-06-02,0.0,3,2024-03
780,2024-03-24,9120.0,12560.0,2024-06-09,524.0,3,2024-03
780,2024-03-24,9120.0,12560.0,2024-06-16,524.0,3,2024-03
780,2024-03-24,9120.0,12560.0,2024-06-23,524.0,3,2024-03
780,2024-03-24,9120.0,12560.0,2024-06-30,524.0,3,2024-03
780,2024-03-24,9120.0,12560.0,2024-07-07,525.0,4,2024-03
780,2024-03-24,9120.0,12560.0,2024-07-14,524.0,4,2024-03
780,2024-03-24,9120.0,12560.0,2024-07-21,0.0,4,2024-03
780,2024-03-24,9120.0,12560.0,2024-07-28,1006.0,4,2024-03
780,2024-03-24,9120.0,12560.0,2024-08-04,524.0,5,2024-03
780,2024-03-24,9120.0,12560.0,2024-08-11,0.0,5,2024-03
780,2024-03-24,9120.0,12560.0,2024-08-18,1050.0,5,2024-03
780,2024-03-24,9120.0,12560.0,2024-08-25,524.0,5,2024-03
780,2024-03-24,9120.0,12560.0,2024-09-01,524.0,6,2024-03
780,2024-03-24,9120.0,12560.0,2024-09-08,300.0,6,2024-03
780,2024-03-24,9120.0,12560.0,2024-09-15,318.0,6,2024-03
782,2024-03-24,13200.0,24000.0,2024-03-31,755.0,0,2024-03
782,2024-03-24,13200.0,24000.0,2024-04-07,755.0,1,2024-03
782,2024-03-24,13200.0,24000.0,2024-04-14,755.0,1,2024-03
782,2024-03-24,13200.0,24000.0,2024-04-21,755.0,1,2024-03
782,2024-03-24,13200.0,24000.0,2024-04-28,755.0,1,2024-03
782,2024-03-24,13200.0,24000.0,2024-05-05,755.0,2,2024-03
782,2024-03-24,13200.0,24000.0,2024-05-12,755.0,2,2024-03
782,2024-03-24,13200.0,24000.0,2024-05-19,755.0,2,2024-03
782,2024-03-24,13200.0,24000.0,2024-05-26,755.0,2,2024-03
782,2024-03-24,13200.0,24000.0,2024-06-02,300.0,3,2024-03
782,2024-03-24,13200.0,24000.0,2024-06-09,1210.0,3,2024-03
782,2024-03-24,13200.0,24000.0,2024-06-16,300.0,3,2024-03
782,2024-03-24,13200.0,24000.0,2024-06-23,0.0,3,2024-03
782,2024-03-24,13200.0,24000.0,2024-06-30,0.0,3,2024-03
782,2024-03-24,13200.0,24000.0,2024-07-07,0.0,4,2024-03
782,2024-03-24,13200.0,24000.0,2024-07-14,0.0,4,2024-03
782,2024-03-24,13200.0,24000.0,2024-07-21,0.0,4,2024-03
782,2024-03-24,13200.0,24000.0,2024-07-28,0.0,4,2024-03
782,2024-03-24,13200.0,24000.0,2024-08-04,0.0,5,2024-03
782,2024-03-24,13200.0,24000.0,2024-08-11,0.0,5,2024-03
782,2024-03-24,13200.0,24000.0,2024-08-18,0.0,5,2024-03
782,2024-03-24,13200.0,24000.0,2024-08-25,0.0,5,2024-03
782,2024-03-24,13200.0,24000.0,2024-09-01,0.0,6,2024-03
782,2024-03-24,13200.0,24000.0,2024-09-08,0.0,6,2024-03
782,2024-03-24,13200.0,24000.0,2024-10-29,0.0,7,2024-03
782,2024-03-24,13200.0,24000.0,2024-11-03,0.0,8,2024-03
782,2024-03-24,13200.0,24000.0,2024-11-10,0.0,8,2024-03
782,2024-03-24,13200.0,24000.0,2024-11-17,0.0,8,2024-03
782,2024-03-24,13200.0,24000.0,2024-11-24,0.0,8,2024-03
782,2024-03-24,13200.0,24000.0,2024-12-01,0.0,9,2024-03
782,2024-03-24,13200.0,24000.0,2024-12-08,0.0,9,2024-03
782,2024-03-24,13200.0,24000.0,2024-12-15,0.0,9,2024-03
782,2024-03-24,13200.0,24000.0,2024-12-22,0.0,9,2024-03
782,2024-03-24,13200.0,24000.0,2024-12-29,0.0,9,2024-03
782,2024-03-24,13200.0,24000.0,2025-01-05,0.0,10,2024-03
782,2024-03-24,13200.0,24000.0,2025-01-12,0.0,10,2024-03
782,2024-03-24,13200.0,24000.0,2025-01-19,0.0,10,2024-03
782,2024-03-24,13200.0,24000.0,2025-01-26,0.0,10,2024-03
782,2024-03-24,13200.0,24000.0,2025-02-02,0.0,11,2024-03
782,2024-03-24,13200.0,24000.0,2025-02-09,0.0,11,2024-03
782,2024-03-24,13200.0,24000.0,2025-02-16,0.0,11,2024-03
782,2024-03-24,13200.0,24000.0,2025-02-23,0.0,11,2024-03
782,2024-03-24,13200.0,24000.0,2025-03-02,0.0,12,2024-03
782,2024-03-24,13200.0,24000.0,2025-03-09,0.0,12,2024-03
782,2024-03-24,13200.0,24000.0,2025-03-16,0.0,12,2024-03
782,2024-03-24,13200.0,24000.0,2025-03-27,0.0,12,2024-03
782,2024-03-24,13200.0,24000.0,2025-04-06,0.0,13,2024-03
782,2024-03-24,13200.0,24000.0,2025-04-13,0.0,13,2024-03
782,2024-03-24,13200.0,24000.0,2025-04-20,0.0,13,2024-03
782,2024-03-24,13200.0,24000.0,2025-04-27,0.0,13,2024-03
782,2024-03-24,13200.0,24000.0,2025-05-04,0.0,14,2024-03
782,2024-03-24,13200.0,24000.0,2025-05-11,0.0,14,2024-03
782,2024-03-24,13200.0,24000.0,2025-05-18,0.0,14,2024-03
782,2024-03-24,13200.0,24000.0,2025-05-25,0.0,14,2024-03
782,2024-03-24,13200.0,24000.0,2025-06-01,0.0,15,2024-03
782,2024-03-24,13200.0,24000.0,2025-06-08,0.0,15,2024-03
782,2024-03-24,13200.0,24000.0,2025-06-15,0.0,15,2024-03
782,2024-03-24,13200.0,24000.0,2025-06-22,0.0,15,2024-03
782,2024-03-24,13200.0,24000.0,2025-06-29,0.0,15,2024-03
782,2024-03-24,13200.0,24000.0,2025-07-06,0.0,16,2024-03
782,2024-03-24,13200.0,24000.0,2025-07-13,0.0,16,2024-03
782,2024-03-24,13200.0,24000.0,2025-07-20,0.0,16,2024-03
782,2024-03-24,13200.0,24000.0,2025-07-27,0.0,16,2024-03
782,2024-03-24,13200.0,24000.0,2025-08-03,0.0,17,2024-03
782,2024-03-24,13200.0,24000.0,2025-08-10,0.0,17,2024-03
782,2024-03-24,13200.0,24000.0,2025-08-17,0.0,17,2024-03
782,2024-03-24,13200.0,24000.0,2025-08-24,0.0,17,2024-03
782,2024-03-24,13200.0,24000.0,2025-08-31,0.0,17,2024-03
782,2024-03-24,13200.0,24000.0,2025-09-07,0.0,18,2024-03
782,2024-03-24,13200.0,24000.0,2025-09-14,0.0,18,2024-03
782,2024-03-24,13200.0,24000.0,2025-09-21,0.0,18,2024-03
782,2024-03-24,13200.0,24000.0,2025-09-28,0.0,18,2024-03
782,2024-03-24,13200.0,24000.0,2025-10-05,0.0,19,2024-03
782,2024-03-24,13200.0,24000.0,2025-10-13,0.0,19,2024-03
782,2024-03-24,13200.0,24000.0,2025-10-20,0.0,19,2024-03
782,2024-03-24,13200.0,24000.0,2025-10-27,0.0,19,2024-03
782,2024-03-24,13200.0,24000.0,2025-11-03,0.0,20,2024-03
782,2024-03-24,13200.0,24000.0,2025-11-10,0.0,20,2024-03
782,2024-03-24,13200.0,24000.0,2025-11-17,0.0,20,2024-03
782,2024-03-24,13200.0,24000.0,2025-11-24,0.0,20,2024-03
782,2024-03-24,13200.0,24000.0,2025-12-06,0.0,21,2024-03
782,2024-03-24,13200.0,24000.0,2025-12-13,0.0,21,2024-03
782,2024-03-24,13200.0,24000.0,2025-12-20,0.0,21,2024-03
782,2024-03-24,13200.0,24000.0,2025-12-27,0.0,21,2024-03
782,2024-03-24,13200.0,24000.0,2026-01-03,0.0,22,2024-03
782,2024-03-24,13200.0,24000.0,2026-01-10,0.0,22,2024-03
782,2024-03-24,13200.0,24000.0,2026-01-17,0.0,22,2024-03
782,2024-03-24,13200.0,24000.0,2026-01-24,0.0,22,2024-03
782,2024-03-24,13200.0,24000.0,2026-01-31,0.0,22,2024-03
782,2024-03-24,13200.0,24000.0,2026-02-07,0.0,23,2024-03
782,2024-03-24,13200.0,24000.0,2026-02-14,0.0,23,2024-03
782,2024-03-24,13200.0,24000.0,2026-02-21,0.0,23,2024-03
782,2024-03-24,13200.0,24000.0,2026-02-28,0.0,23,2024-03
782,2024-03-24,13200.0,24000.0,2026-03-07,0.0,24,2024-03
782,2024-03-24,13200.0,24000.0,2026-03-14,0.0,24,2024-03
782,2024-03-24,13200.0,24000.0,2026-03-21,0.0,24,2024-03
783,2024-03-25,14920.0,20455.0,2024-04-01,853.0,1,2024-03
783,2024-03-25,14920.0,20455.0,2024-04-08,853.0,1,2024-03
783,2024-03-25,14920.0,20455.0,2024-04-15,853.0,1,2024-03
783,2024-03-25,14920.0,20455.0,2024-04-22,853.0,1,2024-03
783,2024-03-25,14920.0,20455.0,2024-04-29,853.0,1,2024-03
783,2024-03-25,14920.0,20455.0,2024-05-06,853.0,2,2024-03
783,2024-03-25,14920.0,20455.0,2024-05-13,853.0,2,2024-03
783,2024-03-25,14920.0,20455.0,2024-05-20,853.0,2,2024-03
783,2024-03-25,14920.0,20455.0,2024-05-27,853.0,2,2024-03
783,2024-03-25,14920.0,20455.0,2024-06-03,853.0,3,2024-03
783,2024-03-25,14920.0,20455.0,2024-06-10,853.0,3,2024-03
783,2024-03-25,14920.0,20455.0,2024-06-17,853.0,3,2024-03
783,2024-03-25,14920.0,20455.0,2024-06-24,852.0,3,2024-03
783,2024-03-25,14920.0,20455.0,2024-07-01,852.0,4,2024-03
783,2024-03-25,14920.0,20455.0,2024-07-08,852.0,4,2024-03
783,2024-03-25,14920.0,20455.0,2024-07-15,852.0,4,2024-03
783,2024-03-25,14920.0,20455.0,2024-07-22,852.0,4,2024-03
783,2024-03-25,14920.0,20455.0,2024-07-29,852.0,4,2024-03
783,2024-03-25,14920.0,20455.0,2024-08-05,852.0,5,2024-03
783,2024-03-25,14920.0,20455.0,2024-08-12,852.0,5,2024-03
783,2024-03-25,14920.0,20455.0,2024-08-19,852.0,5,2024-03
783,2024-03-25,14920.0,20455.0,2024-08-26,852.0,5,2024-03
783,2024-03-25,14920.0,20455.0,2024-09-02,1700.0,6,2024-03
784,2024-03-25,13400.0,19100.0,2024-04-01,768.0,1,2024-03
784,2024-03-25,13400.0,19100.0,2024-04-08,763.0,1,2024-03
784,2024-03-25,13400.0,19100.0,2024-04-15,763.0,1,2024-03
784,2024-03-25,13400.0,19100.0,2024-04-22,763.0,1,2024-03
784,2024-03-25,13400.0,19100.0,2024-04-29,763.0,1,2024-03
784,2024-03-25,13400.0,19100.0,2024-05-06,763.0,2,2024-03
784,2024-03-25,13400.0,19100.0,2024-05-13,763.0,2,2024-03
784,2024-03-25,13400.0,19100.0,2024-05-20,763.0,2,2024-03
784,2024-03-25,13400.0,19100.0,2024-05-27,763.0,2,2024-03
784,2024-03-25,13400.0,19100.0,2024-06-03,300.0,3,2024-03
784,2024-03-25,13400.0,19100.0,2024-06-10,1226.0,3,2024-03
784,2024-03-25,13400.0,19100.0,2024-06-17,763.0,3,2024-03
784,2024-03-25,13400.0,19100.0,2024-06-24,300.0,3,2024-03
784,2024-03-25,13400.0,19100.0,2024-07-01,1214.0,4,2024-03
784,2024-03-25,13400.0,19100.0,2024-07-08,300.0,4,2024-03
784,2024-03-25,13400.0,19100.0,2024-07-15,763.0,4,2024-03
784,2024-03-25,13400.0,19100.0,2024-07-22,0.0,4,2024-03
784,2024-03-25,13400.0,19100.0,2024-07-29,1200.0,4,2024-03
784,2024-03-25,13400.0,19100.0,2024-08-05,0.0,5,2024-03
784,2024-03-25,13400.0,19100.0,2024-08-12,0.0,5,2024-03
784,2024-03-25,13400.0,19100.0,2024-08-19,0.0,5,2024-03
784,2024-03-25,13400.0,19100.0,2024-08-26,0.0,5,2024-03
784,2024-03-25,13400.0,19100.0,2024-09-02,2800.0,6,2024-03
784,2024-03-25,13400.0,19100.0,2024-09-09,0.0,6,2024-03
784,2024-03-25,13400.0,19100.0,2024-10-29,0.0,7,2024-03
784,2024-03-25,13400.0,19100.0,2024-11-04,0.0,8,2024-03
784,2024-03-25,13400.0,19100.0,2024-11-11,0.0,8,2024-03
784,2024-03-25,13400.0,19100.0,2024-11-18,0.0,8,2024-03
784,2024-03-25,13400.0,19100.0,2024-11-25,0.0,8,2024-03
784,2024-03-25,13400.0,19100.0,2024-12-02,0.0,9,2024-03
784,2024-03-25,13400.0,19100.0,2024-12-09,0.0,9,2024-03
784,2024-03-25,13400.0,19100.0,2024-12-17,0.0,9,2024-03
784,2024-03-25,13400.0,19100.0,2024-12-23,0.0,9,2024-03
784,2024-03-25,13400.0,19100.0,2024-12-30,0.0,9,2024-03
784,2024-03-25,13400.0,19100.0,2025-01-06,0.0,10,2024-03
784,2024-03-25,13400.0,19100.0,2025-01-14,0.0,10,2024-03
784,2024-03-25,13400.0,19100.0,2025-01-20,0.0,10,2024-03
784,2024-03-25,13400.0,19100.0,2025-01-27,0.0,10,2024-03
784,2024-03-25,13400.0,19100.0,2025-02-03,0.0,11,2024-03
785,2024-03-25,12080.0,16542.0,2024-04-01,690.0,1,2024-03
785,2024-03-25,12080.0,16542.0,2024-04-08,690.0,1,2024-03
785,2024-03-25,12080.0,16542.0,2024-04-15,690.0,1,2024-03
785,2024-03-25,12080.0,16542.0,2024-04-22,690.0,1,2024-03
785,2024-03-25,12080.0,16542.0,2024-04-29,690.0,1,2024-03
785,2024-03-25,12080.0,16542.0,2024-05-06,580.0,2,2024-03
785,2024-03-25,12080.0,16542.0,2024-05-13,800.0,2,2024-03
785,2024-03-25,12080.0,16542.0,2024-05-20,600.0,2,2024-03
785,2024-03-25,12080.0,16542.0,2024-05-27,780.0,2,2024-03
785,2024-03-25,12080.0,16542.0,2024-06-03,690.0,3,2024-03
785,2024-03-25,12080.0,16542.0,2024-06-10,690.0,3,2024-03
785,2024-03-25,12080.0,16542.0,2024-06-17,690.0,3,2024-03
785,2024-03-25,12080.0,16542.0,2024-06-24,690.0,3,2024-03
785,2024-03-25,12080.0,16542.0,2024-07-01,690.0,4,2024-03
785,2024-03-25,12080.0,16542.0,2024-07-08,690.0,4,2024-03
785,2024-03-25,12080.0,16542.0,2024-07-15,690.0,4,2024-03
785,2024-03-25,12080.0,16542.0,2024-07-22,0.0,4,2024-03
785,2024-03-25,12080.0,16542.0,2024-07-29,690.0,4,2024-03
785,2024-03-25,12080.0,16542.0,2024-08-05,690.0,5,2024-03
785,2024-03-25,12080.0,16542.0,2024-08-12,690.0,5,2024-03
785,2024-03-25,12080.0,16542.0,2024-08-19,690.0,5,2024-03
785,2024-03-25,12080.0,16542.0,2024-08-26,690.0,5,2024-03
785,2024-03-25,12080.0,16542.0,2024-09-02,1000.0,6,2024-03
785,2024-03-25,12080.0,16542.0,2024-09-09,1052.0,6,2024-03
786,2024-03-27,10920.0,15024.0,2024-04-03,626.0,1,2024-03
786,2024-03-27,10920.0,15024.0,2024-04-10,624.0,1,2024-03
786,2024-03-27,10920.0,15024.0,2024-04-17,628.0,1,2024-03
786,2024-03-27,10920.0,15024.0,2024-04-24,624.0,1,2024-03
786,2024-03-27,10920.0,15024.0,2024-05-01,728.0,2,2024-03
786,2024-03-27,10920.0,15024.0,2024-05-08,626.0,2,2024-03
786,2024-03-27,10920.0,15024.0,2024-05-15,626.0,2,2024-03
786,2024-03-27,10920.0,15024.0,2024-05-22,626.0,2,2024-03
786,2024-03-27,10920.0,15024.0,2024-05-29,600.0,2,2024-03
786,2024-03-27,10920.0,15024.0,2024-06-05,0.0,3,2024-03
786,2024-03-27,10920.0,15024.0,2024-06-12,0.0,3,2024-03
786,2024-03-27,10920.0,15024.0,2024-06-19,0.0,3,2024-03
786,2024-03-27,10920.0,15024.0,2024-06-26,0.0,3,2024-03
786,2024-03-27,10920.0,15024.0,2024-07-03,1248.0,4,2024-03
786,2024-03-27,10920.0,15024.0,2024-07-10,1252.0,4,2024-03
786,2024-03-27,10920.0,15024.0,2024-07-17,626.0,4,2024-03
786,2024-03-27,10920.0,15024.0,2024-07-24,0.0,4,2024-03
786,2024-03-27,10920.0,15024.0,2024-07-31,626.0,4,2024-03
786,2024-03-27,10920.0,15024.0,2024-08-07,1000.0,5,2024-03
786,2024-03-27,10920.0,15024.0,2024-08-14,1000.0,5,2024-03
786,2024-03-27,10920.0,15024.0,2024-08-21,1000.0,5,2024-03
786,2024-03-27,10920.0,15024.0,2024-08-28,1000.0,5,2024-03
786,2024-03-27,10920.0,15024.0,2024-09-04,1564.0,6,2024-03
788,2024-03-27,15080.0,20600.0,2024-04-03,859.0,1,2024-03
788,2024-03-27,15080.0,20600.0,2024-04-10,859.0,1,2024-03
788,2024-03-27,15080.0,20600.0,2024-04-17,859.0,1,2024-03
788,2024-03-27,15080.0,20600.0,2024-04-24,100.0,1,2024-03
788,2024-03-27,15080.0,20600.0,2024-05-01,1618.0,2,2024-03
788,2024-03-27,15080.0,20600.0,2024-05-08,859.0,2,2024-03
788,2024-03-27,15080.0,20600.0,2024-05-15,859.0,2,2024-03
788,2024-03-27,15080.0,20600.0,2024-05-22,118.0,2,2024-03
788,2024-03-27,15080.0,20600.0,2024-05-29,1600.0,2,2024-03
788,2024-03-27,15080.0,20600.0,2024-06-05,100.0,3,2024-03
788,2024-03-27,15080.0,20600.0,2024-06-12,1618.0,3,2024-03
788,2024-03-27,15080.0,20600.0,2024-06-19,430.0,3,2024-03
788,2024-03-27,15080.0,20600.0,2024-06-26,200.0,3,2024-03
788,2024-03-27,15080.0,20600.0,2024-07-03,200.0,4,2024-03
788,2024-03-27,15080.0,20600.0,2024-07-10,2596.0,4,2024-03
788,2024-03-27,15080.0,20600.0,2024-07-17,859.0,4,2024-03
788,2024-03-27,15080.0,20600.0,2024-07-24,0.0,4,2024-03
788,2024-03-27,15080.0,20600.0,2024-07-31,1000.0,4,2024-03
788,2024-03-27,15080.0,20600.0,2024-08-07,1000.0,5,2024-03
788,2024-03-27,15080.0,20600.0,2024-08-14,733.0,5,2024-03
788,2024-03-27,15080.0,20600.0,2024-08-21,800.0,5,2024-03
788,2024-03-27,15080.0,20600.0,2024-08-28,916.0,5,2024-03
788,2024-03-27,15080.0,20600.0,2024-09-04,417.0,6,2024-03
788,2024-03-27,15080.0,20600.0,2024-09-11,2000.0,6,2024-03
789,2024-03-27,10050.0,13800.0,2024-04-03,575.0,1,2024-03
789,2024-03-27,10050.0,13800.0,2024-04-10,575.0,1,2024-03
789,2024-03-27,10050.0,13800.0,2024-04-17,575.0,1,2024-03
789,2024-03-27,10050.0,13800.0,2024-04-24,575.0,1,2024-03
789,2024-03-27,10050.0,13800.0,2024-05-01,575.0,2,2024-03
789,2024-03-27,10050.0,13800.0,2024-05-08,575.0,2,2024-03
789,2024-03-27,10050.0,13800.0,2024-05-15,575.0,2,2024-03
789,2024-03-27,10050.0,13800.0,2024-05-22,575.0,2,2024-03
789,2024-03-27,10050.0,13800.0,2024-05-29,375.0,2,2024-03
789,2024-03-27,10050.0,13800.0,2024-06-05,775.0,3,2024-03
789,2024-03-27,10050.0,13800.0,2024-06-12,575.0,3,2024-03
789,2024-03-27,10050.0,13800.0,2024-06-19,45.0,3,2024-03
789,2024-03-27,10050.0,13800.0,2024-06-26,530.0,3,2024-03
789,2024-03-27,10050.0,13800.0,2024-07-03,575.0,4,2024-03
789,2024-03-27,10050.0,13800.0,2024-07-10,575.0,4,2024-03
789,2024-03-27,10050.0,13800.0,2024-07-17,575.0,4,2024-03
789,2024-03-27,10050.0,13800.0,2024-07-24,575.0,4,2024-03
789,2024-03-27,10050.0,13800.0,2024-07-31,575.0,4,2024-03
789,2024-03-27,10050.0,13800.0,2024-08-07,1150.0,5,2024-03
789,2024-03-27,10050.0,13800.0,2024-08-14,575.0,5,2024-03
789,2024-03-27,10050.0,13800.0,2024-08-21,575.0,5,2024-03
789,2024-03-27,10050.0,13800.0,2024-08-28,575.0,5,2024-03
789,2024-03-27,10050.0,13800.0,2024-09-04,575.0,6,2024-03
789,2024-03-27,10050.0,13800.0,2024-09-11,575.0,6,2024-03
791,2024-03-28,7595.0,10511.0,2024-04-04,500.0,1,2024-03
791,2024-03-28,7595.0,10511.0,2024-04-11,440.0,1,2024-03
791,2024-03-28,7595.0,10511.0,2024-04-18,440.0,1,2024-03
791,2024-03-28,7595.0,10511.0,2024-04-25,440.0,1,2024-03
791,2024-03-28,7595.0,10511.0,2024-05-02,500.0,2,2024-03
791,2024-03-28,7595.0,10511.0,2024-05-09,500.0,2,2024-03
791,2024-03-28,7595.0,10511.0,2024-05-16,450.0,2,2024-03
791,2024-03-28,7595.0,10511.0,2024-05-23,440.0,2,2024-03
791,2024-03-28,7595.0,10511.0,2024-05-30,440.0,2,2024-03
791,2024-03-28,7595.0,10511.0,2024-06-06,440.0,3,2024-03
791,2024-03-28,7595.0,10511.0,2024-06-13,500.0,3,2024-03
791,2024-03-28,7595.0,10511.0,2024-06-20,440.0,3,2024-03
791,2024-03-28,7595.0,10511.0,2024-06-27,500.0,3,2024-03
791,2024-03-28,7595.0,10511.0,2024-07-04,440.0,4,2024-03
791,2024-03-28,7595.0,10511.0,2024-07-11,441.0,4,2024-03
791,2024-03-28,7595.0,10511.0,2024-07-18,440.0,4,2024-03
791,2024-03-28,7595.0,10511.0,2024-07-25,440.0,4,2024-03
791,2024-03-28,7595.0,10511.0,2024-08-01,440.0,5,2024-03
791,2024-03-28,7595.0,10511.0,2024-08-08,440.0,5,2024-03
791,2024-03-28,7595.0,10511.0,2024-08-15,450.0,5,2024-03
791,2024-03-28,7595.0,10511.0,2024-08-22,500.0,5,2024-03
791,2024-03-28,7595.0,10511.0,2024-10-28,890.0,7,2024-03
792,2024-03-28,15180.0,21900.0,2024-04-04,880.0,1,2024-03
792,2024-03-28,15180.0,21900.0,2024-04-11,1000.0,1,2024-03
792,2024-03-28,15180.0,21900.0,2024-04-18,870.0,1,2024-03
792,2024-03-28,15180.0,21900.0,2024-04-25,895.0,1,2024-03
792,2024-03-28,15180.0,21900.0,2024-05-02,895.0,2,2024-03
792,2024-03-28,15180.0,21900.0,2024-05-09,895.0,2,2024-03
792,2024-03-28,15180.0,21900.0,2024-05-16,900.0,2,2024-03
792,2024-03-28,15180.0,21900.0,2024-05-23,895.0,2,2024-03
792,2024-03-28,15180.0,21900.0,2024-05-30,890.0,2,2024-03
792,2024-03-28,15180.0,21900.0,2024-06-06,880.0,3,2024-03
792,2024-03-28,15180.0,21900.0,2024-06-13,1750.0,3,2024-03
792,2024-03-28,15180.0,21900.0,2024-06-20,0.0,3,2024-03
792,2024-03-28,15180.0,21900.0,2024-06-27,700.0,3,2024-03
792,2024-03-28,15180.0,21900.0,2024-07-04,870.0,4,2024-03
792,2024-03-28,15180.0,21900.0,2024-07-11,863.0,4,2024-03
792,2024-03-28,15180.0,21900.0,2024-07-18,0.0,4,2024-03
792,2024-03-28,15180.0,21900.0,2024-07-25,0.0,4,2024-03
792,2024-03-28,15180.0,21900.0,2024-08-01,0.0,5,2024-03
792,2024-03-28,15180.0,21900.0,2024-08-08,0.0,5,2024-03
792,2024-03-28,15180.0,21900.0,2024-08-15,0.0,5,2024-03
792,2024-03-28,15180.0,21900.0,2024-08-22,2000.0,5,2024-03
792,2024-03-28,15180.0,21900.0,2024-08-29,0.0,5,2024-03
792,2024-03-28,15180.0,21900.0,2024-09-05,0.0,6,2024-03
792,2024-03-28,15180.0,21900.0,2024-09-12,0.0,6,2024-03
792,2024-03-28,15180.0,21900.0,2024-10-29,1800.0,7,2024-03
792,2024-03-28,15180.0,21900.0,2024-10-29,0.0,7,2024-03
792,2024-03-28,15180.0,21900.0,2024-10-31,0.0,7,2024-03
792,2024-03-28,15180.0,21900.0,2024-11-07,0.0,8,2024-03
792,2024-03-28,15180.0,21900.0,2024-11-14,0.0,8,2024-03
792,2024-03-28,15180.0,21900.0,2024-11-21,0.0,8,2024-03
792,2024-03-28,15180.0,21900.0,2024-11-28,0.0,8,2024-03
792,2024-03-28,15180.0,21900.0,2024-12-05,0.0,9,2024-03
792,2024-03-28,15180.0,21900.0,2024-12-12,0.0,9,2024-03
792,2024-03-28,15180.0,21900.0,2024-12-19,0.0,9,2024-03
792,2024-03-28,15180.0,21900.0,2024-12-26,0.0,9,2024-03
792,2024-03-28,15180.0,21900.0,2025-01-02,0.0,10,2024-03
792,2024-03-28,15180.0,21900.0,2025-01-09,0.0,10,2024-03
792,2024-03-28,15180.0,21900.0,2025-01-16,0.0,10,2024-03
792,2024-03-28,15180.0,21900.0,2025-01-23,0.0,10,2024-03
792,2024-03-28,15180.0,21900.0,2025-01-30,0.0,10,2024-03
792,2024-03-28,15180.0,21900.0,2025-02-06,870.0,11,2024-03
792,2024-03-28,15180.0,21900.0,2025-02-13,1000.0,11,2024-03
792,2024-03-28,15180.0,21900.0,2025-02-20,0.0,11,2024-03
792,2024-03-28,15180.0,21900.0,2025-03-03,2900.0,12,2024-03
793,2024-03-30,15180.0,20700.0,2024-04-06,863.0,1,2024-03
793,2024-03-30,15180.0,20700.0,2024-04-13,850.0,1,2024-03
793,2024-03-30,15180.0,20700.0,2024-04-20,870.0,1,2024-03
793,2024-03-30,15180.0,20700.0,2024-04-27,867.0,1,2024-03
793,2024-03-30,15180.0,20700.0,2024-05-04,150.0,2,2024-03
793,2024-03-30,15180.0,20700.0,2024-05-11,1578.0,2,2024-03
793,2024-03-30,15180.0,20700.0,2024-05-18,860.0,2,2024-03
793,2024-03-30,15180.0,20700.0,2024-05-25,800.0,2,2024-03
793,2024-03-30,15180.0,20700.0,2024-06-01,850.0,3,2024-03
793,2024-03-30,15180.0,20700.0,2024-06-08,942.0,3,2024-03
793,2024-03-30,15180.0,20700.0,2024-06-15,860.0,3,2024-03
793,2024-03-30,15180.0,20700.0,2024-06-22,850.0,3,2024-03
793,2024-03-30,15180.0,20700.0,2024-06-29,873.0,3,2024-03
793,2024-03-30,15180.0,20700.0,2024-07-06,500.0,4,2024-03
793,2024-03-30,15180.0,20700.0,2024-07-13,1000.0,4,2024-03
793,2024-03-30,15180.0,20700.0,2024-07-20,0.0,4,2024-03
793,2024-03-30,15180.0,20700.0,2024-07-27,300.0,4,2024-03
793,2024-03-30,15180.0,20700.0,2024-08-03,0.0,5,2024-03
793,2024-03-30,15180.0,20700.0,2024-08-10,0.0,5,2024-03
793,2024-03-30,15180.0,20700.0,2024-08-17,2000.0,5,2024-03
793,2024-03-30,15180.0,20700.0,2024-08-24,300.0,5,2024-03
793,2024-03-30,15180.0,20700.0,2024-08-31,1800.0,5,2024-03
793,2024-03-30,15180.0,20700.0,2024-09-07,500.0,6,2024-03
793,2024-03-30,15180.0,20700.0,2024-09-14,400.0,6,2024-03
793,2024-03-30,15180.0,20700.0,2024-11-23,350.0,8,2024-03
793,2024-03-30,15180.0,20700.0,2024-11-23,2300.0,8,2024-03
793,2024-03-30,15180.0,20700.0,2024-11-23,337.0,8,2024-03
794,2024-03-30,12420.0,17037.0,2024-04-06,710.0,1,2024-03
794,2024-03-30,12420.0,17037.0,2024-04-13,710.0,1,2024-03
794,2024-03-30,12420.0,17037.0,2024-04-20,710.0,1,2024-03
794,2024-03-30,12420.0,17037.0,2024-04-27,710.0,1,2024-03
794,2024-03-30,12420.0,17037.0,2024-05-04,710.0,2,2024-03
794,2024-03-30,12420.0,17037.0,2024-05-11,710.0,2,2024-03
794,2024-03-30,12420.0,17037.0,2024-05-18,710.0,2,2024-03
794,2024-03-30,12420.0,17037.0,2024-05-25,710.0,2,2024-03
794,2024-03-30,12420.0,17037.0,2024-06-01,710.0,3,2024-03
794,2024-03-30,12420.0,17037.0,2024-06-08,710.0,3,2024-03
794,2024-03-30,12420.0,17037.0,2024-06-15,710.0,3,2024-03
794,2024-03-30,12420.0,17037.0,2024-06-22,710.0,3,2024-03
794,2024-03-30,12420.0,17037.0,2024-06-29,710.0,3,2024-03
794,2024-03-30,12420.0,17037.0,2024-07-06,710.0,4,2024-03
794,2024-03-30,12420.0,17037.0,2024-07-13,710.0,4,2024-03
794,2024-03-30,12420.0,17037.0,2024-07-20,0.0,4,2024-03
794,2024-03-30,12420.0,17037.0,2024-07-27,810.0,4,2024-03
794,2024-03-30,12420.0,17037.0,2024-08-03,1000.0,5,2024-03
794,2024-03-30,12420.0,17037.0,2024-08-10,1018.0,5,2024-03
794,2024-03-30,12420.0,17037.0,2024-08-17,720.0,5,2024-03
794,2024-03-30,12420.0,17037.0,2024-08-24,710.0,5,2024-03
794,2024-03-30,12420.0,17037.0,2024-08-31,710.0,5,2024-03
794,2024-03-30,12420.0,17037.0,2024-09-07,710.0,6,2024-03
794,2024-03-30,12420.0,17037.0,2024-09-14,0.0,6,2024-03
795,2024-03-30,9950.0,14388.0,2024-04-06,571.0,1,2024-03
795,2024-03-30,9950.0,14388.0,2024-04-13,571.0,1,2024-03
795,2024-03-30,9950.0,14388.0,2024-04-20,571.0,1,2024-03
795,2024-03-30,9950.0,14388.0,2024-04-27,571.0,1,2024-03
795,2024-03-30,9950.0,14388.0,2024-05-04,571.0,2,2024-03
795,2024-03-30,9950.0,14388.0,2024-05-11,571.0,2,2024-03
795,2024-03-30,9950.0,14388.0,2024-05-18,571.0,2,2024-03
795,2024-03-30,9950.0,14388.0,2024-05-25,571.0,2,2024-03
795,2024-03-30,9950.0,14388.0,2024-06-01,571.0,3,2024-03
795,2024-03-30,9950.0,14388.0,2024-06-08,571.0,3,2024-03
795,2024-03-30,9950.0,14388.0,2024-06-15,571.0,3,2024-03
795,2024-03-30,9950.0,14388.0,2024-06-22,700.0,3,2024-03
795,2024-03-30,9950.0,14388.0,2024-06-29,0.0,3,2024-03
795,2024-03-30,9950.0,14388.0,2024-07-06,500.0,4,2024-03
795,2024-03-30,9950.0,14388.0,2024-07-13,500.0,4,2024-03
795,2024-03-30,9950.0,14388.0,2024-07-20,0.0,4,2024-03
795,2024-03-30,9950.0,14388.0,2024-07-27,1000.0,4,2024-03
795,2024-03-30,9950.0,14388.0,2024-08-03,0.0,5,2024-03
795,2024-03-30,9950.0,14388.0,2024-08-10,0.0,5,2024-03
795,2024-03-30,9950.0,14388.0,2024-08-17,0.0,5,2024-03
795,2024-03-30,9950.0,14388.0,2024-08-24,0.0,5,2024-03
795,2024-03-30,9950.0,14388.0,2024-08-31,0.0,5,2024-03
795,2024-03-30,9950.0,14388.0,2024-09-07,0.0,6,2024-03
795,2024-03-30,9950.0,14388.0,2024-09-14,0.0,6,2024-03
795,2024-03-30,9950.0,14388.0,2024-10-29,0.0,7,2024-03
795,2024-03-30,9950.0,14388.0,2024-11-02,0.0,8,2024-03
795,2024-03-30,9950.0,14388.0,2024-11-09,0.0,8,2024-03
795,2024-03-30,9950.0,14388.0,2024-11-16,0.0,8,2024-03
795,2024-03-30,9950.0,14388.0,2024-11-24,3000.0,8,2024-03
795,2024-03-30,9950.0,14388.0,2024-11-30,500.0,8,2024-03
795,2024-03-30,9950.0,14388.0,2024-12-07,500.0,9,2024-03
795,2024-03-30,9950.0,14388.0,2024-12-14,500.0,9,2024-03
795,2024-03-30,9950.0,14388.0,2024-12-26,500.0,9,2024-03
795,2024-03-30,9950.0,14388.0,2024-12-28,406.0,9,2024-03
796,2024-03-31,9045.0,12450.0,2024-04-07,519.0,1,2024-03
796,2024-03-31,9045.0,12450.0,2024-04-14,519.0,1,2024-03
796,2024-03-31,9045.0,12450.0,2024-04-21,519.0,1,2024-03
796,2024-03-31,9045.0,12450.0,2024-04-28,519.0,1,2024-03
796,2024-03-31,9045.0,12450.0,2024-05-05,519.0,2,2024-03
796,2024-03-31,9045.0,12450.0,2024-05-12,519.0,2,2024-03
796,2024-03-31,9045.0,12450.0,2024-05-19,519.0,2,2024-03
796,2024-03-31,9045.0,12450.0,2024-05-26,519.0,2,2024-03
796,2024-03-31,9045.0,12450.0,2024-06-02,519.0,3,2024-03
796,2024-03-31,9045.0,12450.0,2024-06-09,519.0,3,2024-03
796,2024-03-31,9045.0,12450.0,2024-06-16,519.0,3,2024-03
796,2024-03-31,9045.0,12450.0,2024-06-23,519.0,3,2024-03
796,2024-03-31,9045.0,12450.0,2024-06-30,519.0,3,2024-03
796,2024-03-31,9045.0,12450.0,2024-07-07,519.0,4,2024-03
796,2024-03-31,9045.0,12450.0,2024-07-14,519.0,4,2024-03
796,2024-03-31,9045.0,12450.0,2024-07-21,0.0,4,2024-03
796,2024-03-31,9045.0,12450.0,2024-07-28,1034.0,4,2024-03
796,2024-03-31,9045.0,12450.0,2024-08-04,210.0,5,2024-03
796,2024-03-31,9045.0,12450.0,2024-08-11,827.0,5,2024-03
796,2024-03-31,9045.0,12450.0,2024-08-18,519.0,5,2024-03
796,2024-03-31,9045.0,12450.0,2024-08-25,519.0,5,2024-03
796,2024-03-31,9045.0,12450.0,2024-09-01,519.0,6,2024-03
796,2024-03-31,9045.0,12450.0,2024-09-08,519.0,6,2024-03
796,2024-03-31,9045.0,12450.0,2024-09-15,519.0,6,2024-03
797,2024-03-31,13200.0,18060.0,2024-04-07,753.0,1,2024-03
797,2024-03-31,13200.0,18060.0,2024-04-14,753.0,1,2024-03
797,2024-03-31,13200.0,18060.0,2024-04-21,753.0,1,2024-03
797,2024-03-31,13200.0,18060.0,2024-04-28,700.0,1,2024-03
797,2024-03-31,13200.0,18060.0,2024-05-05,753.0,2,2024-03
797,2024-03-31,13200.0,18060.0,2024-05-12,806.0,2,2024-03
797,2024-03-31,13200.0,18060.0,2024-05-19,750.0,2,2024-03
797,2024-03-31,13200.0,18060.0,2024-05-26,756.0,2,2024-03
797,2024-03-31,13200.0,18060.0,2024-06-02,753.0,3,2024-03
797,2024-03-31,13200.0,18060.0,2024-06-09,753.0,3,2024-03
797,2024-03-31,13200.0,18060.0,2024-06-16,753.0,3,2024-03
797,2024-03-31,13200.0,18060.0,2024-06-23,753.0,3,2024-03
797,2024-03-31,13200.0,18060.0,2024-06-30,753.0,3,2024-03
797,2024-03-31,13200.0,18060.0,2024-07-07,500.0,4,2024-03
797,2024-03-31,13200.0,18060.0,2024-07-14,1000.0,4,2024-03
797,2024-03-31,13200.0,18060.0,2024-07-21,0.0,4,2024-03
797,2024-03-31,13200.0,18060.0,2024-07-28,1000.0,4,2024-03
797,2024-03-31,13200.0,18060.0,2024-08-04,753.0,5,2024-03
797,2024-03-31,13200.0,18060.0,2024-08-11,1256.0,5,2024-03
797,2024-03-31,13200.0,18060.0,2024-08-18,753.0,5,2024-03
797,2024-03-31,13200.0,18060.0,2024-08-25,753.0,5,2024-03
797,2024-03-31,13200.0,18060.0,2024-09-01,500.0,6,2024-03
797,2024-03-31,13200.0,18060.0,2024-09-08,750.0,6,2024-03
797,2024-03-31,13200.0,18060.0,2024-09-15,1006.0,6,2024-03
798,2024-03-31,10680.0,15580.0,2024-04-07,612.0,1,2024-03
798,2024-03-31,10680.0,15580.0,2024-04-14,500.0,1,2024-03
798,2024-03-31,10680.0,15580.0,2024-04-21,724.0,1,2024-03
798,2024-03-31,10680.0,15580.0,2024-04-28,300.0,1,2024-03
798,2024-03-31,10680.0,15580.0,2024-05-05,900.0,2,2024-03
798,2024-03-31,10680.0,15580.0,2024-05-12,636.0,2,2024-03
798,2024-03-31,10680.0,15580.0,2024-05-19,612.0,2,2024-03
798,2024-03-31,10680.0,15580.0,2024-05-26,600.0,2,2024-03
798,2024-03-31,10680.0,15580.0,2024-06-02,500.0,3,2024-03
798,2024-03-31,10680.0,15580.0,2024-06-09,500.0,3,2024-03
798,2024-03-31,10680.0,15580.0,2024-06-16,500.0,3,2024-03
798,2024-03-31,10680.0,15580.0,2024-06-23,400.0,3,2024-03
798,2024-03-31,10680.0,15580.0,2024-06-30,200.0,3,2024-03
798,2024-03-31,10680.0,15580.0,2024-07-07,200.0,4,2024-03
798,2024-03-31,10680.0,15580.0,2024-07-14,200.0,4,2024-03
798,2024-03-31,10680.0,15580.0,2024-07-21,0.0,4,2024-03
798,2024-03-31,10680.0,15580.0,2024-07-28,0.0,4,2024-03
798,2024-03-31,10680.0,15580.0,2024-08-04,2000.0,5,2024-03
798,2024-03-31,10680.0,15580.0,2024-08-11,0.0,5,2024-03
798,2024-03-31,10680.0,15580.0,2024-08-18,1000.0,5,2024-03
798,2024-03-31,10680.0,15580.0,2024-08-25,0.0,5,2024-03
798,2024-03-31,10680.0,15580.0,2024-09-01,0.0,6,2024-03
798,2024-03-31,10680.0,15580.0,2024-09-08,0.0,6,2024-03
798,2024-03-31,10680.0,15580.0,2024-09-15,0.0,6,2024-03
798,2024-03-31,10680.0,15580.0,2024-10-29,0.0,7,2024-03
798,2024-03-31,10680.0,15580.0,2024-11-04,1000.0,8,2024-03
798,2024-03-31,10680.0,15580.0,2024-11-10,0.0,8,2024-03
798,2024-03-31,10680.0,15580.0,2024-11-17,0.0,8,2024-03
798,2024-03-31,10680.0,15580.0,2024-11-24,0.0,8,2024-03
798,2024-03-31,10680.0,15580.0,2024-12-01,0.0,9,2024-03
798,2024-03-31,10680.0,15580.0,2024-12-08,0.0,9,2024-03
798,2024-03-31,10680.0,15580.0,2024-12-15,0.0,9,2024-03
798,2024-03-31,10680.0,15580.0,2024-12-23,1000.0,9,2024-03
798,2024-03-31,10680.0,15580.0,2024-12-29,0.0,9,2024-03
798,2024-03-31,10680.0,15580.0,2025-01-05,0.0,10,2024-03
798,2024-03-31,10680.0,15580.0,2025-01-12,0.0,10,2024-03
798,2024-03-31,10680.0,15580.0,2025-01-19,1500.0,10,2024-03
798,2024-03-31,10680.0,15580.0,2025-01-26,0.0,10,2024-03
798,2024-03-31,10680.0,15580.0,2025-02-04,700.0,11,2024-03
798,2024-03-31,10680.0,15580.0,2025-02-09,0.0,11,2024-03
798,2024-03-31,10680.0,15580.0,2025-02-18,600.0,11,2024-03
798,2024-03-31,10680.0,15580.0,2025-02-23,200.0,11,2024-03
799,2024-03-31,14880.0,20305.0,2024-04-07,847.0,1,2024-03
799,2024-03-31,14880.0,20305.0,2024-04-14,847.0,1,2024-03
799,2024-03-31,14880.0,20305.0,2024-04-21,847.0,1,2024-03
799,2024-03-31,14880.0,20305.0,2024-04-28,847.0,1,2024-03
799,2024-03-31,14880.0,20305.0,2024-05-05,847.0,2,2024-03
799,2024-03-31,14880.0,20305.0,2024-05-12,847.0,2,2024-03
799,2024-03-31,14880.0,20305.0,2024-05-19,847.0,2,2024-03
799,2024-03-31,14880.0,20305.0,2024-05-26,347.0,2,2024-03
799,2024-03-31,14880.0,20305.0,2024-06-02,1347.0,3,2024-03
799,2024-03-31,14880.0,20305.0,2024-06-09,847.0,3,2024-03
799,2024-03-31,14880.0,20305.0,2024-06-16,847.0,3,2024-03
799,2024-03-31,14880.0,20305.0,2024-06-23,847.0,3,2024-03
799,2024-03-31,14880.0,20305.0,2024-06-30,847.0,3,2024-03
799,2024-03-31,14880.0,20305.0,2024-07-07,846.0,4,2024-03
799,2024-03-31,14880.0,20305.0,2024-07-14,846.0,4,2024-03
799,2024-03-31,14880.0,20305.0,2024-07-21,0.0,4,2024-03
799,2024-03-31,14880.0,20305.0,2024-07-28,1100.0,4,2024-03
799,2024-03-31,14880.0,20305.0,2024-08-04,1000.0,5,2024-03
799,2024-03-31,14880.0,20305.0,2024-08-11,1272.0,5,2024-03
799,2024-03-31,14880.0,20305.0,2024-08-18,846.0,5,2024-03
799,2024-03-31,14880.0,20305.0,2024-08-25,846.0,5,2024-03
799,2024-03-31,14880.0,20305.0,2024-09-01,846.0,6,2024-03
799,2024-03-31,14880.0,20305.0,2024-09-08,846.0,6,2024-03
799,2024-03-31,14880.0,20305.0,2024-09-15,846.0,6,2024-03
822,2024-02-19,11200.0,14880.0,2024-02-26,620.0,0,2024-02
822,2024-02-19,11200.0,14880.0,2024-03-04,620.0,1,2024-02
822,2024-02-19,11200.0,14880.0,2024-03-11,620.0,1,2024-02
822,2024-02-19,11200.0,14880.0,2024-03-18,620.0,1,2024-02
822,2024-02-19,11200.0,14880.0,2024-03-25,620.0,1,2024-02
822,2024-02-19,11200.0,14880.0,2024-04-01,620.0,2,2024-02
822,2024-02-19,11200.0,14880.0,2024-04-08,620.0,2,2024-02
822,2024-02-19,11200.0,14880.0,2024-04-15,620.0,2,2024-02
822,2024-02-19,11200.0,14880.0,2024-04-22,620.0,2,2024-02
822,2024-02-19,11200.0,14880.0,2024-04-29,620.0,2,2024-02
822,2024-02-19,11200.0,14880.0,2024-05-06,620.0,3,2024-02
822,2024-02-19,11200.0,14880.0,2024-05-13,620.0,3,2024-02
822,2024-02-19,11200.0,14880.0,2024-05-20,1240.0,3,2024-02
822,2024-02-19,11200.0,14880.0,2024-05-27,0.0,3,2024-02
822,2024-02-19,11200.0,14880.0,2024-06-03,620.0,4,2024-02
822,2024-02-19,11200.0,14880.0,2024-06-10,1240.0,4,2024-02
822,2024-02-19,11200.0,14880.0,2024-06-17,0.0,4,2024-02
822,2024-02-19,11200.0,14880.0,2024-06-24,620.0,4,2024-02
822,2024-02-19,11200.0,14880.0,2024-07-01,620.0,5,2024-02
822,2024-02-19,11200.0,14880.0,2024-07-08,620.0,5,2024-02
822,2024-02-19,11200.0,14880.0,2024-07-15,620.0,5,2024-02
822,2024-02-19,11200.0,14880.0,2024-07-22,620.0,5,2024-02
822,2024-02-19,11200.0,14880.0,2024-07-29,620.0,5,2024-02
822,2024-02-19,11200.0,14880.0,2024-08-05,620.0,6,2024-02
922,2024-02-19,12995.0,17135.0,2024-02-26,2664.0,0,2024-02
922,2024-02-19,12995.0,17135.0,2024-03-04,0.0,1,2024-02
922,2024-02-19,12995.0,17135.0,2024-03-11,0.0,1,2024-02
922,2024-02-19,12995.0,17135.0,2024-03-18,0.0,1,2024-02
922,2024-02-19,12995.0,17135.0,2024-03-25,3000.0,1,2024-02
922,2024-02-19,12995.0,17135.0,2024-04-01,0.0,2,2024-02
922,2024-02-19,12995.0,17135.0,2024-04-08,0.0,2,2024-02
922,2024-02-19,12995.0,17135.0,2024-04-15,0.0,2,2024-02
922,2024-02-19,12995.0,17135.0,2024-04-22,3000.0,2,2024-02
922,2024-02-19,12995.0,17135.0,2024-04-29,0.0,2,2024-02
922,2024-02-19,12995.0,17135.0,2024-05-06,0.0,3,2024-02
922,2024-02-19,12995.0,17135.0,2024-05-13,0.0,3,2024-02
922,2024-02-19,12995.0,17135.0,2024-05-20,3000.0,3,2024-02
922,2024-02-19,12995.0,17135.0,2024-05-27,0.0,3,2024-02
922,2024-02-19,12995.0,17135.0,2024-06-03,0.0,4,2024-02
922,2024-02-19,12995.0,17135.0,2024-06-10,0.0,4,2024-02
922,2024-02-19,12995.0,17135.0,2024-06-17,3000.0,4,2024-02
922,2024-02-19,12995.0,17135.0,2024-06-24,0.0,4,2024-02
922,2024-02-19,12995.0,17135.0,2024-07-01,0.0,5,2024-02
922,2024-02-19,12995.0,17135.0,2024-07-08,0.0,5,2024-02
922,2024-02-19,12995.0,17135.0,2024-10-28,2471.0,8,2024-02
926,2024-01-30,10075.0,12245.0,2024-02-06,511.0,1,2024-01
926,2024-01-30,10075.0,12245.0,2024-02-13,511.0,1,2024-01
926,2024-01-30,10075.0,12245.0,2024-02-20,522.0,1,2024-01
926,2024-01-30,10075.0,12245.0,2024-02-27,510.0,1,2024-01
926,2024-01-30,10075.0,12245.0,2024-03-05,511.0,2,2024-01
926,2024-01-30,10075.0,12245.0,2024-03-12,511.0,2,2024-01
926,2024-01-30,10075.0,12245.0,2024-03-19,510.0,2,2024-01
926,2024-01-30,10075.0,12245.0,2024-03-26,511.0,2,2024-01
926,2024-01-30,10075.0,12245.0,2024-04-02,511.0,3,2024-01
926,2024-01-30,10075.0,12245.0,2024-04-09,509.0,3,2024-01
926,2024-01-30,10075.0,12245.0,2024-04-16,511.0,3,2024-01
926,2024-01-30,10075.0,12245.0,2024-04-23,510.0,3,2024-01
926,2024-01-30,10075.0,12245.0,2024-04-30,509.0,3,2024-01
926,2024-01-30,10075.0,12245.0,2024-05-07,510.0,4,2024-01
926,2024-01-30,10075.0,12245.0,2024-05-14,510.0,4,2024-01
926,2024-01-30,10075.0,12245.0,2024-05-21,510.0,4,2024-01
926,2024-01-30,10075.0,12245.0,2024-05-28,505.0,4,2024-01
926,2024-01-30,10075.0,12245.0,2024-06-04,520.0,5,2024-01
926,2024-01-30,10075.0,12245.0,2024-06-11,510.0,5,2024-01
926,2024-01-30,10075.0,12245.0,2024-06-18,0.0,5,2024-01
926,2024-01-30,10075.0,12245.0,2024-06-25,510.0,5,2024-01
926,2024-01-30,10075.0,12245.0,2024-07-02,500.0,6,2024-01
926,2024-01-30,10075.0,12245.0,2024-10-28,1523.0,9,2024-01
1001,2024-04-02,7595.0,10511.0,2024-04-09,438.0,0,2024-04
1001,2024-04-02,7595.0,10511.0,2024-04-16,876.0,0,2024-04
1001,2024-04-02,7595.0,10511.0,2024-04-23,0.0,0,2024-04
1001,2024-04-02,7595.0,10511.0,2024-04-30,876.0,0,2024-04
1001,2024-04-02,7595.0,10511.0,2024-05-07,0.0,1,2024-04
1001,2024-04-02,7595.0,10511.0,2024-05-14,1752.0,1,2024-04
1001,2024-04-02,7595.0,10511.0,2024-05-21,0.0,1,2024-04
1001,2024-04-02,7595.0,10511.0,2024-05-28,0.0,1,2024-04
1001,2024-04-02,7595.0,10511.0,2024-06-04,0.0,2,2024-04
1001,2024-04-02,7595.0,10511.0,2024-06-11,1752.0,2,2024-04
1001,2024-04-02,7595.0,10511.0,2024-06-18,0.0,2,2024-04
1001,2024-04-02,7595.0,10511.0,2024-06-25,0.0,2,2024-04
1001,2024-04-02,7595.0,10511.0,2024-07-02,0.0,3,2024-04
1001,2024-04-02,7595.0,10511.0,2024-07-09,1752.0,3,2024-04
1001,2024-04-02,7595.0,10511.0,2024-07-16,0.0,3,2024-04
1001,2024-04-02,7595.0,10511.0,2024-07-23,0.0,3,2024-04
1001,2024-04-02,7595.0,10511.0,2024-07-30,0.0,3,2024-04
1001,2024-04-02,7595.0,10511.0,2024-10-28,3065.0,6,2024-04
1002,2024-04-02,17420.0,23711.0,2024-04-09,1000.0,0,2024-04
1002,2024-04-02,17420.0,23711.0,2024-04-16,1000.0,0,2024-04
1002,2024-04-02,17420.0,23711.0,2024-04-23,1000.0,0,2024-04
1002,2024-04-02,17420.0,23711.0,2024-04-30,1000.0,0,2024-04
1002,2024-04-02,17420.0,23711.0,2024-05-07,1000.0,1,2024-04
1002,2024-04-02,17420.0,23711.0,2024-05-14,1000.0,1,2024-04
1002,2024-04-02,17420.0,23711.0,2024-05-21,1000.0,1,2024-04
1002,2024-04-02,17420.0,23711.0,2024-05-28,1000.0,1,2024-04
1002,2024-04-02,17420.0,23711.0,2024-06-04,1000.0,2,2024-04
1002,2024-04-02,17420.0,23711.0,2024-06-11,1000.0,2,2024-04
1002,2024-04-02,17420.0,23711.0,2024-06-18,1000.0,2,2024-04
1002,2024-04-02,17420.0,23711.0,2024-06-25,1000.0,2,2024-04
1002,2024-04-02,17420.0,23711.0,2024-07-02,1000.0,3,2024-04
1002,2024-04-02,17420.0,23711.0,2024-07-09,1000.0,3,2024-04
1002,2024-04-02,17420.0,23711.0,2024-07-16,1000.0,3,2024-04
1002,2024-04-02,17420.0,23711.0,2024-07-23,0.0,3,2024-04
1002,2024-04-02,17420.0,23711.0,2024-07-30,1999.0,3,2024-04
1002,2024-04-02,17420.0,23711.0,2024-08-06,1000.0,4,2024-04
1002,2024-04-02,17420.0,23711.0,2024-08-13,1000.0,4,2024-04
1002,2024-04-02,17420.0,23711.0,2024-08-20,1000.0,4,2024-04
1002,2024-04-02,17420.0,23711.0,2024-08-27,1000.0,4,2024-04
1002,2024-04-02,17420.0,23711.0,2024-09-03,1000.0,5,2024-04
1002,2024-04-02,17420.0,23711.0,2024-10-28,1712.0,6,2024-04
1003,2024-04-03,8040.0,11100.0,2024-04-10,463.0,0,2024-04
1003,2024-04-03,8040.0,11100.0,2024-04-17,463.0,0,2024-04
1003,2024-04-03,8040.0,11100.0,2024-04-24,463.0,0,2024-04
1003,2024-04-03,8040.0,11100.0,2024-05-01,463.0,1,2024-04
1003,2024-04-03,8040.0,11100.0,2024-05-08,463.0,1,2024-04
1003,2024-04-03,8040.0,11100.0,2024-05-15,463.0,1,2024-04
1003,2024-04-03,8040.0,11100.0,2024-05-22,926.0,1,2024-04
1003,2024-04-03,8040.0,11100.0,2024-05-29,0.0,1,2024-04
1003,2024-04-03,8040.0,11100.0,2024-06-05,463.0,2,2024-04
1003,2024-04-03,8040.0,11100.0,2024-06-12,463.0,2,2024-04
1003,2024-04-03,8040.0,11100.0,2024-06-19,926.0,2,2024-04
1003,2024-04-03,8040.0,11100.0,2024-06-26,0.0,2,2024-04
1003,2024-04-03,8040.0,11100.0,2024-07-03,926.0,3,2024-04
1003,2024-04-03,8040.0,11100.0,2024-07-10,0.0,3,2024-04
1003,2024-04-03,8040.0,11100.0,2024-07-17,463.0,3,2024-04
1003,2024-04-03,8040.0,11100.0,2024-07-24,0.0,3,2024-04
1003,2024-04-03,8040.0,11100.0,2024-07-31,918.0,3,2024-04
1003,2024-04-03,8040.0,11100.0,2024-08-07,0.0,4,2024-04
1003,2024-04-03,8040.0,11100.0,2024-08-14,926.0,4,2024-04
1003,2024-04-03,8040.0,11100.0,2024-08-21,1000.0,4,2024-04
1003,2024-04-03,8040.0,11100.0,2024-08-28,0.0,4,2024-04
1003,2024-04-03,8040.0,11100.0,2024-09-04,0.0,5,2024-04
1003,2024-04-03,8040.0,11100.0,2024-09-11,1311.0,5,2024-04
1006,2024-04-03,15540.0,21175.0,2024-04-10,4400.0,0,2024-04
1006,2024-04-03,15540.0,21175.0,2024-04-17,0.0,0,2024-04
1006,2024-04-03,15540.0,21175.0,2024-04-24,0.0,0,2024-04
1006,2024-04-03,15540.0,21175.0,2024-05-01,0.0,1,2024-04
1006,2024-04-03,15540.0,21175.0,2024-05-08,0.0,1,2024-04
1006,2024-04-03,15540.0,21175.0,2024-05-15,3532.0,1,2024-04
1006,2024-04-03,15540.0,21175.0,2024-05-22,0.0,1,2024-04
1006,2024-04-03,15540.0,21175.0,2024-05-29,0.0,1,2024-04
1006,2024-04-03,15540.0,21175.0,2024-06-05,0.0,2,2024-04
1006,2024-04-03,15540.0,21175.0,2024-06-12,3532.0,2,2024-04
1006,2024-04-03,15540.0,21175.0,2024-06-19,0.0,2,2024-04
1006,2024-04-03,15540.0,21175.0,2024-06-26,0.0,2,2024-04
1006,2024-04-03,15540.0,21175.0,2024-07-03,0.0,3,2024-04
1006,2024-04-03,15540.0,21175.0,2024-07-10,3532.0,3,2024-04
1006,2024-04-03,15540.0,21175.0,2024-07-17,0.0,3,2024-04
1006,2024-04-03,15540.0,21175.0,2024-07-24,0.0,3,2024-04
1006,2024-04-03,15540.0,21175.0,2024-07-31,0.0,3,2024-04
1006,2024-04-03,15540.0,21175.0,2024-08-07,3532.0,4,2024-04
1006,2024-04-03,15540.0,21175.0,2024-08-14,0.0,4,2024-04
1006,2024-04-03,15540.0,21175.0,2024-08-21,0.0,4,2024-04
1006,2024-04-03,15540.0,21175.0,2024-08-28,0.0,4,2024-04
1006,2024-04-03,15540.0,21175.0,2024-09-04,0.0,5,2024-04
1006,2024-04-03,15540.0,21175.0,2024-09-11,2647.0,5,2024-04
1007,2024-04-03,10680.0,14680.0,2024-04-10,3060.0,0,2024-04
1007,2024-04-03,10680.0,14680.0,2024-04-17,0.0,0,2024-04
1007,2024-04-03,10680.0,14680.0,2024-04-24,0.0,0,2024-04
1007,2024-04-03,10680.0,14680.0,2024-05-01,0.0,1,2024-04
1007,2024-04-03,10680.0,14680.0,2024-05-08,0.0,1,2024-04
1007,2024-04-03,10680.0,14680.0,2024-05-15,2448.0,1,2024-04
1007,2024-04-03,10680.0,14680.0,2024-05-22,0.0,1,2024-04
1007,2024-04-03,10680.0,14680.0,2024-05-29,0.0,1,2024-04
1007,2024-04-03,10680.0,14680.0,2024-06-05,0.0,2,2024-04
1007,2024-04-03,10680.0,14680.0,2024-06-12,1225.0,2,2024-04
1007,2024-04-03,10680.0,14680.0,2024-06-19,0.0,2,2024-04
1007,2024-04-03,10680.0,14680.0,2024-06-26,1225.0,2,2024-04
1007,2024-04-03,10680.0,14680.0,2024-07-03,0.0,3,2024-04
1007,2024-04-03,10680.0,14680.0,2024-07-10,2448.0,3,2024-04
1007,2024-04-03,10680.0,14680.0,2024-07-17,0.0,3,2024-04
1007,2024-04-03,10680.0,14680.0,2024-07-24,0.0,3,2024-04
1007,2024-04-03,10680.0,14680.0,2024-07-31,0.0,3,2024-04
1007,2024-04-03,10680.0,14680.0,2024-08-07,2448.0,4,2024-04
1007,2024-04-03,10680.0,14680.0,2024-08-14,0.0,4,2024-04
1007,2024-04-03,10680.0,14680.0,2024-08-21,0.0,4,2024-04
1007,2024-04-03,10680.0,14680.0,2024-08-28,0.0,4,2024-04
1007,2024-04-03,10680.0,14680.0,2024-09-04,265.0,5,2024-04
1007,2024-04-03,10680.0,14680.0,2024-10-28,1561.0,6,2024-04
1008,2024-04-03,10050.0,13800.0,2024-04-10,575.0,0,2024-04
1008,2024-04-03,10050.0,13800.0,2024-04-17,575.0,0,2024-04
1008,2024-04-03,10050.0,13800.0,2024-04-24,0.0,0,2024-04
1008,2024-04-03,10050.0,13800.0,2024-05-01,1150.0,1,2024-04
1008,2024-04-03,10050.0,13800.0,2024-05-08,575.0,1,2024-04
1008,2024-04-03,10050.0,13800.0,2024-05-15,200.0,1,2024-04
1008,2024-04-03,10050.0,13800.0,2024-05-22,950.0,1,2024-04
1008,2024-04-03,10050.0,13800.0,2024-05-29,575.0,1,2024-04
1008,2024-04-03,10050.0,13800.0,2024-06-05,575.0,2,2024-04
1008,2024-04-03,10050.0,13800.0,2024-06-12,200.0,2,2024-04
1008,2024-04-03,10050.0,13800.0,2024-06-19,950.0,2,2024-04
1008,2024-04-03,10050.0,13800.0,2024-06-26,200.0,2,2024-04
1008,2024-04-03,10050.0,13800.0,2024-07-03,950.0,3,2024-04
1008,2024-04-03,10050.0,13800.0,2024-07-10,200.0,3,2024-04
1008,2024-04-03,10050.0,13800.0,2024-07-17,950.0,3,2024-04
1008,2024-04-03,10050.0,13800.0,2024-07-24,0.0,3,2024-04
1008,2024-04-03,10050.0,13800.0,2024-07-31,0.0,3,2024-04
1008,2024-04-03,10050.0,13800.0,2024-08-07,0.0,4,2024-04
1008,2024-04-03,10050.0,13800.0,2024-08-14,1700.0,4,2024-04
1008,2024-04-03,10050.0,13800.0,2024-08-21,0.0,4,2024-04
1008,2024-04-03,10050.0,13800.0,2024-08-28,0.0,4,2024-04
1008,2024-04-03,10050.0,13800.0,2024-09-04,0.0,5,2024-04
1008,2024-04-03,10050.0,13800.0,2024-09-11,2500.0,5,2024-04
1008,2024-04-03,10050.0,13800.0,2024-09-18,160.0,5,2024-04
1008,2024-04-03,10050.0,13800.0,2024-11-23,915.0,7,2024-04
1009,2024-04-04,17820.0,24300.0,2024-04-11,1013.0,0,2024-04
1009,2024-04-04,17820.0,24300.0,2024-04-18,1013.0,0,2024-04
1009,2024-04-04,17820.0,24300.0,2024-04-25,1013.0,0,2024-04
1009,2024-04-04,17820.0,24300.0,2024-05-02,1013.0,1,2024-04
1009,2024-04-04,17820.0,24300.0,2024-05-09,1013.0,1,2024-04
1009,2024-04-04,17820.0,24300.0,2024-05-16,1013.0,1,2024-04
1009,2024-04-04,17820.0,24300.0,2024-05-23,1013.0,1,2024-04
1009,2024-04-04,17820.0,24300.0,2024-05-30,1013.0,1,2024-04
1009,2024-04-04,17820.0,24300.0,2024-06-06,1013.0,2,2024-04
1009,2024-04-04,17820.0,24300.0,2024-06-13,1013.0,2,2024-04
1009,2024-04-04,17820.0,24300.0,2024-06-20,1013.0,2,2024-04
1009,2024-04-04,17820.0,24300.0,2024-06-27,1013.0,2,2024-04
1009,2024-04-04,17820.0,24300.0,2024-07-04,1013.0,3,2024-04
1009,2024-04-04,17820.0,24300.0,2024-07-11,1013.0,3,2024-04
1009,2024-04-04,17820.0,24300.0,2024-07-18,1013.0,3,2024-04
1009,2024-04-04,17820.0,24300.0,2024-07-25,1013.0,3,2024-04
1009,2024-04-04,17820.0,24300.0,2024-08-01,1013.0,4,2024-04
1009,2024-04-04,17820.0,24300.0,2024-08-08,1013.0,4,2024-04
1009,2024-04-04,17820.0,24300.0,2024-08-15,1013.0,4,2024-04
1009,2024-04-04,17820.0,24300.0,2024-08-22,1013.0,4,2024-04
1009,2024-04-04,17820.0,24300.0,2024-08-29,1013.0,4,2024-04
1009,2024-04-04,17820.0,24300.0,2024-09-05,1013.0,5,2024-04
1009,2024-04-04,17820.0,24300.0,2024-09-12,1013.0,5,2024-04
1009,2024-04-04,17820.0,24300.0,2024-09-19,1001.0,5,2024-04
1010,2024-04-04,8610.0,11873.0,2024-04-11,495.0,0,2024-04
1010,2024-04-04,8610.0,11873.0,2024-04-18,495.0,0,2024-04
1010,2024-04-04,8610.0,11873.0,2024-04-25,495.0,0,2024-04
1010,2024-04-04,8610.0,11873.0,2024-05-02,495.0,1,2024-04
1010,2024-04-04,8610.0,11873.0,2024-05-09,495.0,1,2024-04
1010,2024-04-04,8610.0,11873.0,2024-05-16,495.0,1,2024-04
1010,2024-04-04,8610.0,11873.0,2024-05-23,500.0,1,2024-04
1010,2024-04-04,8610.0,11873.0,2024-05-30,495.0,1,2024-04
1010,2024-04-04,8610.0,11873.0,2024-06-06,495.0,2,2024-04
1010,2024-04-04,8610.0,11873.0,2024-06-13,500.0,2,2024-04
1010,2024-04-04,8610.0,11873.0,2024-06-20,500.0,2,2024-04
1010,2024-04-04,8610.0,11873.0,2024-06-27,500.0,2,2024-04
1010,2024-04-04,8610.0,11873.0,2024-07-04,495.0,3,2024-04
1010,2024-04-04,8610.0,11873.0,2024-07-11,500.0,3,2024-04
1010,2024-04-04,8610.0,11873.0,2024-07-18,495.0,3,2024-04
1010,2024-04-04,8610.0,11873.0,2024-07-25,500.0,3,2024-04
1010,2024-04-04,8610.0,11873.0,2024-08-01,495.0,4,2024-04
1010,2024-04-04,8610.0,11873.0,2024-08-08,500.0,4,2024-04
1010,2024-04-04,8610.0,11873.0,2024-08-15,495.0,4,2024-04
1010,2024-04-04,8610.0,11873.0,2024-08-22,500.0,4,2024-04
1010,2024-04-04,8610.0,11873.0,2024-08-29,495.0,4,2024-04
1010,2024-04-04,8610.0,11873.0,2024-09-05,495.0,5,2024-04
1010,2024-04-04,8610.0,11873.0,2024-09-12,500.0,5,2024-04
1010,2024-04-04,8610.0,11873.0,2024-10-28,443.0,6,2024-04
1011,2024-04-04,15080.0,20600.0,2024-04-11,859.0,0,2024-04
1011,2024-04-04,15080.0,20600.0,2024-04-18,859.0,0,2024-04
1011,2024-04-04,15080.0,20600.0,2024-04-25,859.0,0,2024-04
1011,2024-04-04,15080.0,20600.0,2024-05-02,859.0,1,2024-04
1011,2024-04-04,15080.0,20600.0,2024-05-09,859.0,1,2024-04
1011,2024-04-04,15080.0,20600.0,2024-05-16,859.0,1,2024-04
1011,2024-04-04,15080.0,20600.0,2024-05-23,859.0,1,2024-04
1011,2024-04-04,15080.0,20600.0,2024-05-30,859.0,1,2024-04
1011,2024-04-04,15080.0,20600.0,2024-06-06,859.0,2,2024-04
1011,2024-04-04,15080.0,20600.0,2024-06-13,859.0,2,2024-04
1011,2024-04-04,15080.0,20600.0,2024-06-20,859.0,2,2024-04
1011,2024-04-04,15080.0,20600.0,2024-06-27,859.0,2,2024-04
1011,2024-04-04,15080.0,20600.0,2024-07-04,859.0,3,2024-04
1011,2024-04-04,15080.0,20600.0,2024-07-11,859.0,3,2024-04
1011,2024-04-04,15080.0,20600.0,2024-07-18,859.0,3,2024-04
1011,2024-04-04,15080.0,20600.0,2024-07-25,859.0,3,2024-04
1011,2024-04-04,15080.0,20600.0,2024-08-01,859.0,4,2024-04
1011,2024-04-04,15080.0,20600.0,2024-08-08,859.0,4,2024-04
1011,2024-04-04,15080.0,20600.0,2024-08-15,859.0,4,2024-04
1011,2024-04-04,15080.0,20600.0,2024-08-22,859.0,4,2024-04
1011,2024-04-04,15080.0,20600.0,2024-08-29,859.0,4,2024-04
1011,2024-04-04,15080.0,20600.0,2024-09-05,859.0,5,2024-04
1011,2024-04-04,15080.0,20600.0,2024-09-12,859.0,5,2024-04
1011,2024-04-04,15080.0,20600.0,2024-09-19,859.0,5,2024-04
1012,2024-04-04,8910.0,12285.0,2024-04-11,512.0,0,2024-04
1012,2024-04-04,8910.0,12285.0,2024-04-18,512.0,0,2024-04
1012,2024-04-04,8910.0,12285.0,2024-04-25,512.0,0,2024-04
1012,2024-04-04,8910.0,12285.0,2024-05-02,512.0,1,2024-04
1012,2024-04-04,8910.0,12285.0,2024-05-09,2048.0,1,2024-04
1012,2024-04-04,8910.0,12285.0,2024-05-16,0.0,1,2024-04
1012,2024-04-04,8910.0,12285.0,2024-05-23,0.0,1,2024-04
1012,2024-04-04,8910.0,12285.0,2024-05-30,0.0,1,2024-04
1012,2024-04-04,8910.0,12285.0,2024-06-06,2048.0,2,2024-04
1012,2024-04-04,8910.0,12285.0,2024-06-13,0.0,2,2024-04
1012,2024-04-04,8910.0,12285.0,2024-06-20,0.0,2,2024-04
1012,2024-04-04,8910.0,12285.0,2024-06-27,0.0,2,2024-04
1012,2024-04-04,8910.0,12285.0,2024-07-04,512.0,3,2024-04
1012,2024-04-04,8910.0,12285.0,2024-07-11,512.0,3,2024-04
1012,2024-04-04,8910.0,12285.0,2024-07-18,512.0,3,2024-04
1012,2024-04-04,8910.0,12285.0,2024-07-25,512.0,3,2024-04
1012,2024-04-04,8910.0,12285.0,2024-08-01,512.0,4,2024-04
1012,2024-04-04,8910.0,12285.0,2024-08-08,512.0,4,2024-04
1012,2024-04-04,8910.0,12285.0,2024-08-15,512.0,4,2024-04
1012,2024-04-04,8910.0,12285.0,2024-08-22,512.0,4,2024-04
1012,2024-04-04,8910.0,12285.0,2024-08-29,512.0,4,2024-04
1012,2024-04-04,8910.0,12285.0,2024-09-05,512.0,5,2024-04
1012,2024-04-04,8910.0,12285.0,2024-09-12,512.0,5,2024-04
1012,2024-04-04,8910.0,12285.0,2024-09-19,512.0,5,2024-04
1013,2024-04-06,11900.0,16320.0,2024-04-13,680.0,0,2024-04
1013,2024-04-06,11900.0,16320.0,2024-04-20,680.0,0,2024-04
1013,2024-04-06,11900.0,16320.0,2024-04-27,680.0,0,2024-04
1013,2024-04-06,11900.0,16320.0,2024-05-04,680.0,1,2024-04
1013,2024-04-06,11900.0,16320.0,2024-05-11,680.0,1,2024-04
1013,2024-04-06,11900.0,16320.0,2024-05-18,680.0,1,2024-04
1013,2024-04-06,11900.0,16320.0,2024-05-25,680.0,1,2024-04
1013,2024-04-06,11900.0,16320.0,2024-06-01,680.0,2,2024-04
1013,2024-04-06,11900.0,16320.0,2024-06-08,680.0,2,2024-04
1013,2024-04-06,11900.0,16320.0,2024-06-15,680.0,2,2024-04
1013,2024-04-06,11900.0,16320.0,2024-06-22,600.0,2,2024-04
1013,2024-04-06,11900.0,16320.0,2024-06-29,680.0,2,2024-04
1013,2024-04-06,11900.0,16320.0,2024-07-06,680.0,3,2024-04
1013,2024-04-06,11900.0,16320.0,2024-07-13,720.0,3,2024-04
1013,2024-04-06,11900.0,16320.0,2024-07-20,0.0,3,2024-04
1013,2024-04-06,11900.0,16320.0,2024-07-27,680.0,3,2024-04
1013,2024-04-06,11900.0,16320.0,2024-08-03,0.0,4,2024-04
1013,2024-04-06,11900.0,16320.0,2024-08-10,1000.0,4,2024-04
1013,2024-04-06,11900.0,16320.0,2024-08-17,680.0,4,2024-04
1013,2024-04-06,11900.0,16320.0,2024-08-24,0.0,4,2024-04
1013,2024-04-06,11900.0,16320.0,2024-08-31,0.0,4,2024-04
1013,2024-04-06,11900.0,16320.0,2024-09-07,1500.0,5,2024-04
1013,2024-04-06,11900.0,16320.0,2024-09-14,700.0,5,2024-04
1013,2024-04-06,11900.0,16320.0,2024-09-21,0.0,5,2024-04
1013,2024-04-06,11900.0,16320.0,2024-11-23,2380.0,7,2024-04
1014,2024-04-08,11160.0,15381.0,2024-04-15,641.0,0,2024-04
1014,2024-04-08,11160.0,15381.0,2024-04-22,641.0,0,2024-04
1014,2024-04-08,11160.0,15381.0,2024-04-29,641.0,0,2024-04
1014,2024-04-08,11160.0,15381.0,2024-05-06,641.0,1,2024-04
1014,2024-04-08,11160.0,15381.0,2024-05-13,641.0,1,2024-04
1014,2024-04-08,11160.0,15381.0,2024-05-20,3200.0,1,2024-04
1014,2024-04-08,11160.0,15381.0,2024-05-27,0.0,1,2024-04
1014,2024-04-08,11160.0,15381.0,2024-06-03,0.0,2,2024-04
1014,2024-04-08,11160.0,15381.0,2024-06-10,0.0,2,2024-04
1014,2024-04-08,11160.0,15381.0,2024-06-17,0.0,2,2024-04
1014,2024-04-08,11160.0,15381.0,2024-06-24,641.0,2,2024-04
1014,2024-04-08,11160.0,15381.0,2024-07-01,645.0,3,2024-04
1014,2024-04-08,11160.0,15381.0,2024-07-08,641.0,3,2024-04
1014,2024-04-08,11160.0,15381.0,2024-07-15,641.0,3,2024-04
1014,2024-04-08,11160.0,15381.0,2024-07-22,0.0,3,2024-04
1014,2024-04-08,11160.0,15381.0,2024-07-29,1282.0,3,2024-04
1014,2024-04-08,11160.0,15381.0,2024-08-05,0.0,4,2024-04
1014,2024-04-08,11160.0,15381.0,2024-08-12,1282.0,4,2024-04
1014,2024-04-08,11160.0,15381.0,2024-08-19,642.0,4,2024-04
1014,2024-04-08,11160.0,15381.0,2024-08-26,642.0,4,2024-04
1014,2024-04-08,11160.0,15381.0,2024-09-02,642.0,5,2024-04
1014,2024-04-08,11160.0,15381.0,2024-09-09,1925.0,5,2024-04
1015,2024-04-08,12920.0,17780.0,2024-04-15,741.0,0,2024-04
1015,2024-04-08,12920.0,17780.0,2024-04-22,1482.0,0,2024-04
1015,2024-04-08,12920.0,17780.0,2024-04-29,0.0,0,2024-04
1015,2024-04-08,12920.0,17780.0,2024-05-06,2964.0,1,2024-04
1015,2024-04-08,12920.0,17780.0,2024-05-13,0.0,1,2024-04
1015,2024-04-08,12920.0,17780.0,2024-05-20,0.0,1,2024-04
1015,2024-04-08,12920.0,17780.0,2024-05-27,0.0,1,2024-04
1015,2024-04-08,12920.0,17780.0,2024-06-03,3705.0,2,2024-04
1015,2024-04-08,12920.0,17780.0,2024-06-10,0.0,2,2024-04
1015,2024-04-08,12920.0,17780.0,2024-06-17,0.0,2,2024-04
1015,2024-04-08,12920.0,17780.0,2024-06-24,0.0,2,2024-04
1015,2024-04-08,12920.0,17780.0,2024-07-01,0.0,3,2024-04
1015,2024-04-08,12920.0,17780.0,2024-07-08,3705.0,3,2024-04
1015,2024-04-08,12920.0,17780.0,2024-07-15,0.0,3,2024-04
1015,2024-04-08,12920.0,17780.0,2024-07-22,0.0,3,2024-04
1015,2024-04-08,12920.0,17780.0,2024-07-29,0.0,3,2024-04
1015,2024-04-08,12920.0,17780.0,2024-08-05,0.0,4,2024-04
1015,2024-04-08,12920.0,17780.0,2024-08-12,3705.0,4,2024-04
1015,2024-04-08,12920.0,17780.0,2024-08-19,0.0,4,2024-04
1015,2024-04-08,12920.0,17780.0,2024-08-26,0.0,4,2024-04
1015,2024-04-08,12920.0,17780.0,2024-09-02,0.0,5,2024-04
1015,2024-04-08,12920.0,17780.0,2024-09-09,0.0,5,2024-04
1015,2024-04-08,12920.0,17780.0,2024-09-16,1478.0,5,2024-04
1016,2024-04-08,7095.0,9890.0,2024-04-15,413.0,0,2024-04
1016,2024-04-08,7095.0,9890.0,2024-04-22,413.0,0,2024-04
1016,2024-04-08,7095.0,9890.0,2024-04-29,413.0,0,2024-04
1016,2024-04-08,7095.0,9890.0,2024-05-06,413.0,1,2024-04
1016,2024-04-08,7095.0,9890.0,2024-05-13,413.0,1,2024-04
1016,2024-04-08,7095.0,9890.0,2024-05-20,413.0,1,2024-04
1016,2024-04-08,7095.0,9890.0,2024-05-27,413.0,1,2024-04
1016,2024-04-08,7095.0,9890.0,2024-06-03,413.0,2,2024-04
1016,2024-04-08,7095.0,9890.0,2024-06-10,413.0,2,2024-04
1016,2024-04-08,7095.0,9890.0,2024-06-17,413.0,2,2024-04
1016,2024-04-08,7095.0,9890.0,2024-06-24,413.0,2,2024-04
1016,2024-04-08,7095.0,9890.0,2024-07-01,413.0,3,2024-04
1016,2024-04-08,7095.0,9890.0,2024-07-08,413.0,3,2024-04
1016,2024-04-08,7095.0,9890.0,2024-07-15,413.0,3,2024-04
1016,2024-04-08,7095.0,9890.0,2024-07-22,0.0,3,2024-04
1016,2024-04-08,7095.0,9890.0,2024-07-29,600.0,3,2024-04
1016,2024-04-08,7095.0,9890.0,2024-08-05,624.0,4,2024-04
1016,2024-04-08,7095.0,9890.0,2024-08-12,352.0,4,2024-04
1016,2024-04-08,7095.0,9890.0,2024-08-19,472.0,4,2024-04
1016,2024-04-08,7095.0,9890.0,2024-08-26,122.0,4,2024-04
1016,2024-04-08,7095.0,9890.0,2024-09-02,364.0,5,2024-04
1016,2024-04-08,7095.0,9890.0,2024-09-09,452.0,5,2024-04
1016,2024-04-08,7095.0,9890.0,2024-09-16,930.0,5,2024-04
1016,2024-04-08,7095.0,9890.0,2024-10-28,191.0,6,2024-04
1017,2024-04-17,14280.0,18144.0,2024-04-24,756.0,0,2024-04
1017,2024-04-17,14280.0,18144.0,2024-05-01,756.0,1,2024-04
1017,2024-04-17,14280.0,18144.0,2024-05-08,756.0,1,2024-04
1017,2024-04-17,14280.0,18144.0,2024-05-15,300.0,1,2024-04
1017,2024-04-17,14280.0,18144.0,2024-05-22,1212.0,1,2024-04
1017,2024-04-17,14280.0,18144.0,2024-05-29,756.0,1,2024-04
1017,2024-04-17,14280.0,18144.0,2024-06-05,756.0,2,2024-04
1017,2024-04-17,14280.0,18144.0,2024-06-12,756.0,2,2024-04
1017,2024-04-17,14280.0,18144.0,2024-06-19,656.0,2,2024-04
1017,2024-04-17,14280.0,18144.0,2024-06-26,856.0,2,2024-04
1017,2024-04-17,14280.0,18144.0,2024-07-03,756.0,3,2024-04
1017,2024-04-17,14280.0,18144.0,2024-07-10,756.0,3,2024-04
1017,2024-04-17,14280.0,18144.0,2024-07-17,756.0,3,2024-04
1017,2024-04-17,14280.0,18144.0,2024-07-24,0.0,3,2024-04
1017,2024-04-17,14280.0,18144.0,2024-07-31,1512.0,3,2024-04
1017,2024-04-17,14280.0,18144.0,2024-08-07,300.0,4,2024-04
1017,2024-04-17,14280.0,18144.0,2024-08-14,1212.0,4,2024-04
1017,2024-04-17,14280.0,18144.0,2024-08-21,300.0,4,2024-04
1017,2024-04-17,14280.0,18144.0,2024-08-28,1212.0,4,2024-04
1017,2024-04-17,14280.0,18144.0,2024-09-04,300.0,5,2024-04
1017,2024-04-17,14280.0,18144.0,2024-09-11,1212.0,5,2024-04
1017,2024-04-17,14280.0,18144.0,2024-09-18,756.0,5,2024-04
1017,2024-04-17,14280.0,18144.0,2024-09-25,756.0,5,2024-04
1017,2024-04-17,14280.0,18144.0,2024-10-02,756.0,6,2024-04
1018,2024-04-17,11390.0,14535.0,2024-04-24,606.0,0,2024-04
1018,2024-04-17,11390.0,14535.0,2024-05-01,610.0,1,2024-04
1018,2024-04-17,11390.0,14535.0,2024-05-08,610.0,1,2024-04
1018,2024-04-17,11390.0,14535.0,2024-05-15,606.0,1,2024-04
1018,2024-04-17,11390.0,14535.0,2024-05-22,610.0,1,2024-04
1018,2024-04-17,11390.0,14535.0,2024-05-29,610.0,1,2024-04
1018,2024-04-17,11390.0,14535.0,2024-06-05,606.0,2,2024-04
1018,2024-04-17,11390.0,14535.0,2024-06-12,610.0,2,2024-04
1018,2024-04-17,11390.0,14535.0,2024-06-19,0.0,2,2024-04
1018,2024-04-17,11390.0,14535.0,2024-06-26,0.0,2,2024-04
1018,2024-04-17,11390.0,14535.0,2024-07-03,0.0,3,2024-04
1018,2024-04-17,11390.0,14535.0,2024-07-10,0.0,3,2024-04
1018,2024-04-17,11390.0,14535.0,2024-07-17,0.0,3,2024-04
1018,2024-04-17,11390.0,14535.0,2024-07-24,0.0,3,2024-04
1018,2024-04-17,11390.0,14535.0,2024-07-31,0.0,3,2024-04
1018,2024-04-17,11390.0,14535.0,2024-08-07,4822.0,4,2024-04
1018,2024-04-17,11390.0,14535.0,2024-08-14,0.0,4,2024-04
1018,2024-04-17,11390.0,14535.0,2024-08-21,0.0,4,2024-04
1018,2024-04-17,11390.0,14535.0,2024-08-28,0.0,4,2024-04
1018,2024-04-17,11390.0,14535.0,2024-09-04,0.0,5,2024-04
1018,2024-04-17,11390.0,14535.0,2024-09-11,0.0,5,2024-04
1018,2024-04-17,11390.0,14535.0,2024-09-18,0.0,5,2024-04
1018,2024-04-17,11390.0,14535.0,2024-09-25,0.0,5,2024-04
1018,2024-04-17,11390.0,14535.0,2024-10-02,0.0,6,2024-04
1018,2024-04-17,11390.0,14535.0,2024-11-23,4945.0,7,2024-04
1019,2024-04-17,11680.0,16073.0,2024-04-24,670.0,0,2024-04
1019,2024-04-17,11680.0,16073.0,2024-05-01,670.0,1,2024-04
1019,2024-04-17,11680.0,16073.0,2024-05-08,670.0,1,2024-04
1019,2024-04-17,11680.0,16073.0,2024-05-15,670.0,1,2024-04
1019,2024-04-17,11680.0,16073.0,2024-05-22,670.0,1,2024-04
1019,2024-04-17,11680.0,16073.0,2024-05-29,670.0,1,2024-04
1019,2024-04-17,11680.0,16073.0,2024-06-05,670.0,2,2024-04
1019,2024-04-17,11680.0,16073.0,2024-06-12,670.0,2,2024-04
1019,2024-04-17,11680.0,16073.0,2024-06-19,670.0,2,2024-04
1019,2024-04-17,11680.0,16073.0,2024-06-26,670.0,2,2024-04
1019,2024-04-17,11680.0,16073.0,2024-07-03,670.0,3,2024-04
1019,2024-04-17,11680.0,16073.0,2024-07-10,670.0,3,2024-04
1019,2024-04-17,11680.0,16073.0,2024-07-17,670.0,3,2024-04
1019,2024-04-17,11680.0,16073.0,2024-07-24,0.0,3,2024-04
1019,2024-04-17,11680.0,16073.0,2024-07-31,670.0,3,2024-04
1019,2024-04-17,11680.0,16073.0,2024-08-07,1340.0,4,2024-04
1019,2024-04-17,11680.0,16073.0,2024-08-14,670.0,4,2024-04
1019,2024-04-17,11680.0,16073.0,2024-08-21,670.0,4,2024-04
1019,2024-04-17,11680.0,16073.0,2024-08-28,335.0,4,2024-04
1019,2024-04-17,11680.0,16073.0,2024-09-04,999.0,5,2024-04
1019,2024-04-17,11680.0,16073.0,2024-09-11,670.0,5,2024-04
1019,2024-04-17,11680.0,16073.0,2024-09-18,670.0,5,2024-04
1019,2024-04-17,11680.0,16073.0,2024-09-25,670.0,5,2024-04
1019,2024-04-17,11680.0,16073.0,2024-10-02,670.0,6,2024-04
1021,2024-04-18,9565.0,13248.0,2024-04-25,560.0,0,2024-04
1021,2024-04-18,9565.0,13248.0,2024-05-02,1000.0,1,2024-04
1021,2024-04-18,9565.0,13248.0,2024-05-09,560.0,1,2024-04
1021,2024-04-18,9565.0,13248.0,2024-05-16,560.0,1,2024-04
1021,2024-04-18,9565.0,13248.0,2024-05-23,560.0,1,2024-04
1021,2024-04-18,9565.0,13248.0,2024-05-30,560.0,1,2024-04
1021,2024-04-18,9565.0,13248.0,2024-06-06,560.0,2,2024-04
1021,2024-04-18,9565.0,13248.0,2024-06-13,560.0,2,2024-04
1021,2024-04-18,9565.0,13248.0,2024-06-20,0.0,2,2024-04
1021,2024-04-18,9565.0,13248.0,2024-06-27,1100.0,2,2024-04
1021,2024-04-18,9565.0,13248.0,2024-07-04,560.0,3,2024-04
1021,2024-04-18,9565.0,13248.0,2024-07-11,0.0,3,2024-04
1021,2024-04-18,9565.0,13248.0,2024-07-18,0.0,3,2024-04
1021,2024-04-18,9565.0,13248.0,2024-07-25,0.0,3,2024-04
1021,2024-04-18,9565.0,13248.0,2024-08-01,1700.0,4,2024-04
1021,2024-04-18,9565.0,13248.0,2024-08-08,0.0,4,2024-04
1021,2024-04-18,9565.0,13248.0,2024-08-15,1110.0,4,2024-04
1021,2024-04-18,9565.0,13248.0,2024-08-22,0.0,4,2024-04
1021,2024-04-18,9565.0,13248.0,2024-08-29,1100.0,4,2024-04
1021,2024-04-18,9565.0,13248.0,2024-09-05,0.0,5,2024-04
1021,2024-04-18,9565.0,13248.0,2024-09-12,2000.0,5,2024-04
1021,2024-04-18,9565.0,13248.0,2024-09-19,0.0,5,2024-04
1021,2024-04-18,9565.0,13248.0,2024-09-26,758.0,5,2024-04
1022,2024-04-18,15080.0,20715.0,2024-04-25,864.0,0,2024-04
1022,2024-04-18,15080.0,20715.0,2024-05-02,864.0,1,2024-04
1022,2024-04-18,15080.0,20715.0,2024-05-09,864.0,1,2024-04
1022,2024-04-18,15080.0,20715.0,2024-05-16,1728.0,1,2024-04
1022,2024-04-18,15080.0,20715.0,2024-05-23,0.0,1,2024-04
1022,2024-04-18,15080.0,20715.0,2024-05-30,1728.0,1,2024-04
1022,2024-04-18,15080.0,20715.0,2024-06-06,0.0,2,2024-04
1022,2024-04-18,15080.0,20715.0,2024-06-13,864.0,2,2024-04
1022,2024-04-18,15080.0,20715.0,2024-06-20,864.0,2,2024-04
1022,2024-04-18,15080.0,20715.0,2024-06-27,864.0,2,2024-04
1022,2024-04-18,15080.0,20715.0,2024-07-04,864.0,3,2024-04
1022,2024-04-18,15080.0,20715.0,2024-07-11,864.0,3,2024-04
1022,2024-04-18,15080.0,20715.0,2024-07-18,1728.0,3,2024-04
1022,2024-04-18,15080.0,20715.0,2024-07-25,0.0,3,2024-04
1022,2024-04-18,15080.0,20715.0,2024-08-01,864.0,4,2024-04
1022,2024-04-18,15080.0,20715.0,2024-08-08,864.0,4,2024-04
1022,2024-04-18,15080.0,20715.0,2024-08-15,864.0,4,2024-04
1022,2024-04-18,15080.0,20715.0,2024-08-22,864.0,4,2024-04
1022,2024-04-18,15080.0,20715.0,2024-08-29,864.0,4,2024-04
1022,2024-04-18,15080.0,20715.0,2024-09-05,864.0,5,2024-04
1022,2024-04-18,15080.0,20715.0,2024-09-12,0.0,5,2024-04
1022,2024-04-18,15080.0,20715.0,2024-10-28,3435.0,6,2024-04
1023,2024-04-18,11390.0,15691.0,2024-04-25,654.0,0,2024-04
1023,2024-04-18,11390.0,15691.0,2024-05-02,654.0,1,2024-04
1023,2024-04-18,11390.0,15691.0,2024-05-09,654.0,1,2024-04
1023,2024-04-18,11390.0,15691.0,2024-05-16,654.0,1,2024-04
1023,2024-04-18,11390.0,15691.0,2024-05-23,654.0,1,2024-04
1023,2024-04-18,11390.0,15691.0,2024-05-30,654.0,1,2024-04
1023,2024-04-18,11390.0,15691.0,2024-06-06,654.0,2,2024-04
1023,2024-04-18,11390.0,15691.0,2024-06-13,654.0,2,2024-04
1023,2024-04-18,11390.0,15691.0,2024-06-20,654.0,2,2024-04
1023,2024-04-18,11390.0,15691.0,2024-06-27,654.0,2,2024-04
1023,2024-04-18,11390.0,15691.0,2024-07-04,654.0,3,2024-04
1023,2024-04-18,11390.0,15691.0,2024-07-11,654.0,3,2024-04
1023,2024-04-18,11390.0,15691.0,2024-07-18,654.0,3,2024-04
1023,2024-04-18,11390.0,15691.0,2024-07-25,654.0,3,2024-04
1023,2024-04-18,11390.0,15691.0,2024-08-01,0.0,4,2024-04
1023,2024-04-18,11390.0,15691.0,2024-08-08,1310.0,4,2024-04
1023,2024-04-18,11390.0,15691.0,2024-08-15,0.0,4,2024-04
1023,2024-04-18,11390.0,15691.0,2024-08-22,0.0,4,2024-04
1023,2024-04-18,11390.0,15691.0,2024-08-29,0.0,4,2024-04
1023,2024-04-18,11390.0,15691.0,2024-09-05,0.0,5,2024-04
1023,2024-04-18,11390.0,15691.0,2024-09-12,0.0,5,2024-04
1023,2024-04-18,11390.0,15691.0,2024-09-19,0.0,5,2024-04
1023,2024-04-18,11390.0,15691.0,2024-09-26,5225.0,5,2024-04
1024,2024-04-22,10050.0,13875.0,2024-04-29,580.0,0,2024-04
1024,2024-04-22,10050.0,13875.0,2024-05-06,580.0,1,2024-04
1024,2024-04-22,10050.0,13875.0,2024-05-13,580.0,1,2024-04
1024,2024-04-22,10050.0,13875.0,2024-05-20,580.0,1,2024-04
1024,2024-04-22,10050.0,13875.0,2024-05-27,580.0,1,2024-04
1024,2024-04-22,10050.0,13875.0,2024-06-03,580.0,2,2024-04
1024,2024-04-22,10050.0,13875.0,2024-06-10,580.0,2,2024-04
1024,2024-04-22,10050.0,13875.0,2024-06-17,580.0,2,2024-04
1024,2024-04-22,10050.0,13875.0,2024-06-24,580.0,2,2024-04
1024,2024-04-22,10050.0,13875.0,2024-07-01,580.0,3,2024-04
1024,2024-04-22,10050.0,13875.0,2024-07-08,1160.0,3,2024-04
1024,2024-04-22,10050.0,13875.0,2024-07-15,0.0,3,2024-04
1024,2024-04-22,10050.0,13875.0,2024-07-22,0.0,3,2024-04
1024,2024-04-22,10050.0,13875.0,2024-07-29,1134.0,3,2024-04
1024,2024-04-22,10050.0,13875.0,2024-08-05,300.0,4,2024-04
1024,2024-04-22,10050.0,13875.0,2024-08-12,870.0,4,2024-04
1024,2024-04-22,10050.0,13875.0,2024-08-19,600.0,4,2024-04
1024,2024-04-22,10050.0,13875.0,2024-08-26,500.0,4,2024-04
1024,2024-04-22,10050.0,13875.0,2024-09-02,620.0,5,2024-04
1024,2024-04-22,10050.0,13875.0,2024-09-09,578.0,5,2024-04
1024,2024-04-22,10050.0,13875.0,2024-09-16,550.0,5,2024-04
1024,2024-04-22,10050.0,13875.0,2024-09-23,600.0,5,2024-04
1024,2024-04-22,10050.0,13875.0,2024-09-30,585.0,5,2024-04
1024,2024-04-22,10050.0,13875.0,2024-10-28,578.0,6,2024-04
1027,2024-04-25,10050.0,14175.0,2024-05-02,600.0,1,2024-04
1027,2024-04-25,10050.0,14175.0,2024-05-09,600.0,1,2024-04
1027,2024-04-25,10050.0,14175.0,2024-05-16,600.0,1,2024-04
1027,2024-04-25,10050.0,14175.0,2024-05-23,600.0,1,2024-04
1027,2024-04-25,10050.0,14175.0,2024-05-30,500.0,1,2024-04
1027,2024-04-25,10050.0,14175.0,2024-06-06,600.0,2,2024-04
1027,2024-04-25,10050.0,14175.0,2024-06-13,600.0,2,2024-04
1027,2024-04-25,10050.0,14175.0,2024-06-20,500.0,2,2024-04
1027,2024-04-25,10050.0,14175.0,2024-06-27,600.0,2,2024-04
1027,2024-04-25,10050.0,14175.0,2024-07-04,600.0,3,2024-04
1027,2024-04-25,10050.0,14175.0,2024-07-11,600.0,3,2024-04
1027,2024-04-25,10050.0,14175.0,2024-07-18,600.0,3,2024-04
1027,2024-04-25,10050.0,14175.0,2024-07-25,500.0,3,2024-04
1027,2024-04-25,10050.0,14175.0,2024-08-01,600.0,4,2024-04
1027,2024-04-25,10050.0,14175.0,2024-08-08,0.0,4,2024-04
1027,2024-04-25,10050.0,14175.0,2024-08-15,0.0,4,2024-04
1027,2024-04-25,10050.0,14175.0,2024-08-22,0.0,4,2024-04
1027,2024-04-25,10050.0,14175.0,2024-08-29,0.0,4,2024-04
1027,2024-04-25,10050.0,14175.0,2024-09-05,0.0,5,2024-04
1027,2024-04-25,10050.0,14175.0,2024-09-12,0.0,5,2024-04
1027,2024-04-25,10050.0,14175.0,2024-09-19,0.0,5,2024-04
1027,2024-04-25,10050.0,14175.0,2024-09-26,0.0,5,2024-04
1027,2024-04-25,10050.0,14175.0,2024-10-03,0.0,6,2024-04
1027,2024-04-25,10050.0,14175.0,2024-10-10,0.0,6,2024-04
1027,2024-04-25,10050.0,14175.0,2024-10-29,0.0,6,2024-04
1027,2024-04-25,10050.0,14175.0,2024-10-31,0.0,6,2024-04
1027,2024-04-25,10050.0,14175.0,2024-11-07,0.0,7,2024-04
1027,2024-04-25,10050.0,14175.0,2024-11-14,0.0,7,2024-04
1027,2024-04-25,10050.0,14175.0,2024-11-21,0.0,7,2024-04
1027,2024-04-25,10050.0,14175.0,2024-11-28,0.0,7,2024-04
1027,2024-04-25,10050.0,14175.0,2024-12-05,0.0,8,2024-04
1027,2024-04-25,10050.0,14175.0,2024-12-11,6075.0,8,2024-04
1028,2024-04-25,11390.0,15691.0,2024-05-02,660.0,1,2024-04
1028,2024-04-25,11390.0,15691.0,2024-05-09,660.0,1,2024-04
1028,2024-04-25,11390.0,15691.0,2024-05-16,660.0,1,2024-04
1028,2024-04-25,11390.0,15691.0,2024-05-23,660.0,1,2024-04
1028,2024-04-25,11390.0,15691.0,2024-05-30,660.0,1,2024-04
1028,2024-04-25,11390.0,15691.0,2024-06-06,660.0,2,2024-04
1028,2024-04-25,11390.0,15691.0,2024-06-13,660.0,2,2024-04
1028,2024-04-25,11390.0,15691.0,2024-06-20,660.0,2,2024-04
1028,2024-04-25,11390.0,15691.0,2024-06-27,660.0,2,2024-04
1028,2024-04-25,11390.0,15691.0,2024-07-04,660.0,3,2024-04
1028,2024-04-25,11390.0,15691.0,2024-07-11,660.0,3,2024-04
1028,2024-04-25,11390.0,15691.0,2024-07-18,1320.0,3,2024-04
1028,2024-04-25,11390.0,15691.0,2024-07-25,0.0,3,2024-04
1028,2024-04-25,11390.0,15691.0,2024-08-01,660.0,4,2024-04
1028,2024-04-25,11390.0,15691.0,2024-08-08,660.0,4,2024-04
1028,2024-04-25,11390.0,15691.0,2024-08-15,655.0,4,2024-04
1028,2024-04-25,11390.0,15691.0,2024-08-22,660.0,4,2024-04
1028,2024-04-25,11390.0,15691.0,2024-08-29,660.0,4,2024-04
1028,2024-04-25,11390.0,15691.0,2024-09-05,660.0,5,2024-04
1028,2024-04-25,11390.0,15691.0,2024-09-12,660.0,5,2024-04
1028,2024-04-25,11390.0,15691.0,2024-09-19,660.0,5,2024-04
1028,2024-04-25,11390.0,15691.0,2024-09-26,660.0,5,2024-04
1028,2024-04-25,11390.0,15691.0,2024-10-03,660.0,6,2024-04
1028,2024-04-25,11390.0,15691.0,2024-10-10,520.0,6,2024-04
1029,2024-04-27,9045.0,12828.0,2024-05-04,522.0,1,2024-04
1029,2024-04-27,9045.0,12828.0,2024-05-11,522.0,1,2024-04
1029,2024-04-27,9045.0,12828.0,2024-05-18,522.0,1,2024-04
1029,2024-04-27,9045.0,12828.0,2024-05-25,522.0,1,2024-04
1029,2024-04-27,9045.0,12828.0,2024-06-01,522.0,2,2024-04
1029,2024-04-27,9045.0,12828.0,2024-06-08,522.0,2,2024-04
1029,2024-04-27,9045.0,12828.0,2024-06-15,522.0,2,2024-04
1029,2024-04-27,9045.0,12828.0,2024-06-22,522.0,2,2024-04
1029,2024-04-27,9045.0,12828.0,2024-06-29,522.0,2,2024-04
1029,2024-04-27,9045.0,12828.0,2024-07-06,522.0,3,2024-04
1029,2024-04-27,9045.0,12828.0,2024-07-13,522.0,3,2024-04
1029,2024-04-27,9045.0,12828.0,2024-07-20,0.0,3,2024-04
1029,2024-04-27,9045.0,12828.0,2024-07-27,522.0,3,2024-04
1029,2024-04-27,9045.0,12828.0,2024-08-03,522.0,4,2024-04
1029,2024-04-27,9045.0,12828.0,2024-08-10,522.0,4,2024-04
1029,2024-04-27,9045.0,12828.0,2024-08-17,522.0,4,2024-04
1029,2024-04-27,9045.0,12828.0,2024-08-24,522.0,4,2024-04
1029,2024-04-27,9045.0,12828.0,2024-08-31,0.0,4,2024-04
1029,2024-04-27,9045.0,12828.0,2024-09-07,0.0,5,2024-04
1029,2024-04-27,9045.0,12828.0,2024-09-14,0.0,5,2024-04
1029,2024-04-27,9045.0,12828.0,2024-09-21,0.0,5,2024-04
1029,2024-04-27,9045.0,12828.0,2024-09-28,0.0,5,2024-04
1029,2024-04-27,9045.0,12828.0,2024-10-05,0.0,6,2024-04
1029,2024-04-27,9045.0,12828.0,2024-10-12,0.0,6,2024-04
1029,2024-04-27,9045.0,12828.0,2024-10-29,0.0,6,2024-04
1029,2024-04-27,9045.0,12828.0,2024-11-02,0.0,7,2024-04
1029,2024-04-27,9045.0,12828.0,2024-11-09,0.0,7,2024-04
1029,2024-04-27,9045.0,12828.0,2024-11-11,4176.0,7,2024-04
1030,2024-04-27,9045.0,12528.0,2024-05-04,522.0,1,2024-04
1030,2024-04-27,9045.0,12528.0,2024-05-11,522.0,1,2024-04
1030,2024-04-27,9045.0,12528.0,2024-05-18,522.0,1,2024-04
1030,2024-04-27,9045.0,12528.0,2024-05-25,522.0,1,2024-04
1030,2024-04-27,9045.0,12528.0,2024-06-01,522.0,2,2024-04
1030,2024-04-27,9045.0,12528.0,2024-06-08,522.0,2,2024-04
1030,2024-04-27,9045.0,12528.0,2024-06-15,522.0,2,2024-04
1030,2024-04-27,9045.0,12528.0,2024-06-22,522.0,2,2024-04
1030,2024-04-27,9045.0,12528.0,2024-06-29,1044.0,2,2024-04
1030,2024-04-27,9045.0,12528.0,2024-07-06,0.0,3,2024-04
1030,2024-04-27,9045.0,12528.0,2024-07-13,522.0,3,2024-04
1030,2024-04-27,9045.0,12528.0,2024-07-20,0.0,3,2024-04
1030,2024-04-27,9045.0,12528.0,2024-07-27,1044.0,3,2024-04
1030,2024-04-27,9045.0,12528.0,2024-08-03,522.0,4,2024-04
1030,2024-04-27,9045.0,12528.0,2024-08-10,522.0,4,2024-04
1030,2024-04-27,9045.0,12528.0,2024-08-17,522.0,4,2024-04
1030,2024-04-27,9045.0,12528.0,2024-08-24,522.0,4,2024-04
1030,2024-04-27,9045.0,12528.0,2024-08-31,522.0,4,2024-04
1030,2024-04-27,9045.0,12528.0,2024-09-07,522.0,5,2024-04
1030,2024-04-27,9045.0,12528.0,2024-09-14,522.0,5,2024-04
1030,2024-04-27,9045.0,12528.0,2024-09-21,522.0,5,2024-04
1030,2024-04-27,9045.0,12528.0,2024-09-28,522.0,5,2024-04
1030,2024-04-27,9045.0,12528.0,2024-10-05,522.0,6,2024-04
1030,2024-04-27,9045.0,12528.0,2024-10-12,522.0,6,2024-04
1031,2024-04-27,11390.0,16108.0,2024-05-04,0.0,1,2024-04
1031,2024-04-27,11390.0,16108.0,2024-05-11,0.0,1,2024-04
1031,2024-04-27,11390.0,16108.0,2024-05-18,0.0,1,2024-04
1031,2024-04-27,11390.0,16108.0,2024-05-25,0.0,1,2024-04
1031,2024-04-27,11390.0,16108.0,2024-06-01,0.0,2,2024-04
1031,2024-04-27,11390.0,16108.0,2024-06-08,0.0,2,2024-04
1031,2024-04-27,11390.0,16108.0,2024-06-15,0.0,2,2024-04
1031,2024-04-27,11390.0,16108.0,2024-06-22,0.0,2,2024-04
1031,2024-04-27,11390.0,16108.0,2024-06-29,0.0,2,2024-04
1031,2024-04-27,11390.0,16108.0,2024-07-06,0.0,3,2024-04
1031,2024-04-27,11390.0,16108.0,2024-07-13,0.0,3,2024-04
1031,2024-04-27,11390.0,16108.0,2024-07-20,0.0,3,2024-04
1031,2024-04-27,11390.0,16108.0,2024-07-27,0.0,3,2024-04
1031,2024-04-27,11390.0,16108.0,2024-08-03,0.0,4,2024-04
1031,2024-04-27,11390.0,16108.0,2024-08-10,0.0,4,2024-04
1031,2024-04-27,11390.0,16108.0,2024-08-17,0.0,4,2024-04
1031,2024-04-27,11390.0,16108.0,2024-08-24,0.0,4,2024-04
1031,2024-04-27,11390.0,16108.0,2024-08-31,0.0,4,2024-04
1031,2024-04-27,11390.0,16108.0,2024-09-07,0.0,5,2024-04
1031,2024-04-27,11390.0,16108.0,2024-09-14,0.0,5,2024-04
1031,2024-04-27,11390.0,16108.0,2024-09-21,0.0,5,2024-04
1031,2024-04-27,11390.0,16108.0,2024-09-28,0.0,5,2024-04
1031,2024-04-27,11390.0,16108.0,2024-10-05,0.0,6,2024-04
1031,2024-04-27,11390.0,16108.0,2024-10-12,0.0,6,2024-04
1031,2024-04-27,11390.0,16108.0,2024-10-29,0.0,6,2024-04
1031,2024-04-27,11390.0,16108.0,2024-11-02,0.0,7,2024-04
1031,2024-04-27,11390.0,16108.0,2024-11-09,0.0,7,2024-04
1031,2024-04-27,11390.0,16108.0,2024-11-16,0.0,7,2024-04
1031,2024-04-27,11390.0,16108.0,2024-11-26,0.0,7,2024-04
1031,2024-04-27,11390.0,16108.0,2024-11-30,0.0,7,2024-04
1031,2024-04-27,11390.0,16108.0,2024-12-07,0.0,8,2024-04
1031,2024-04-27,11390.0,16108.0,2024-12-14,0.0,8,2024-04
1031,2024-04-27,11390.0,16108.0,2024-12-21,0.0,8,2024-04
1031,2024-04-27,11390.0,16108.0,2024-12-28,0.0,8,2024-04
1031,2024-04-27,11390.0,16108.0,2025-01-04,0.0,9,2024-04
1031,2024-04-27,11390.0,16108.0,2025-01-11,0.0,9,2024-04
1031,2024-04-27,11390.0,16108.0,2025-01-18,0.0,9,2024-04
1031,2024-04-27,11390.0,16108.0,2025-01-25,0.0,9,2024-04
1031,2024-04-27,11390.0,16108.0,2025-02-01,0.0,10,2024-04
1031,2024-04-27,11390.0,16108.0,2025-02-08,0.0,10,2024-04
1031,2024-04-27,11390.0,16108.0,2025-02-16,0.0,10,2024-04
1031,2024-04-27,11390.0,16108.0,2025-02-22,0.0,10,2024-04
1031,2024-04-27,11390.0,16108.0,2025-03-01,0.0,11,2024-04
1031,2024-04-27,11390.0,16108.0,2025-03-03,16000.0,11,2024-04
1032,2024-04-29,17820.0,24435.0,2024-05-06,1019.0,1,2024-04
1032,2024-04-29,17820.0,24435.0,2024-05-13,1019.0,1,2024-04
1032,2024-04-29,17820.0,24435.0,2024-05-20,1019.0,1,2024-04
1032,2024-04-29,17820.0,24435.0,2024-05-27,1019.0,1,2024-04
1032,2024-04-29,17820.0,24435.0,2024-06-03,1020.0,2,2024-04
1032,2024-04-29,17820.0,24435.0,2024-06-10,1019.0,2,2024-04
1032,2024-04-29,17820.0,24435.0,2024-06-17,1019.0,2,2024-04
1032,2024-04-29,17820.0,24435.0,2024-06-24,1019.0,2,2024-04
1032,2024-04-29,17820.0,24435.0,2024-07-01,1019.0,3,2024-04
1032,2024-04-29,17820.0,24435.0,2024-07-08,1018.0,3,2024-04
1032,2024-04-29,17820.0,24435.0,2024-07-15,1018.0,3,2024-04
1032,2024-04-29,17820.0,24435.0,2024-07-22,1018.0,3,2024-04
1032,2024-04-29,17820.0,24435.0,2024-07-29,1018.0,3,2024-04
1032,2024-04-29,17820.0,24435.0,2024-08-05,1018.0,4,2024-04
1032,2024-04-29,17820.0,24435.0,2024-08-12,1018.0,4,2024-04
1032,2024-04-29,17820.0,24435.0,2024-08-19,1018.0,4,2024-04
1032,2024-04-29,17820.0,24435.0,2024-08-26,1018.0,4,2024-04
1032,2024-04-29,17820.0,24435.0,2024-09-02,1018.0,5,2024-04
1032,2024-04-29,17820.0,24435.0,2024-09-09,1018.0,5,2024-04
1032,2024-04-29,17820.0,24435.0,2024-09-16,1018.0,5,2024-04
1032,2024-04-29,17820.0,24435.0,2024-09-23,1018.0,5,2024-04
1032,2024-04-29,17820.0,24435.0,2024-09-30,1018.0,5,2024-04
1032,2024-04-29,17820.0,24435.0,2024-10-07,1018.0,6,2024-04
1032,2024-04-29,17820.0,24435.0,2024-10-28,1011.0,6,2024-04
1033,2024-04-29,17820.0,24735.0,2024-05-06,1020.0,1,2024-04
1033,2024-04-29,17820.0,24735.0,2024-05-13,1020.0,1,2024-04
1033,2024-04-29,17820.0,24735.0,2024-05-20,1020.0,1,2024-04
1033,2024-04-29,17820.0,24735.0,2024-05-27,1020.0,1,2024-04
1033,2024-04-29,17820.0,24735.0,2024-06-03,1020.0,2,2024-04
1033,2024-04-29,17820.0,24735.0,2024-06-10,1020.0,2,2024-04
1033,2024-04-29,17820.0,24735.0,2024-06-17,1020.0,2,2024-04
1033,2024-04-29,17820.0,24735.0,2024-06-24,1020.0,2,2024-04
1033,2024-04-29,17820.0,24735.0,2024-07-01,1020.0,3,2024-04
1033,2024-04-29,17820.0,24735.0,2024-07-08,1020.0,3,2024-04
1033,2024-04-29,17820.0,24735.0,2024-07-15,1020.0,3,2024-04
1033,2024-04-29,17820.0,24735.0,2024-07-22,0.0,3,2024-04
1033,2024-04-29,17820.0,24735.0,2024-07-29,1500.0,3,2024-04
1033,2024-04-29,17820.0,24735.0,2024-08-05,0.0,4,2024-04
1033,2024-04-29,17820.0,24735.0,2024-08-12,1500.0,4,2024-04
1033,2024-04-29,17820.0,24735.0,2024-08-19,1000.0,4,2024-04
1033,2024-04-29,17820.0,24735.0,2024-08-26,1000.0,4,2024-04
1033,2024-04-29,17820.0,24735.0,2024-09-02,1000.0,5,2024-04
1033,2024-04-29,17820.0,24735.0,2024-09-09,1000.0,5,2024-04
1033,2024-04-29,17820.0,24735.0,2024-09-16,1000.0,5,2024-04
1033,2024-04-29,17820.0,24735.0,2024-09-23,500.0,5,2024-04
1033,2024-04-29,17820.0,24735.0,2024-09-30,1000.0,5,2024-04
1033,2024-04-29,17820.0,24735.0,2024-10-07,1000.0,6,2024-04
1033,2024-04-29,17820.0,24735.0,2024-10-14,500.0,6,2024-04
1033,2024-04-29,17820.0,24735.0,2024-10-29,1000.0,6,2024-04
1033,2024-04-29,17820.0,24735.0,2024-10-29,600.0,6,2024-04
1033,2024-04-29,17820.0,24735.0,2024-11-04,415.0,7,2024-04
1033,2024-04-29,17820.0,24735.0,2024-11-09,600.0,7,2024-04
1034,2024-04-29,11390.0,15725.0,2024-05-06,656.0,1,2024-04
1034,2024-04-29,11390.0,15725.0,2024-05-13,656.0,1,2024-04
1034,2024-04-29,11390.0,15725.0,2024-05-20,656.0,1,2024-04
1034,2024-04-29,11390.0,15725.0,2024-05-27,656.0,1,2024-04
1034,2024-04-29,11390.0,15725.0,2024-06-03,660.0,2,2024-04
1034,2024-04-29,11390.0,15725.0,2024-06-10,650.0,2,2024-04
1034,2024-04-29,11390.0,15725.0,2024-06-17,700.0,2,2024-04
1034,2024-04-29,11390.0,15725.0,2024-06-24,700.0,2,2024-04
1034,2024-04-29,11390.0,15725.0,2024-07-01,656.0,3,2024-04
1034,2024-04-29,11390.0,15725.0,2024-07-08,656.0,3,2024-04
1034,2024-04-29,11390.0,15725.0,2024-07-15,600.0,3,2024-04
1034,2024-04-29,11390.0,15725.0,2024-07-22,0.0,3,2024-04
1034,2024-04-29,11390.0,15725.0,2024-07-29,800.0,3,2024-04
1034,2024-04-29,11390.0,15725.0,2024-08-05,0.0,4,2024-04
1034,2024-04-29,11390.0,15725.0,2024-08-12,1500.0,4,2024-04
1034,2024-04-29,11390.0,15725.0,2024-08-19,1000.0,4,2024-04
1034,2024-04-29,11390.0,15725.0,2024-08-26,700.0,4,2024-04
1034,2024-04-29,11390.0,15725.0,2024-09-02,656.0,5,2024-04
1034,2024-04-29,11390.0,15725.0,2024-09-09,700.0,5,2024-04
1034,2024-04-29,11390.0,15725.0,2024-09-16,700.0,5,2024-04
1034,2024-04-29,11390.0,15725.0,2024-09-23,0.0,5,2024-04
1034,2024-04-29,11390.0,15725.0,2024-09-30,1000.0,5,2024-04
1034,2024-04-29,11390.0,15725.0,2024-10-07,700.0,6,2024-04
1034,2024-04-29,11390.0,15725.0,2024-10-28,723.0,6,2024-04
1035,2024-04-30,6640.0,9280.0,2024-05-07,387.0,1,2024-04
1035,2024-04-30,6640.0,9280.0,2024-05-14,387.0,1,2024-04
1035,2024-04-30,6640.0,9280.0,2024-05-21,387.0,1,2024-04
1035,2024-04-30,6640.0,9280.0,2024-05-28,387.0,1,2024-04
1035,2024-04-30,6640.0,9280.0,2024-06-04,387.0,2,2024-04
1035,2024-04-30,6640.0,9280.0,2024-06-11,387.0,2,2024-04
1035,2024-04-30,6640.0,9280.0,2024-06-18,386.0,2,2024-04
1035,2024-04-30,6640.0,9280.0,2024-06-25,387.0,2,2024-04
1035,2024-04-30,6640.0,9280.0,2024-07-02,387.0,3,2024-04
1035,2024-04-30,6640.0,9280.0,2024-07-09,387.0,3,2024-04
1035,2024-04-30,6640.0,9280.0,2024-07-16,386.0,3,2024-04
1035,2024-04-30,6640.0,9280.0,2024-07-23,0.0,3,2024-04
1035,2024-04-30,6640.0,9280.0,2024-07-30,700.0,3,2024-04
1035,2024-04-30,6640.0,9280.0,2024-08-06,387.0,4,2024-04
1035,2024-04-30,6640.0,9280.0,2024-08-13,0.0,4,2024-04
1035,2024-04-30,6640.0,9280.0,2024-08-20,587.0,4,2024-04
1035,2024-04-30,6640.0,9280.0,2024-08-27,0.0,4,2024-04
1035,2024-04-30,6640.0,9280.0,2024-09-03,1031.0,5,2024-04
1035,2024-04-30,6640.0,9280.0,2024-09-10,387.0,5,2024-04
1035,2024-04-30,6640.0,9280.0,2024-09-17,387.0,5,2024-04
1035,2024-04-30,6640.0,9280.0,2024-09-24,0.0,5,2024-04
1035,2024-04-30,6640.0,9280.0,2024-10-01,0.0,6,2024-04
1035,2024-04-30,6640.0,9280.0,2024-10-08,0.0,6,2024-04
1035,2024-04-30,6640.0,9280.0,2024-10-28,1546.0,6,2024-04
1036,2024-04-30,8040.0,11160.0,2024-05-07,1860.0,1,2024-04
1036,2024-04-30,8040.0,11160.0,2024-05-14,0.0,1,2024-04
1036,2024-04-30,8040.0,11160.0,2024-05-21,0.0,1,2024-04
1036,2024-04-30,8040.0,11160.0,2024-05-28,0.0,1,2024-04
1036,2024-04-30,8040.0,11160.0,2024-06-04,465.0,2,2024-04
1036,2024-04-30,8040.0,11160.0,2024-06-11,1860.0,2,2024-04
1036,2024-04-30,8040.0,11160.0,2024-06-18,0.0,2,2024-04
1036,2024-04-30,8040.0,11160.0,2024-06-25,0.0,2,2024-04
1036,2024-04-30,8040.0,11160.0,2024-07-02,0.0,3,2024-04
1036,2024-04-30,8040.0,11160.0,2024-07-09,2000.0,3,2024-04
1036,2024-04-30,8040.0,11160.0,2024-07-16,0.0,3,2024-04
1036,2024-04-30,8040.0,11160.0,2024-07-23,0.0,3,2024-04
1036,2024-04-30,8040.0,11160.0,2024-07-30,0.0,3,2024-04
1036,2024-04-30,8040.0,11160.0,2024-08-06,465.0,4,2024-04
1036,2024-04-30,8040.0,11160.0,2024-08-13,1500.0,4,2024-04
1036,2024-04-30,8040.0,11160.0,2024-08-20,0.0,4,2024-04
1036,2024-04-30,8040.0,11160.0,2024-08-27,0.0,4,2024-04
1036,2024-04-30,8040.0,11160.0,2024-09-03,500.0,5,2024-04
1036,2024-04-30,8040.0,11160.0,2024-09-10,1500.0,5,2024-04
1036,2024-04-30,8040.0,11160.0,2024-09-17,0.0,5,2024-04
1036,2024-04-30,8040.0,11160.0,2024-09-24,0.0,5,2024-04
1036,2024-04-30,8040.0,11160.0,2024-10-01,1010.0,6,2024-04
1037,2024-04-30,10050.0,13875.0,2024-05-07,580.0,1,2024-04
1037,2024-04-30,10050.0,13875.0,2024-05-14,580.0,1,2024-04
1037,2024-04-30,10050.0,13875.0,2024-05-21,580.0,1,2024-04
1037,2024-04-30,10050.0,13875.0,2024-05-28,580.0,1,2024-04
1037,2024-04-30,10050.0,13875.0,2024-06-04,580.0,2,2024-04
1037,2024-04-30,10050.0,13875.0,2024-06-11,580.0,2,2024-04
1037,2024-04-30,10050.0,13875.0,2024-06-18,580.0,2,2024-04
1037,2024-04-30,10050.0,13875.0,2024-06-25,580.0,2,2024-04
1037,2024-04-30,10050.0,13875.0,2024-07-02,580.0,3,2024-04
1037,2024-04-30,10050.0,13875.0,2024-07-09,580.0,3,2024-04
1037,2024-04-30,10050.0,13875.0,2024-07-16,580.0,3,2024-04
1037,2024-04-30,10050.0,13875.0,2024-07-23,0.0,3,2024-04
1037,2024-04-30,10050.0,13875.0,2024-07-30,1136.0,3,2024-04
1037,2024-04-30,10050.0,13875.0,2024-08-06,580.0,4,2024-04
1037,2024-04-30,10050.0,13875.0,2024-08-13,580.0,4,2024-04
1037,2024-04-30,10050.0,13875.0,2024-08-20,580.0,4,2024-04
1037,2024-04-30,10050.0,13875.0,2024-08-27,580.0,4,2024-04
1037,2024-04-30,10050.0,13875.0,2024-09-03,580.0,5,2024-04
1037,2024-04-30,10050.0,13875.0,2024-09-10,580.0,5,2024-04
1037,2024-04-30,10050.0,13875.0,2024-09-17,580.0,5,2024-04
1037,2024-04-30,10050.0,13875.0,2024-09-24,580.0,5,2024-04
1037,2024-04-30,10050.0,13875.0,2024-10-01,580.0,6,2024-04
1037,2024-04-30,10050.0,13875.0,2024-10-08,580.0,6,2024-04
1037,2024-04-30,10050.0,13875.0,2024-10-15,580.0,6,2024-04
1038,2024-05-02,17820.0,24435.0,2024-05-09,1019.0,0,2024-05
1038,2024-05-02,17820.0,24435.0,2024-05-16,1019.0,0,2024-05
1038,2024-05-02,17820.0,24435.0,2024-05-23,1019.0,0,2024-05
1038,2024-05-02,17820.0,24435.0,2024-05-30,1019.0,0,2024-05
1038,2024-05-02,17820.0,24435.0,2024-06-06,1019.0,1,2024-05
1038,2024-05-02,17820.0,24435.0,2024-06-13,1019.0,1,2024-05
1038,2024-05-02,17820.0,24435.0,2024-06-20,1019.0,1,2024-05
1038,2024-05-02,17820.0,24435.0,2024-06-27,1019.0,1,2024-05
1038,2024-05-02,17820.0,24435.0,2024-07-04,1000.0,2,2024-05
1038,2024-05-02,17820.0,24435.0,2024-07-11,1019.0,2,2024-05
1038,2024-05-02,17820.0,24435.0,2024-07-18,1019.0,2,2024-05
1038,2024-05-02,17820.0,24435.0,2024-07-25,1019.0,2,2024-05
1038,2024-05-02,17820.0,24435.0,2024-08-01,1019.0,3,2024-05
1038,2024-05-02,17820.0,24435.0,2024-08-08,1019.0,3,2024-05
1038,2024-05-02,17820.0,24435.0,2024-08-15,1019.0,3,2024-05
1038,2024-05-02,17820.0,24435.0,2024-08-22,1019.0,3,2024-05
1038,2024-05-02,17820.0,24435.0,2024-08-29,1019.0,3,2024-05
1038,2024-05-02,17820.0,24435.0,2024-09-05,1019.0,4,2024-05
1038,2024-05-02,17820.0,24435.0,2024-10-28,6112.0,5,2024-05
1039,2024-05-02,14070.0,19320.0,2024-05-09,805.0,0,2024-05
1039,2024-05-02,14070.0,19320.0,2024-05-16,805.0,0,2024-05
1039,2024-05-02,14070.0,19320.0,2024-05-23,805.0,0,2024-05
1039,2024-05-02,14070.0,19320.0,2024-05-30,805.0,0,2024-05
1039,2024-05-02,14070.0,19320.0,2024-06-06,805.0,1,2024-05
1039,2024-05-02,14070.0,19320.0,2024-06-13,805.0,1,2024-05
1039,2024-05-02,14070.0,19320.0,2024-06-20,805.0,1,2024-05
1039,2024-05-02,14070.0,19320.0,2024-06-27,805.0,1,2024-05
1039,2024-05-02,14070.0,19320.0,2024-07-04,805.0,2,2024-05
1039,2024-05-02,14070.0,19320.0,2024-07-11,805.0,2,2024-05
1039,2024-05-02,14070.0,19320.0,2024-07-18,805.0,2,2024-05
1039,2024-05-02,14070.0,19320.0,2024-07-25,805.0,2,2024-05
1039,2024-05-02,14070.0,19320.0,2024-08-01,805.0,3,2024-05
1039,2024-05-02,14070.0,19320.0,2024-08-08,805.0,3,2024-05
1039,2024-05-02,14070.0,19320.0,2024-08-15,805.0,3,2024-05
1039,2024-05-02,14070.0,19320.0,2024-08-22,805.0,3,2024-05
1039,2024-05-02,14070.0,19320.0,2024-08-29,805.0,3,2024-05
1039,2024-05-02,14070.0,19320.0,2024-09-05,805.0,4,2024-05
1039,2024-05-02,14070.0,19320.0,2024-09-12,805.0,4,2024-05
1039,2024-05-02,14070.0,19320.0,2024-09-19,805.0,4,2024-05
1039,2024-05-02,14070.0,19320.0,2024-09-26,805.0,4,2024-05
1039,2024-05-02,14070.0,19320.0,2024-10-03,805.0,5,2024-05
1039,2024-05-02,14070.0,19320.0,2024-10-10,805.0,5,2024-05
1039,2024-05-02,14070.0,19320.0,2024-10-17,805.0,5,2024-05
1041,2024-05-04,17820.0,24435.0,2024-05-11,1019.0,0,2024-05
1041,2024-05-04,17820.0,24435.0,2024-05-18,1020.0,0,2024-05
1041,2024-05-04,17820.0,24435.0,2024-05-25,1020.0,0,2024-05
1041,2024-05-04,17820.0,24435.0,2024-06-01,1020.0,1,2024-05
1041,2024-05-04,17820.0,24435.0,2024-06-08,1020.0,1,2024-05
1041,2024-05-04,17820.0,24435.0,2024-06-15,1020.0,1,2024-05
1041,2024-05-04,17820.0,24435.0,2024-06-22,0.0,1,2024-05
1041,2024-05-04,17820.0,24435.0,2024-06-29,2040.0,1,2024-05
1041,2024-05-04,17820.0,24435.0,2024-07-06,0.0,2,2024-05
1041,2024-05-04,17820.0,24435.0,2024-07-13,2040.0,2,2024-05
1041,2024-05-04,17820.0,24435.0,2024-07-20,0.0,2,2024-05
1041,2024-05-04,17820.0,24435.0,2024-07-27,2040.0,2,2024-05
1041,2024-05-04,17820.0,24435.0,2024-08-03,1020.0,3,2024-05
1041,2024-05-04,17820.0,24435.0,2024-08-10,1020.0,3,2024-05
1041,2024-05-04,17820.0,24435.0,2024-08-17,1020.0,3,2024-05
1041,2024-05-04,17820.0,24435.0,2024-08-24,0.0,3,2024-05
1041,2024-05-04,17820.0,24435.0,2024-08-31,0.0,3,2024-05
1041,2024-05-04,17820.0,24435.0,2024-09-07,3060.0,4,2024-05
1041,2024-05-04,17820.0,24435.0,2024-09-14,0.0,4,2024-05
1041,2024-05-04,17820.0,24435.0,2024-09-21,2020.0,4,2024-05
1041,2024-05-04,17820.0,24435.0,2024-09-28,0.0,4,2024-05
1041,2024-05-04,17820.0,24435.0,2024-10-05,0.0,5,2024-05
1041,2024-05-04,17820.0,24435.0,2024-10-12,3060.0,5,2024-05
1041,2024-05-04,17820.0,24435.0,2024-10-28,996.0,5,2024-05
1052,2024-05-11,9045.0,12628.0,2024-05-18,525.0,0,2024-05
1052,2024-05-11,9045.0,12628.0,2024-05-25,525.0,0,2024-05
1052,2024-05-11,9045.0,12628.0,2024-06-01,520.0,1,2024-05
1052,2024-05-11,9045.0,12628.0,2024-06-08,530.0,1,2024-05
1052,2024-05-11,9045.0,12628.0,2024-06-15,525.0,1,2024-05
1052,2024-05-11,9045.0,12628.0,2024-06-22,425.0,1,2024-05
1052,2024-05-11,9045.0,12628.0,2024-06-29,600.0,1,2024-05
1052,2024-05-11,9045.0,12628.0,2024-07-06,250.0,2,2024-05
1052,2024-05-11,9045.0,12628.0,2024-07-13,600.0,2,2024-05
1052,2024-05-11,9045.0,12628.0,2024-07-20,0.0,2,2024-05
1052,2024-05-11,9045.0,12628.0,2024-07-27,400.0,2,2024-05
1052,2024-05-11,9045.0,12628.0,2024-08-03,400.0,3,2024-05
1052,2024-05-11,9045.0,12628.0,2024-08-10,522.0,3,2024-05
1052,2024-05-11,9045.0,12628.0,2024-08-17,440.0,3,2024-05
1052,2024-05-11,9045.0,12628.0,2024-08-24,520.0,3,2024-05
1052,2024-05-11,9045.0,12628.0,2024-08-31,400.0,3,2024-05
1052,2024-05-11,9045.0,12628.0,2024-09-07,500.0,4,2024-05
1052,2024-05-11,9045.0,12628.0,2024-09-14,450.0,4,2024-05
1052,2024-05-11,9045.0,12628.0,2024-09-21,500.0,4,2024-05
1052,2024-05-11,9045.0,12628.0,2024-09-28,450.0,4,2024-05
1052,2024-05-11,9045.0,12628.0,2024-10-05,500.0,5,2024-05
1052,2024-05-11,9045.0,12628.0,2024-10-12,500.0,5,2024-05
1052,2024-05-11,9045.0,12628.0,2024-10-19,500.0,5,2024-05
1052,2024-05-11,9045.0,12628.0,2024-10-28,500.0,5,2024-05
1052,2024-05-11,9045.0,12628.0,2024-11-02,500.0,6,2024-05
1052,2024-05-11,9045.0,12628.0,2024-11-09,400.0,6,2024-05
1052,2024-05-11,9045.0,12628.0,2024-11-16,240.0,6,2024-05
1052,2024-05-11,9045.0,12628.0,2024-11-23,406.0,6,2024-05
1054,2024-05-13,17820.0,24535.0,2024-05-20,1020.0,0,2024-05
1054,2024-05-13,17820.0,24535.0,2024-05-27,1020.0,0,2024-05
1054,2024-05-13,17820.0,24535.0,2024-06-03,4080.0,1,2024-05
1054,2024-05-13,17820.0,24535.0,2024-06-10,0.0,1,2024-05
1054,2024-05-13,17820.0,24535.0,2024-06-17,0.0,1,2024-05
1054,2024-05-13,17820.0,24535.0,2024-06-24,0.0,1,2024-05
1054,2024-05-13,17820.0,24535.0,2024-07-01,1020.0,2,2024-05
1054,2024-05-13,17820.0,24535.0,2024-07-08,1020.0,2,2024-05
1054,2024-05-13,17820.0,24535.0,2024-07-15,1020.0,2,2024-05
1054,2024-05-13,17820.0,24535.0,2024-07-22,0.0,2,2024-05
1054,2024-05-13,17820.0,24535.0,2024-07-29,1220.0,2,2024-05
1054,2024-05-13,17820.0,24535.0,2024-08-05,1820.0,3,2024-05
1054,2024-05-13,17820.0,24535.0,2024-08-12,1020.0,3,2024-05
1054,2024-05-13,17820.0,24535.0,2024-08-19,520.0,3,2024-05
1054,2024-05-13,17820.0,24535.0,2024-08-26,1000.0,3,2024-05
1054,2024-05-13,17820.0,24535.0,2024-09-02,1030.0,4,2024-05
1054,2024-05-13,17820.0,24535.0,2024-09-09,1020.0,4,2024-05
1054,2024-05-13,17820.0,24535.0,2024-09-16,500.0,4,2024-05
1054,2024-05-13,17820.0,24535.0,2024-09-23,520.0,4,2024-05
1054,2024-05-13,17820.0,24535.0,2024-09-30,1000.0,4,2024-05
1054,2024-05-13,17820.0,24535.0,2024-10-07,1000.0,5,2024-05
1054,2024-05-13,17820.0,24535.0,2024-10-14,0.0,5,2024-05
1054,2024-05-13,17820.0,24535.0,2024-10-21,500.0,5,2024-05
1054,2024-05-13,17820.0,24535.0,2024-10-28,1000.0,5,2024-05
1054,2024-05-13,17820.0,24535.0,2024-11-04,1000.0,6,2024-05
1054,2024-05-13,17820.0,24535.0,2024-11-11,1000.0,6,2024-05
1054,2024-05-13,17820.0,24535.0,2024-11-18,0.0,6,2024-05
1054,2024-05-13,17820.0,24535.0,2024-11-25,500.0,6,2024-05
1054,2024-05-13,17820.0,24535.0,2024-12-02,705.0,7,2024-05
1060,2024-05-14,15080.0,20815.0,2024-05-21,870.0,0,2024-05
1060,2024-05-14,15080.0,20815.0,2024-05-28,870.0,0,2024-05
1060,2024-05-14,15080.0,20815.0,2024-06-04,870.0,1,2024-05
1060,2024-05-14,15080.0,20815.0,2024-06-11,870.0,1,2024-05
1060,2024-05-14,15080.0,20815.0,2024-06-18,870.0,1,2024-05
1060,2024-05-14,15080.0,20815.0,2024-06-25,870.0,1,2024-05
1060,2024-05-14,15080.0,20815.0,2024-07-02,870.0,2,2024-05
1060,2024-05-14,15080.0,20815.0,2024-07-09,870.0,2,2024-05
1060,2024-05-14,15080.0,20815.0,2024-07-16,870.0,2,2024-05
1060,2024-05-14,15080.0,20815.0,2024-07-23,0.0,2,2024-05
1060,2024-05-14,15080.0,20815.0,2024-07-30,870.0,2,2024-05
1060,2024-05-14,15080.0,20815.0,2024-08-06,870.0,3,2024-05
1060,2024-05-14,15080.0,20815.0,2024-08-13,870.0,3,2024-05
1060,2024-05-14,15080.0,20815.0,2024-08-20,870.0,3,2024-05
1060,2024-05-14,15080.0,20815.0,2024-08-27,870.0,3,2024-05
1060,2024-05-14,15080.0,20815.0,2024-09-03,870.0,4,2024-05
1060,2024-05-14,15080.0,20815.0,2024-09-10,870.0,4,2024-05
1060,2024-05-14,15080.0,20815.0,2024-09-17,870.0,4,2024-05
1060,2024-05-14,15080.0,20815.0,2024-09-24,870.0,4,2024-05
1060,2024-05-14,15080.0,20815.0,2024-10-01,870.0,5,2024-05
1060,2024-05-14,15080.0,20815.0,2024-10-08,870.0,5,2024-05
1060,2024-05-14,15080.0,20815.0,2024-10-15,870.0,5,2024-05
1060,2024-05-14,15080.0,20815.0,2024-10-22,870.0,5,2024-05
1060,2024-05-14,15080.0,20815.0,2024-10-29,870.0,5,2024-05
1060,2024-05-14,15080.0,20815.0,2024-11-03,805.0,6,2024-05
1062,2024-05-20,15920.0,21860.0,2024-05-27,911.0,0,2024-05
1062,2024-05-20,15920.0,21860.0,2024-06-03,911.0,1,2024-05
1062,2024-05-20,15920.0,21860.0,2024-06-10,911.0,1,2024-05
1062,2024-05-20,15920.0,21860.0,2024-06-17,911.0,1,2024-05
1062,2024-05-20,15920.0,21860.0,2024-06-24,911.0,1,2024-05
1062,2024-05-20,15920.0,21860.0,2024-07-01,911.0,2,2024-05
1062,2024-05-20,15920.0,21860.0,2024-07-08,911.0,2,2024-05
1062,2024-05-20,15920.0,21860.0,2024-07-15,911.0,2,2024-05
1062,2024-05-20,15920.0,21860.0,2024-07-22,0.0,2,2024-05
1062,2024-05-20,15920.0,21860.0,2024-07-29,1821.0,2,2024-05
1062,2024-05-20,15920.0,21860.0,2024-08-05,0.0,3,2024-05
1062,2024-05-20,15920.0,21860.0,2024-08-12,1821.0,3,2024-05
1062,2024-05-20,15920.0,21860.0,2024-08-19,911.0,3,2024-05
1062,2024-05-20,15920.0,21860.0,2024-08-26,911.0,3,2024-05
1062,2024-05-20,15920.0,21860.0,2024-09-02,911.0,4,2024-05
1062,2024-05-20,15920.0,21860.0,2024-09-09,911.0,4,2024-05
1062,2024-05-20,15920.0,21860.0,2024-09-16,911.0,4,2024-05
1062,2024-05-20,15920.0,21860.0,2024-09-23,911.0,4,2024-05
1062,2024-05-20,15920.0,21860.0,2024-09-30,911.0,4,2024-05
1062,2024-05-20,15920.0,21860.0,2024-10-07,911.0,5,2024-05
1062,2024-05-20,15920.0,21860.0,2024-10-14,911.0,5,2024-05
1062,2024-05-20,15920.0,21860.0,2024-10-21,911.0,5,2024-05
1062,2024-05-20,15920.0,21860.0,2024-10-28,911.0,5,2024-05
1062,2024-05-20,15920.0,21860.0,2024-11-04,911.0,6,2024-05
1063,2024-05-20,11390.0,15725.0,2024-05-27,600.0,0,2024-05
1063,2024-05-20,11390.0,15725.0,2024-06-03,655.0,1,2024-05
1063,2024-05-20,11390.0,15725.0,2024-06-10,660.0,1,2024-05
1063,2024-05-20,11390.0,15725.0,2024-06-17,660.0,1,2024-05
1063,2024-05-20,11390.0,15725.0,2024-06-24,200.0,1,2024-05
1063,2024-05-20,11390.0,15725.0,2024-07-01,400.0,2,2024-05
1063,2024-05-20,11390.0,15725.0,2024-07-08,400.0,2,2024-05
1063,2024-05-20,11390.0,15725.0,2024-07-15,300.0,2,2024-05
1063,2024-05-20,11390.0,15725.0,2024-07-22,0.0,2,2024-05
1063,2024-05-20,11390.0,15725.0,2024-07-29,0.0,2,2024-05
1063,2024-05-20,11390.0,15725.0,2024-08-05,0.0,3,2024-05
1063,2024-05-20,11390.0,15725.0,2024-08-12,0.0,3,2024-05
1063,2024-05-20,11390.0,15725.0,2024-08-19,300.0,3,2024-05
1063,2024-05-20,11390.0,15725.0,2024-08-26,0.0,3,2024-05
1063,2024-05-20,11390.0,15725.0,2024-09-02,500.0,4,2024-05
1063,2024-05-20,11390.0,15725.0,2024-09-09,0.0,4,2024-05
1063,2024-05-20,11390.0,15725.0,2024-09-16,0.0,4,2024-05
1063,2024-05-20,11390.0,15725.0,2024-09-23,0.0,4,2024-05
1063,2024-05-20,11390.0,15725.0,2024-09-30,0.0,4,2024-05
1063,2024-05-20,11390.0,15725.0,2024-10-07,8000.0,5,2024-05
1063,2024-05-20,11390.0,15725.0,2024-10-14,300.0,5,2024-05
1063,2024-05-20,11390.0,15725.0,2024-10-21,1500.0,5,2024-05
1063,2024-05-20,11390.0,15725.0,2024-10-28,300.0,5,2024-05
1063,2024-05-20,11390.0,15725.0,2024-11-04,0.0,6,2024-05
1063,2024-05-20,11390.0,15725.0,2024-11-10,400.0,6,2024-05
1063,2024-05-20,11390.0,15725.0,2024-11-18,200.0,6,2024-05
1063,2024-05-20,11390.0,15725.0,2024-11-25,350.0,6,2024-05
1066,2024-05-21,15080.0,20715.0,2024-05-28,864.0,0,2024-05
1066,2024-05-21,15080.0,20715.0,2024-06-04,864.0,1,2024-05
1066,2024-05-21,15080.0,20715.0,2024-06-11,864.0,1,2024-05
1066,2024-05-21,15080.0,20715.0,2024-06-18,864.0,1,2024-05
1066,2024-05-21,15080.0,20715.0,2024-06-25,864.0,1,2024-05
1066,2024-05-21,15080.0,20715.0,2024-07-02,864.0,2,2024-05
1066,2024-05-21,15080.0,20715.0,2024-07-09,900.0,2,2024-05
1066,2024-05-21,15080.0,20715.0,2024-07-16,900.0,2,2024-05
1066,2024-05-21,15080.0,20715.0,2024-07-23,0.0,2,2024-05
1066,2024-05-21,15080.0,20715.0,2024-07-30,900.0,2,2024-05
1066,2024-05-21,15080.0,20715.0,2024-08-06,900.0,3,2024-05
1066,2024-05-21,15080.0,20715.0,2024-08-13,900.0,3,2024-05
1066,2024-05-21,15080.0,20715.0,2024-08-20,900.0,3,2024-05
1066,2024-05-21,15080.0,20715.0,2024-08-27,900.0,3,2024-05
1066,2024-05-21,15080.0,20715.0,2024-09-03,0.0,4,2024-05
1066,2024-05-21,15080.0,20715.0,2024-09-10,3300.0,4,2024-05
1066,2024-05-21,15080.0,20715.0,2024-09-17,0.0,4,2024-05
1066,2024-05-21,15080.0,20715.0,2024-09-24,950.0,4,2024-05
1066,2024-05-21,15080.0,20715.0,2024-10-01,900.0,5,2024-05
1066,2024-05-21,15080.0,20715.0,2024-10-08,900.0,5,2024-05
1066,2024-05-21,15080.0,20715.0,2024-10-15,900.0,5,2024-05
1066,2024-05-21,15080.0,20715.0,2024-10-22,500.0,5,2024-05
1066,2024-05-21,15080.0,20715.0,2024-10-29,920.0,5,2024-05
1066,2024-05-21,15080.0,20715.0,2024-11-05,0.0,6,2024-05
1066,2024-05-21,15080.0,20715.0,2024-11-06,961.0,6,2024-05
1068,2024-05-21,17820.0,30335.0,2024-05-28,1020.0,0,2024-05
1068,2024-05-21,17820.0,30335.0,2024-06-04,1020.0,1,2024-05
1068,2024-05-21,17820.0,30335.0,2024-06-11,1020.0,1,2024-05
1068,2024-05-21,17820.0,30335.0,2024-06-18,1020.0,1,2024-05
1068,2024-05-21,17820.0,30335.0,2024-06-25,1020.0,1,2024-05
1068,2024-05-21,17820.0,30335.0,2024-07-02,1020.0,2,2024-05
1068,2024-05-21,17820.0,30335.0,2024-07-09,1020.0,2,2024-05
1068,2024-05-21,17820.0,30335.0,2024-07-16,1020.0,2,2024-05
1068,2024-05-21,17820.0,30335.0,2024-07-23,0.0,2,2024-05
1068,2024-05-21,17820.0,30335.0,2024-07-30,0.0,2,2024-05
1068,2024-05-21,17820.0,30335.0,2024-08-06,0.0,3,2024-05
1068,2024-05-21,17820.0,30335.0,2024-08-13,0.0,3,2024-05
1068,2024-05-21,17820.0,30335.0,2024-08-20,0.0,3,2024-05
1068,2024-05-21,17820.0,30335.0,2024-08-27,0.0,3,2024-05
1068,2024-05-21,17820.0,30335.0,2024-09-03,0.0,4,2024-05
1068,2024-05-21,17820.0,30335.0,2024-09-10,0.0,4,2024-05
1068,2024-05-21,17820.0,30335.0,2024-09-17,0.0,4,2024-05
1068,2024-05-21,17820.0,30335.0,2024-09-24,0.0,4,2024-05
1068,2024-05-21,17820.0,30335.0,2024-10-01,0.0,5,2024-05
1068,2024-05-21,17820.0,30335.0,2024-10-08,0.0,5,2024-05
1068,2024-05-21,17820.0,30335.0,2024-10-15,0.0,5,2024-05
1068,2024-05-21,17820.0,30335.0,2024-10-22,0.0,5,2024-05
1068,2024-05-21,17820.0,30335.0,2024-10-29,0.0,5,2024-05
1068,2024-05-21,17820.0,30335.0,2024-11-05,0.0,6,2024-05
1068,2024-05-21,17820.0,30335.0,2024-11-12,0.0,6,2024-05
1068,2024-05-21,17820.0,30335.0,2024-11-19,0.0,6,2024-05
1068,2024-05-21,17820.0,30335.0,2024-11-26,0.0,6,2024-05
1068,2024-05-21,17820.0,30335.0,2024-12-03,0.0,7,2024-05
1068,2024-05-21,17820.0,30335.0,2024-12-10,0.0,7,2024-05
1068,2024-05-21,17820.0,30335.0,2024-12-17,0.0,7,2024-05
1068,2024-05-21,17820.0,30335.0,2024-12-24,0.0,7,2024-05
1068,2024-05-21,17820.0,30335.0,2024-12-31,0.0,7,2024-05
1068,2024-05-21,17820.0,30335.0,2025-01-07,0.0,8,2024-05
1068,2024-05-21,17820.0,30335.0,2025-01-14,0.0,8,2024-05
1068,2024-05-21,17820.0,30335.0,2025-01-21,0.0,8,2024-05
1068,2024-05-21,17820.0,30335.0,2025-01-28,0.0,8,2024-05
1068,2024-05-21,17820.0,30335.0,2025-02-04,0.0,9,2024-05
1068,2024-05-21,17820.0,30335.0,2025-02-11,0.0,9,2024-05
1068,2024-05-21,17820.0,30335.0,2025-02-18,0.0,9,2024-05
1068,2024-05-21,17820.0,30335.0,2025-02-25,0.0,9,2024-05
1068,2024-05-21,17820.0,30335.0,2025-03-04,0.0,10,2024-05
1068,2024-05-21,17820.0,30335.0,2025-03-11,0.0,10,2024-05
1068,2024-05-21,17820.0,30335.0,2025-03-18,0.0,10,2024-05
1068,2024-05-21,17820.0,30335.0,2025-03-25,0.0,10,2024-05
1068,2024-05-21,17820.0,30335.0,2025-04-06,0.0,11,2024-05
1068,2024-05-21,17820.0,30335.0,2025-04-08,0.0,11,2024-05
1068,2024-05-21,17820.0,30335.0,2025-04-15,0.0,11,2024-05
1068,2024-05-21,17820.0,30335.0,2025-04-22,0.0,11,2024-05
1068,2024-05-21,17820.0,30335.0,2025-04-29,0.0,11,2024-05
1068,2024-05-21,17820.0,30335.0,2025-05-06,0.0,12,2024-05
1068,2024-05-21,17820.0,30335.0,2025-05-13,0.0,12,2024-05
1068,2024-05-21,17820.0,30335.0,2025-05-20,0.0,12,2024-05
1068,2024-05-21,17820.0,30335.0,2025-05-27,0.0,12,2024-05
1068,2024-05-21,17820.0,30335.0,2025-06-03,0.0,13,2024-05
1068,2024-05-21,17820.0,30335.0,2025-06-10,0.0,13,2024-05
1068,2024-05-21,17820.0,30335.0,2025-06-17,0.0,13,2024-05
1068,2024-05-21,17820.0,30335.0,2025-06-24,0.0,13,2024-05
1068,2024-05-21,17820.0,30335.0,2025-07-01,0.0,14,2024-05
1068,2024-05-21,17820.0,30335.0,2025-07-08,0.0,14,2024-05
1068,2024-05-21,17820.0,30335.0,2025-07-15,0.0,14,2024-05
1068,2024-05-21,17820.0,30335.0,2025-07-22,0.0,14,2024-05
1068,2024-05-21,17820.0,30335.0,2025-07-29,0.0,14,2024-05
1068,2024-05-21,17820.0,30335.0,2025-08-05,0.0,15,2024-05
1068,2024-05-21,17820.0,30335.0,2025-08-12,0.0,15,2024-05
1068,2024-05-21,17820.0,30335.0,2025-08-19,0.0,15,2024-05
1068,2024-05-21,17820.0,30335.0,2025-08-26,0.0,15,2024-05
1068,2024-05-21,17820.0,30335.0,2025-09-02,0.0,16,2024-05
1068,2024-05-21,17820.0,30335.0,2025-09-09,0.0,16,2024-05
1068,2024-05-21,17820.0,30335.0,2025-09-16,0.0,16,2024-05
1068,2024-05-21,17820.0,30335.0,2025-09-23,0.0,16,2024-05
1068,2024-05-21,17820.0,30335.0,2025-09-30,0.0,16,2024-05
1068,2024-05-21,17820.0,30335.0,2025-10-07,0.0,17,2024-05
1068,2024-05-21,17820.0,30335.0,2025-10-15,0.0,17,2024-05
1068,2024-05-21,17820.0,30335.0,2025-10-22,0.0,17,2024-05
1068,2024-05-21,17820.0,30335.0,2025-10-29,0.0,17,2024-05
1068,2024-05-21,17820.0,30335.0,2025-11-12,0.0,18,2024-05
1068,2024-05-21,17820.0,30335.0,2025-11-19,0.0,18,2024-05
1068,2024-05-21,17820.0,30335.0,2025-12-01,0.0,19,2024-05
1068,2024-05-21,17820.0,30335.0,2025-12-08,0.0,19,2024-05
1068,2024-05-21,17820.0,30335.0,2025-12-15,0.0,19,2024-05
1068,2024-05-21,17820.0,30335.0,2025-12-22,0.0,19,2024-05
1068,2024-05-21,17820.0,30335.0,2025-12-29,0.0,19,2024-05
1068,2024-05-21,17820.0,30335.0,2026-01-05,0.0,20,2024-05
1068,2024-05-21,17820.0,30335.0,2026-01-12,0.0,20,2024-05
1068,2024-05-21,17820.0,30335.0,2026-01-19,0.0,20,2024-05
1068,2024-05-21,17820.0,30335.0,2026-01-26,0.0,20,2024-05
1068,2024-05-21,17820.0,30335.0,2026-02-02,0.0,21,2024-05
1068,2024-05-21,17820.0,30335.0,2026-02-09,0.0,21,2024-05
1068,2024-05-21,17820.0,30335.0,2026-02-16,0.0,21,2024-05
1068,2024-05-21,17820.0,30335.0,2026-02-23,0.0,21,2024-05
1068,2024-05-21,17820.0,30335.0,2026-03-02,0.0,22,2024-05
1068,2024-05-21,17820.0,30335.0,2026-03-09,0.0,22,2024-05
1068,2024-05-21,17820.0,30335.0,2026-03-16,0.0,22,2024-05
1068,2024-05-21,17820.0,30335.0,2026-03-23,0.0,22,2024-05
1069,2024-05-25,7640.0,10640.0,2024-06-01,888.0,1,2024-05
1069,2024-05-25,7640.0,10640.0,2024-06-08,0.0,1,2024-05
1069,2024-05-25,7640.0,10640.0,2024-06-15,500.0,1,2024-05
1069,2024-05-25,7640.0,10640.0,2024-06-22,500.0,1,2024-05
1069,2024-05-25,7640.0,10640.0,2024-06-29,500.0,1,2024-05
1069,2024-05-25,7640.0,10640.0,2024-07-06,500.0,2,2024-05
1069,2024-05-25,7640.0,10640.0,2024-07-13,500.0,2,2024-05
1069,2024-05-25,7640.0,10640.0,2024-07-20,0.0,2,2024-05
1069,2024-05-25,7640.0,10640.0,2024-07-27,602.0,2,2024-05
1069,2024-05-25,7640.0,10640.0,2024-08-03,500.0,3,2024-05
1069,2024-05-25,7640.0,10640.0,2024-08-10,500.0,3,2024-05
1069,2024-05-25,7640.0,10640.0,2024-08-17,500.0,3,2024-05
1069,2024-05-25,7640.0,10640.0,2024-08-24,2000.0,3,2024-05
1069,2024-05-25,7640.0,10640.0,2024-08-31,0.0,3,2024-05
1069,2024-05-25,7640.0,10640.0,2024-09-07,0.0,4,2024-05
1069,2024-05-25,7640.0,10640.0,2024-09-14,0.0,4,2024-05
1069,2024-05-25,7640.0,10640.0,2024-09-21,500.0,4,2024-05
1069,2024-05-25,7640.0,10640.0,2024-09-28,500.0,4,2024-05
1069,2024-05-25,7640.0,10640.0,2024-10-05,500.0,5,2024-05
1069,2024-05-25,7640.0,10640.0,2024-10-12,500.0,5,2024-05
1069,2024-05-25,7640.0,10640.0,2024-10-19,500.0,5,2024-05
1069,2024-05-25,7640.0,10640.0,2024-10-28,500.0,5,2024-05
1069,2024-05-25,7640.0,10640.0,2024-10-28,0.0,5,2024-05
1069,2024-05-25,7640.0,10640.0,2024-11-02,150.0,6,2024-05
1070,2024-05-28,10050.0,14175.0,2024-06-04,580.0,1,2024-05
1070,2024-05-28,10050.0,14175.0,2024-06-11,580.0,1,2024-05
1070,2024-05-28,10050.0,14175.0,2024-06-18,580.0,1,2024-05
1070,2024-05-28,10050.0,14175.0,2024-06-25,570.0,1,2024-05
1070,2024-05-28,10050.0,14175.0,2024-07-02,500.0,2,2024-05
1070,2024-05-28,10050.0,14175.0,2024-07-09,500.0,2,2024-05
1070,2024-05-28,10050.0,14175.0,2024-07-16,500.0,2,2024-05
1070,2024-05-28,10050.0,14175.0,2024-07-23,0.0,2,2024-05
1070,2024-05-28,10050.0,14175.0,2024-07-30,580.0,2,2024-05
1070,2024-05-28,10050.0,14175.0,2024-08-06,300.0,3,2024-05
1070,2024-05-28,10050.0,14175.0,2024-08-13,500.0,3,2024-05
1070,2024-05-28,10050.0,14175.0,2024-08-20,400.0,3,2024-05
1070,2024-05-28,10050.0,14175.0,2024-08-27,400.0,3,2024-05
1070,2024-05-28,10050.0,14175.0,2024-09-03,300.0,4,2024-05
1070,2024-05-28,10050.0,14175.0,2024-09-10,400.0,4,2024-05
1070,2024-05-28,10050.0,14175.0,2024-09-17,300.0,4,2024-05
1070,2024-05-28,10050.0,14175.0,2024-09-24,450.0,4,2024-05
1070,2024-05-28,10050.0,14175.0,2024-10-01,500.0,5,2024-05
1070,2024-05-28,10050.0,14175.0,2024-10-08,400.0,5,2024-05
1070,2024-05-28,10050.0,14175.0,2024-10-15,450.0,5,2024-05
1070,2024-05-28,10050.0,14175.0,2024-10-22,350.0,5,2024-05
1070,2024-05-28,10050.0,14175.0,2024-10-29,300.0,5,2024-05
1070,2024-05-28,10050.0,14175.0,2024-11-05,300.0,6,2024-05
1070,2024-05-28,10050.0,14175.0,2024-11-12,400.0,6,2024-05
1070,2024-05-28,10050.0,14175.0,2024-11-18,350.0,6,2024-05
1070,2024-05-28,10050.0,14175.0,2024-11-26,350.0,6,2024-05
1070,2024-05-28,10050.0,14175.0,2024-12-03,300.0,7,2024-05
1070,2024-05-28,10050.0,14175.0,2024-12-10,300.0,7,2024-05
1070,2024-05-28,10050.0,14175.0,2024-12-17,200.0,7,2024-05
1070,2024-05-28,10050.0,14175.0,2024-12-26,300.0,7,2024-05
1070,2024-05-28,10050.0,14175.0,2024-12-31,200.0,7,2024-05
1070,2024-05-28,10050.0,14175.0,2025-01-09,270.0,8,2024-05
1070,2024-05-28,10050.0,14175.0,2025-01-14,180.0,8,2024-05
1070,2024-05-28,10050.0,14175.0,2025-01-21,200.0,8,2024-05
1070,2024-05-28,10050.0,14175.0,2025-01-28,200.0,8,2024-05
1070,2024-05-28,10050.0,14175.0,2025-02-04,200.0,9,2024-05
1070,2024-05-28,10050.0,14175.0,2025-02-11,200.0,9,2024-05
1070,2024-05-28,10050.0,14175.0,2025-02-18,200.0,9,2024-05
1070,2024-05-28,10050.0,14175.0,2025-02-25,585.0,9,2024-05
1071,2024-05-28,16500.0,22625.0,2024-06-04,943.0,1,2024-05
1071,2024-05-28,16500.0,22625.0,2024-06-11,943.0,1,2024-05
1071,2024-05-28,16500.0,22625.0,2024-06-18,943.0,1,2024-05
1071,2024-05-28,16500.0,22625.0,2024-06-25,943.0,1,2024-05
1071,2024-05-28,16500.0,22625.0,2024-07-02,943.0,2,2024-05
1071,2024-05-28,16500.0,22625.0,2024-07-09,943.0,2,2024-05
1071,2024-05-28,16500.0,22625.0,2024-07-16,943.0,2,2024-05
1071,2024-05-28,16500.0,22625.0,2024-07-23,943.0,2,2024-05
1071,2024-05-28,16500.0,22625.0,2024-07-30,943.0,2,2024-05
1071,2024-05-28,16500.0,22625.0,2024-08-06,943.0,3,2024-05
1071,2024-05-28,16500.0,22625.0,2024-08-13,943.0,3,2024-05
1071,2024-05-28,16500.0,22625.0,2024-08-20,943.0,3,2024-05
1071,2024-05-28,16500.0,22625.0,2024-08-27,943.0,3,2024-05
1071,2024-05-28,16500.0,22625.0,2024-09-03,943.0,4,2024-05
1071,2024-05-28,16500.0,22625.0,2024-09-10,943.0,4,2024-05
1071,2024-05-28,16500.0,22625.0,2024-09-17,943.0,4,2024-05
1071,2024-05-28,16500.0,22625.0,2024-09-24,943.0,4,2024-05
1071,2024-05-28,16500.0,22625.0,2024-10-01,943.0,5,2024-05
1071,2024-05-28,16500.0,22625.0,2024-10-08,943.0,5,2024-05
1071,2024-05-28,16500.0,22625.0,2024-10-15,943.0,5,2024-05
1071,2024-05-28,16500.0,22625.0,2024-10-22,943.0,5,2024-05
1071,2024-05-28,16500.0,22625.0,2024-10-30,943.0,5,2024-05
1071,2024-05-28,16500.0,22625.0,2024-11-05,943.0,6,2024-05
1071,2024-05-28,16500.0,22625.0,2024-11-12,936.0,6,2024-05
1072,2024-05-28,11560.0,15980.0,2024-06-04,666.0,1,2024-05
1072,2024-05-28,11560.0,15980.0,2024-06-11,1340.0,1,2024-05
1072,2024-05-28,11560.0,15980.0,2024-06-18,0.0,1,2024-05
1072,2024-05-28,11560.0,15980.0,2024-06-25,1332.0,1,2024-05
1072,2024-05-28,11560.0,15980.0,2024-07-02,0.0,2,2024-05
1072,2024-05-28,11560.0,15980.0,2024-07-09,666.0,2,2024-05
1072,2024-05-28,11560.0,15980.0,2024-07-16,1332.0,2,2024-05
1072,2024-05-28,11560.0,15980.0,2024-07-23,0.0,2,2024-05
1072,2024-05-28,11560.0,15980.0,2024-07-30,1332.0,2,2024-05
1072,2024-05-28,11560.0,15980.0,2024-08-06,0.0,3,2024-05
1072,2024-05-28,11560.0,15980.0,2024-08-13,0.0,3,2024-05
1072,2024-05-28,11560.0,15980.0,2024-08-20,1332.0,3,2024-05
1072,2024-05-28,11560.0,15980.0,2024-08-27,2000.0,3,2024-05
1072,2024-05-28,11560.0,15980.0,2024-09-03,0.0,4,2024-05
1072,2024-05-28,11560.0,15980.0,2024-09-10,0.0,4,2024-05
1072,2024-05-28,11560.0,15980.0,2024-09-17,666.0,4,2024-05
1072,2024-05-28,11560.0,15980.0,2024-09-24,1332.0,4,2024-05
1072,2024-05-28,11560.0,15980.0,2024-10-01,0.0,5,2024-05
1072,2024-05-28,11560.0,15980.0,2024-10-08,666.0,5,2024-05
1072,2024-05-28,11560.0,15980.0,2024-10-15,666.0,5,2024-05
1072,2024-05-28,11560.0,15980.0,2024-10-22,1332.0,5,2024-05
1072,2024-05-28,11560.0,15980.0,2024-10-29,0.0,5,2024-05
1072,2024-05-28,11560.0,15980.0,2024-11-06,666.0,6,2024-05
1072,2024-05-28,11560.0,15980.0,2024-11-12,0.0,6,2024-05
1072,2024-05-28,11560.0,15980.0,2024-11-13,652.0,6,2024-05
1073,2024-05-29,15540.0,21290.0,2024-06-05,670.0,1,2024-05
1073,2024-05-29,15540.0,21290.0,2024-06-12,1000.0,1,2024-05
1073,2024-05-29,15540.0,21290.0,2024-06-19,300.0,1,2024-05
1073,2024-05-29,15540.0,21290.0,2024-06-26,500.0,1,2024-05
1073,2024-05-29,15540.0,21290.0,2024-07-03,540.0,2,2024-05
1073,2024-05-29,15540.0,21290.0,2024-07-10,300.0,2,2024-05
1073,2024-05-29,15540.0,21290.0,2024-07-17,0.0,2,2024-05
1073,2024-05-29,15540.0,21290.0,2024-07-24,1500.0,2,2024-05
1073,2024-05-29,15540.0,21290.0,2024-07-31,500.0,2,2024-05
1073,2024-05-29,15540.0,21290.0,2024-08-07,0.0,3,2024-05
1073,2024-05-29,15540.0,21290.0,2024-08-14,0.0,3,2024-05
1073,2024-05-29,15540.0,21290.0,2024-08-21,0.0,3,2024-05
1073,2024-05-29,15540.0,21290.0,2024-08-28,0.0,3,2024-05
1073,2024-05-29,15540.0,21290.0,2024-09-04,0.0,4,2024-05
1073,2024-05-29,15540.0,21290.0,2024-09-11,0.0,4,2024-05
1073,2024-05-29,15540.0,21290.0,2024-09-18,7500.0,4,2024-05
1073,2024-05-29,15540.0,21290.0,2024-09-25,300.0,4,2024-05
1073,2024-05-29,15540.0,21290.0,2024-10-02,0.0,5,2024-05
1073,2024-05-29,15540.0,21290.0,2024-10-09,0.0,5,2024-05
1073,2024-05-29,15540.0,21290.0,2024-10-16,0.0,5,2024-05
1073,2024-05-29,15540.0,21290.0,2024-10-23,0.0,5,2024-05
1073,2024-05-29,15540.0,21290.0,2024-10-30,900.0,5,2024-05
1073,2024-05-29,15540.0,21290.0,2024-11-06,0.0,6,2024-05
1073,2024-05-29,15540.0,21290.0,2024-11-13,500.0,6,2024-05
1073,2024-05-29,15540.0,21290.0,2024-11-21,0.0,6,2024-05
1073,2024-05-29,15540.0,21290.0,2024-11-26,6780.0,6,2024-05
1074,2024-05-29,11650.0,16060.0,2024-06-05,670.0,1,2024-05
1074,2024-05-29,11650.0,16060.0,2024-06-12,670.0,1,2024-05
1074,2024-05-29,11650.0,16060.0,2024-06-19,670.0,1,2024-05
1074,2024-05-29,11650.0,16060.0,2024-06-26,670.0,1,2024-05
1074,2024-05-29,11650.0,16060.0,2024-07-03,670.0,2,2024-05
1074,2024-05-29,11650.0,16060.0,2024-07-10,670.0,2,2024-05
1074,2024-05-29,11650.0,16060.0,2024-07-17,670.0,2,2024-05
1074,2024-05-29,11650.0,16060.0,2024-07-24,670.0,2,2024-05
1074,2024-05-29,11650.0,16060.0,2024-07-31,670.0,2,2024-05
1074,2024-05-29,11650.0,16060.0,2024-08-07,1340.0,3,2024-05
1074,2024-05-29,11650.0,16060.0,2024-08-14,0.0,3,2024-05
1074,2024-05-29,11650.0,16060.0,2024-08-21,670.0,3,2024-05
1074,2024-05-29,11650.0,16060.0,2024-08-28,670.0,3,2024-05
1074,2024-05-29,11650.0,16060.0,2024-09-04,670.0,4,2024-05
1074,2024-05-29,11650.0,16060.0,2024-09-11,670.0,4,2024-05
1074,2024-05-29,11650.0,16060.0,2024-09-18,670.0,4,2024-05
1074,2024-05-29,11650.0,16060.0,2024-09-25,670.0,4,2024-05
1074,2024-05-29,11650.0,16060.0,2024-10-02,670.0,5,2024-05
1074,2024-05-29,11650.0,16060.0,2024-10-09,670.0,5,2024-05
1074,2024-05-29,11650.0,16060.0,2024-10-16,670.0,5,2024-05
1074,2024-05-29,11650.0,16060.0,2024-10-23,670.0,5,2024-05
1074,2024-05-29,11650.0,16060.0,2024-10-30,670.0,5,2024-05
1074,2024-05-29,11650.0,16060.0,2024-11-05,670.0,6,2024-05
1074,2024-05-29,11650.0,16060.0,2024-11-13,650.0,6,2024-05
1075,2024-06-01,17340.0,23775.0,2024-06-08,1000.0,0,2024-06
1075,2024-06-01,17340.0,23775.0,2024-06-15,1000.0,0,2024-06
1075,2024-06-01,17340.0,23775.0,2024-06-22,1000.0,0,2024-06
1075,2024-06-01,17340.0,23775.0,2024-06-29,1000.0,0,2024-06
1075,2024-06-01,17340.0,23775.0,2024-07-06,1000.0,1,2024-06
1075,2024-06-01,17340.0,23775.0,2024-07-13,1000.0,1,2024-06
1075,2024-06-01,17340.0,23775.0,2024-07-20,0.0,1,2024-06
1075,2024-06-01,17340.0,23775.0,2024-07-27,1000.0,1,2024-06
1075,2024-06-01,17340.0,23775.0,2024-08-03,1000.0,2,2024-06
1075,2024-06-01,17340.0,23775.0,2024-08-10,1000.0,2,2024-06
1075,2024-06-01,17340.0,23775.0,2024-08-17,1000.0,2,2024-06
1075,2024-06-01,17340.0,23775.0,2024-08-24,1000.0,2,2024-06
1075,2024-06-01,17340.0,23775.0,2024-08-31,1000.0,2,2024-06
1075,2024-06-01,17340.0,23775.0,2024-09-07,1000.0,3,2024-06
1075,2024-06-01,17340.0,23775.0,2024-09-14,1000.0,3,2024-06
1075,2024-06-01,17340.0,23775.0,2024-09-21,1000.0,3,2024-06
1075,2024-06-01,17340.0,23775.0,2024-09-28,1000.0,3,2024-06
1075,2024-06-01,17340.0,23775.0,2024-10-05,1000.0,4,2024-06
1075,2024-06-01,17340.0,23775.0,2024-10-12,1000.0,4,2024-06
1075,2024-06-01,17340.0,23775.0,2024-10-19,1000.0,4,2024-06
1075,2024-06-01,17340.0,23775.0,2024-10-29,1000.0,4,2024-06
1075,2024-06-01,17340.0,23775.0,2024-11-04,1000.0,5,2024-06
1075,2024-06-01,17340.0,23775.0,2024-11-09,0.0,5,2024-06
1075,2024-06-01,17340.0,23775.0,2024-11-17,2000.0,5,2024-06
1075,2024-06-01,17340.0,23775.0,2024-11-23,775.0,5,2024-06
1076,2024-06-01,15540.0,21359.0,2024-06-08,900.0,0,2024-06
1076,2024-06-01,15540.0,21359.0,2024-06-15,890.0,0,2024-06
1076,2024-06-01,15540.0,21359.0,2024-06-22,890.0,0,2024-06
1076,2024-06-01,15540.0,21359.0,2024-06-29,890.0,0,2024-06
1076,2024-06-01,15540.0,21359.0,2024-07-06,890.0,1,2024-06
1076,2024-06-01,15540.0,21359.0,2024-07-13,890.0,1,2024-06
1076,2024-06-01,15540.0,21359.0,2024-07-20,0.0,1,2024-06
1076,2024-06-01,15540.0,21359.0,2024-07-27,1100.0,1,2024-06
1076,2024-06-01,15540.0,21359.0,2024-08-03,1000.0,2,2024-06
1076,2024-06-01,15540.0,21359.0,2024-08-10,890.0,2,2024-06
1076,2024-06-01,15540.0,21359.0,2024-08-17,890.0,2,2024-06
1076,2024-06-01,15540.0,21359.0,2024-08-24,890.0,2,2024-06
1076,2024-06-01,15540.0,21359.0,2024-08-31,890.0,2,2024-06
1076,2024-06-01,15540.0,21359.0,2024-09-07,700.0,3,2024-06
1076,2024-06-01,15540.0,21359.0,2024-09-14,890.0,3,2024-06
1076,2024-06-01,15540.0,21359.0,2024-09-21,890.0,3,2024-06
1076,2024-06-01,15540.0,21359.0,2024-09-28,890.0,3,2024-06
1076,2024-06-01,15540.0,21359.0,2024-10-05,890.0,4,2024-06
1076,2024-06-01,15540.0,21359.0,2024-10-12,890.0,4,2024-06
1076,2024-06-01,15540.0,21359.0,2024-10-19,890.0,4,2024-06
1076,2024-06-01,15540.0,21359.0,2024-10-28,890.0,4,2024-06
1076,2024-06-01,15540.0,21359.0,2024-11-02,890.0,5,2024-06
1076,2024-06-01,15540.0,21359.0,2024-11-09,890.0,5,2024-06
1076,2024-06-01,15540.0,21359.0,2024-11-16,500.0,5,2024-06
1076,2024-06-01,15540.0,21359.0,2024-11-23,540.0,5,2024-06
1076,2024-06-01,15540.0,21359.0,2024-11-30,599.0,5,2024-06
1077,2024-06-01,10680.0,14728.0,2024-06-08,614.0,0,2024-06
1077,2024-06-01,10680.0,14728.0,2024-06-15,614.0,0,2024-06
1077,2024-06-01,10680.0,14728.0,2024-06-22,614.0,0,2024-06
1077,2024-06-01,10680.0,14728.0,2024-06-29,614.0,0,2024-06
1077,2024-06-01,10680.0,14728.0,2024-07-06,614.0,1,2024-06
1077,2024-06-01,10680.0,14728.0,2024-07-13,614.0,1,2024-06
1077,2024-06-01,10680.0,14728.0,2024-07-20,0.0,1,2024-06
1077,2024-06-01,10680.0,14728.0,2024-07-27,614.0,1,2024-06
1077,2024-06-01,10680.0,14728.0,2024-08-03,1225.0,2,2024-06
1077,2024-06-01,10680.0,14728.0,2024-08-10,614.0,2,2024-06
1077,2024-06-01,10680.0,14728.0,2024-08-17,614.0,2,2024-06
1077,2024-06-01,10680.0,14728.0,2024-08-24,614.0,2,2024-06
1077,2024-06-01,10680.0,14728.0,2024-08-31,614.0,2,2024-06
1077,2024-06-01,10680.0,14728.0,2024-09-07,614.0,3,2024-06
1077,2024-06-01,10680.0,14728.0,2024-09-14,614.0,3,2024-06
1077,2024-06-01,10680.0,14728.0,2024-09-21,614.0,3,2024-06
1077,2024-06-01,10680.0,14728.0,2024-09-28,614.0,3,2024-06
1077,2024-06-01,10680.0,14728.0,2024-10-05,614.0,4,2024-06
1077,2024-06-01,10680.0,14728.0,2024-10-12,614.0,4,2024-06
1077,2024-06-01,10680.0,14728.0,2024-10-19,614.0,4,2024-06
1077,2024-06-01,10680.0,14728.0,2024-10-28,614.0,4,2024-06
1077,2024-06-01,10680.0,14728.0,2024-11-02,614.0,5,2024-06
1077,2024-06-01,10680.0,14728.0,2024-11-09,614.0,5,2024-06
1077,2024-06-01,10680.0,14728.0,2024-11-16,609.0,5,2024-06
1078,2024-06-03,10680.0,14728.0,2024-06-10,614.0,0,2024-06
1078,2024-06-03,10680.0,14728.0,2024-06-17,614.0,0,2024-06
1078,2024-06-03,10680.0,14728.0,2024-06-24,614.0,0,2024-06
1078,2024-06-03,10680.0,14728.0,2024-07-01,614.0,1,2024-06
1078,2024-06-03,10680.0,14728.0,2024-07-08,614.0,1,2024-06
1078,2024-06-03,10680.0,14728.0,2024-07-15,614.0,1,2024-06
1078,2024-06-03,10680.0,14728.0,2024-07-22,0.0,1,2024-06
1078,2024-06-03,10680.0,14728.0,2024-07-29,800.0,1,2024-06
1078,2024-06-03,10680.0,14728.0,2024-08-05,800.0,2,2024-06
1078,2024-06-03,10680.0,14728.0,2024-08-12,700.0,2,2024-06
1078,2024-06-03,10680.0,14728.0,2024-08-19,660.0,2,2024-06
1078,2024-06-03,10680.0,14728.0,2024-08-26,650.0,2,2024-06
1078,2024-06-03,10680.0,14728.0,2024-09-02,650.0,3,2024-06
1078,2024-06-03,10680.0,14728.0,2024-09-09,350.0,3,2024-06
1078,2024-06-03,10680.0,14728.0,2024-09-16,700.0,3,2024-06
1078,2024-06-03,10680.0,14728.0,2024-09-23,613.0,3,2024-06
1078,2024-06-03,10680.0,14728.0,2024-09-30,600.0,3,2024-06
1078,2024-06-03,10680.0,14728.0,2024-10-07,508.0,4,2024-06
1078,2024-06-03,10680.0,14728.0,2024-10-14,600.0,4,2024-06
1078,2024-06-03,10680.0,14728.0,2024-10-21,500.0,4,2024-06
1078,2024-06-03,10680.0,14728.0,2024-10-28,500.0,4,2024-06
1078,2024-06-03,10680.0,14728.0,2024-11-04,600.0,5,2024-06
1078,2024-06-03,10680.0,14728.0,2024-11-11,600.0,5,2024-06
1078,2024-06-03,10680.0,14728.0,2024-11-18,600.0,5,2024-06
1078,2024-06-03,10680.0,14728.0,2024-11-25,614.0,5,2024-06
1079,2024-06-03,15840.0,27680.0,2024-06-10,908.0,0,2024-06
1079,2024-06-03,15840.0,27680.0,2024-06-17,908.0,0,2024-06
1079,2024-06-03,15840.0,27680.0,2024-06-24,908.0,0,2024-06
1079,2024-06-03,15840.0,27680.0,2024-07-01,908.0,1,2024-06
1079,2024-06-03,15840.0,27680.0,2024-07-08,908.0,1,2024-06
1079,2024-06-03,15840.0,27680.0,2024-07-15,0.0,1,2024-06
1079,2024-06-03,15840.0,27680.0,2024-07-22,0.0,1,2024-06
1079,2024-06-03,15840.0,27680.0,2024-07-29,2730.0,1,2024-06
1079,2024-06-03,15840.0,27680.0,2024-08-05,0.0,2,2024-06
1079,2024-06-03,15840.0,27680.0,2024-08-12,0.0,2,2024-06
1079,2024-06-03,15840.0,27680.0,2024-08-19,0.0,2,2024-06
1079,2024-06-03,15840.0,27680.0,2024-08-26,0.0,2,2024-06
1079,2024-06-03,15840.0,27680.0,2024-09-02,0.0,3,2024-06
1079,2024-06-03,15840.0,27680.0,2024-09-09,0.0,3,2024-06
1079,2024-06-03,15840.0,27680.0,2024-09-16,0.0,3,2024-06
1079,2024-06-03,15840.0,27680.0,2024-09-23,0.0,3,2024-06
1079,2024-06-03,15840.0,27680.0,2024-09-30,0.0,3,2024-06
1079,2024-06-03,15840.0,27680.0,2024-10-07,0.0,4,2024-06
1079,2024-06-03,15840.0,27680.0,2024-10-14,0.0,4,2024-06
1079,2024-06-03,15840.0,27680.0,2024-10-21,0.0,4,2024-06
1079,2024-06-03,15840.0,27680.0,2024-10-28,0.0,4,2024-06
1079,2024-06-03,15840.0,27680.0,2024-11-04,0.0,5,2024-06
1079,2024-06-03,15840.0,27680.0,2024-11-11,0.0,5,2024-06
1079,2024-06-03,15840.0,27680.0,2024-11-18,0.0,5,2024-06
1079,2024-06-03,15840.0,27680.0,2024-11-25,0.0,5,2024-06
1079,2024-06-03,15840.0,27680.0,2024-12-02,0.0,6,2024-06
1079,2024-06-03,15840.0,27680.0,2024-12-09,0.0,6,2024-06
1079,2024-06-03,15840.0,27680.0,2024-12-17,0.0,6,2024-06
1079,2024-06-03,15840.0,27680.0,2024-12-23,0.0,6,2024-06
1079,2024-06-03,15840.0,27680.0,2024-12-30,0.0,6,2024-06
1079,2024-06-03,15840.0,27680.0,2025-01-06,0.0,7,2024-06
1079,2024-06-03,15840.0,27680.0,2025-01-14,0.0,7,2024-06
1079,2024-06-03,15840.0,27680.0,2025-01-20,0.0,7,2024-06
1079,2024-06-03,15840.0,27680.0,2025-01-27,0.0,7,2024-06
1079,2024-06-03,15840.0,27680.0,2025-02-03,0.0,8,2024-06
1079,2024-06-03,15840.0,27680.0,2025-02-10,0.0,8,2024-06
1079,2024-06-03,15840.0,27680.0,2025-02-17,0.0,8,2024-06
1079,2024-06-03,15840.0,27680.0,2025-02-24,0.0,8,2024-06
1079,2024-06-03,15840.0,27680.0,2025-03-03,0.0,9,2024-06
1079,2024-06-03,15840.0,27680.0,2025-03-10,0.0,9,2024-06
1079,2024-06-03,15840.0,27680.0,2025-03-17,0.0,9,2024-06
1079,2024-06-03,15840.0,27680.0,2025-03-24,0.0,9,2024-06
1079,2024-06-03,15840.0,27680.0,2025-04-06,0.0,10,2024-06
1079,2024-06-03,15840.0,27680.0,2025-04-07,0.0,10,2024-06
1079,2024-06-03,15840.0,27680.0,2025-10-06,0.0,16,2024-06
1079,2024-06-03,15840.0,27680.0,2025-04-21,0.0,10,2024-06
1079,2024-06-03,15840.0,27680.0,2025-04-28,0.0,10,2024-06
1079,2024-06-03,15840.0,27680.0,2025-05-05,0.0,11,2024-06
1079,2024-06-03,15840.0,27680.0,2025-05-12,0.0,11,2024-06
1079,2024-06-03,15840.0,27680.0,2025-05-19,0.0,11,2024-06
1079,2024-06-03,15840.0,27680.0,2025-05-26,0.0,11,2024-06
1079,2024-06-03,15840.0,27680.0,2025-06-02,0.0,12,2024-06
1079,2024-06-03,15840.0,27680.0,2025-06-09,0.0,12,2024-06
1079,2024-06-03,15840.0,27680.0,2025-06-16,0.0,12,2024-06
1079,2024-06-03,15840.0,27680.0,2025-06-23,0.0,12,2024-06
1079,2024-06-03,15840.0,27680.0,2025-06-30,0.0,12,2024-06
1079,2024-06-03,15840.0,27680.0,2025-07-07,0.0,13,2024-06
1079,2024-06-03,15840.0,27680.0,2025-07-14,0.0,13,2024-06
1079,2024-06-03,15840.0,27680.0,2025-07-21,0.0,13,2024-06
1079,2024-06-03,15840.0,27680.0,2025-07-28,0.0,13,2024-06
1079,2024-06-03,15840.0,27680.0,2025-08-04,0.0,14,2024-06
1079,2024-06-03,15840.0,27680.0,2025-08-11,0.0,14,2024-06
1079,2024-06-03,15840.0,27680.0,2025-08-18,0.0,14,2024-06
1079,2024-06-03,15840.0,27680.0,2025-08-25,0.0,14,2024-06
1079,2024-06-03,15840.0,27680.0,2025-09-01,0.0,15,2024-06
1079,2024-06-03,15840.0,27680.0,2025-09-08,0.0,15,2024-06
1079,2024-06-03,15840.0,27680.0,2025-09-15,0.0,15,2024-06
1079,2024-06-03,15840.0,27680.0,2025-09-22,0.0,15,2024-06
1079,2024-06-03,15840.0,27680.0,2025-09-29,0.0,15,2024-06
1079,2024-06-03,15840.0,27680.0,2025-10-07,0.0,16,2024-06
1079,2024-06-03,15840.0,27680.0,2025-10-13,0.0,16,2024-06
1079,2024-06-03,15840.0,27680.0,2025-10-21,0.0,16,2024-06
1079,2024-06-03,15840.0,27680.0,2025-10-28,0.0,16,2024-06
1079,2024-06-03,15840.0,27680.0,2025-11-04,0.0,17,2024-06
1079,2024-06-03,15840.0,27680.0,2025-11-11,0.0,17,2024-06
1079,2024-06-03,15840.0,27680.0,2025-11-18,0.0,17,2024-06
1079,2024-06-03,15840.0,27680.0,2025-11-24,2000.0,17,2024-06
1079,2024-06-03,15840.0,27680.0,2025-12-05,1000.0,18,2024-06
1079,2024-06-03,15840.0,27680.0,2025-12-14,0.0,18,2024-06
1079,2024-06-03,15840.0,27680.0,2025-12-15,0.0,18,2024-06
1079,2024-06-03,15840.0,27680.0,2025-12-22,1000.0,18,2024-06
1079,2024-06-03,15840.0,27680.0,2026-01-04,0.0,19,2024-06
1079,2024-06-03,15840.0,27680.0,2026-01-06,1000.0,19,2024-06
1079,2024-06-03,15840.0,27680.0,2026-01-16,1000.0,19,2024-06
1079,2024-06-03,15840.0,27680.0,2026-01-25,0.0,19,2024-06
1079,2024-06-03,15840.0,27680.0,2026-01-29,907.0,19,2024-06
1079,2024-06-03,15840.0,27680.0,2026-02-08,0.0,20,2024-06
1079,2024-06-03,15840.0,27680.0,2026-02-10,900.0,20,2024-06
1079,2024-06-03,15840.0,27680.0,2026-02-18,907.0,20,2024-06
1079,2024-06-03,15840.0,27680.0,2026-02-25,906.0,20,2024-06
1079,2024-06-03,15840.0,27680.0,2026-03-08,0.0,21,2024-06
1079,2024-06-03,15840.0,27680.0,2026-03-11,900.0,21,2024-06
1079,2024-06-03,15840.0,27680.0,2026-03-19,900.0,21,2024-06
1080,2024-06-03,12620.0,23770.0,2024-06-10,725.0,0,2024-06
1080,2024-06-03,12620.0,23770.0,2024-06-17,725.0,0,2024-06
1080,2024-06-03,12620.0,23770.0,2024-06-24,725.0,0,2024-06
1080,2024-06-03,12620.0,23770.0,2024-07-01,1450.0,1,2024-06
1080,2024-06-03,12620.0,23770.0,2024-07-08,0.0,1,2024-06
1080,2024-06-03,12620.0,23770.0,2024-07-15,725.0,1,2024-06
1080,2024-06-03,12620.0,23770.0,2024-07-22,0.0,1,2024-06
1080,2024-06-03,12620.0,23770.0,2024-07-29,1450.0,1,2024-06
1080,2024-06-03,12620.0,23770.0,2024-08-05,0.0,2,2024-06
1080,2024-06-03,12620.0,23770.0,2024-08-12,1000.0,2,2024-06
1080,2024-06-03,12620.0,23770.0,2024-08-19,0.0,2,2024-06
1080,2024-06-03,12620.0,23770.0,2024-08-26,900.0,2,2024-06
1080,2024-06-03,12620.0,23770.0,2024-09-02,1000.0,3,2024-06
1080,2024-06-03,12620.0,23770.0,2024-09-09,0.0,3,2024-06
1080,2024-06-03,12620.0,23770.0,2024-09-16,0.0,3,2024-06
1080,2024-06-03,12620.0,23770.0,2024-09-23,0.0,3,2024-06
1080,2024-06-03,12620.0,23770.0,2024-09-30,0.0,3,2024-06
1080,2024-06-03,12620.0,23770.0,2024-10-07,0.0,4,2024-06
1080,2024-06-03,12620.0,23770.0,2024-10-14,0.0,4,2024-06
1080,2024-06-03,12620.0,23770.0,2024-10-21,0.0,4,2024-06
1080,2024-06-03,12620.0,23770.0,2024-10-28,0.0,4,2024-06
1080,2024-06-03,12620.0,23770.0,2024-11-04,0.0,5,2024-06
1080,2024-06-03,12620.0,23770.0,2024-11-11,0.0,5,2024-06
1080,2024-06-03,12620.0,23770.0,2024-11-18,0.0,5,2024-06
1080,2024-06-03,12620.0,23770.0,2024-11-25,0.0,5,2024-06
1080,2024-06-03,12620.0,23770.0,2024-12-02,0.0,6,2024-06
1080,2024-06-03,12620.0,23770.0,2024-12-09,0.0,6,2024-06
1080,2024-06-03,12620.0,23770.0,2024-12-17,0.0,6,2024-06
1080,2024-06-03,12620.0,23770.0,2024-12-23,0.0,6,2024-06
1080,2024-06-03,12620.0,23770.0,2024-12-30,0.0,6,2024-06
1080,2024-06-03,12620.0,23770.0,2025-01-02,0.0,7,2024-06
1080,2024-06-03,12620.0,23770.0,2025-05-14,0.0,11,2024-06
1080,2024-06-03,12620.0,23770.0,2025-05-19,0.0,11,2024-06
1080,2024-06-03,12620.0,23770.0,2025-05-26,0.0,11,2024-06
1080,2024-06-03,12620.0,23770.0,2025-06-02,0.0,12,2024-06
1080,2024-06-03,12620.0,23770.0,2025-07-07,0.0,13,2024-06
1080,2024-06-03,12620.0,23770.0,2025-07-14,0.0,13,2024-06
1080,2024-06-03,12620.0,23770.0,2025-07-21,0.0,13,2024-06
1080,2024-06-03,12620.0,23770.0,2025-07-28,0.0,13,2024-06
1080,2024-06-03,12620.0,23770.0,2025-08-04,0.0,14,2024-06
1080,2024-06-03,12620.0,23770.0,2025-08-11,0.0,14,2024-06
1080,2024-06-03,12620.0,23770.0,2025-08-18,0.0,14,2024-06
1080,2024-06-03,12620.0,23770.0,2025-08-25,0.0,14,2024-06
1080,2024-06-03,12620.0,23770.0,2025-09-01,0.0,15,2024-06
1080,2024-06-03,12620.0,23770.0,2025-09-08,0.0,15,2024-06
1080,2024-06-03,12620.0,23770.0,2025-09-22,0.0,15,2024-06
1080,2024-06-03,12620.0,23770.0,2025-09-23,0.0,15,2024-06
1080,2024-06-03,12620.0,23770.0,2025-09-30,0.0,15,2024-06
1080,2024-06-03,12620.0,23770.0,2026-01-10,0.0,19,2024-06
1080,2024-06-03,12620.0,23770.0,2025-11-04,0.0,17,2024-06
1080,2024-06-03,12620.0,23770.0,2026-01-11,0.0,19,2024-06
1080,2024-06-03,12620.0,23770.0,2026-01-12,0.0,19,2024-06
1080,2024-06-03,12620.0,23770.0,2026-01-13,0.0,19,2024-06
1080,2024-06-03,12620.0,23770.0,2026-01-14,0.0,19,2024-06
1080,2024-06-03,12620.0,23770.0,2026-01-17,0.0,19,2024-06
1080,2024-06-03,12620.0,23770.0,2026-01-18,0.0,19,2024-06
1080,2024-06-03,12620.0,23770.0,2026-01-19,0.0,19,2024-06
1080,2024-06-03,12620.0,23770.0,2026-01-25,0.0,19,2024-06
1080,2024-06-03,12620.0,23770.0,2026-02-01,0.0,20,2024-06
1080,2024-06-03,12620.0,23770.0,2026-02-08,0.0,20,2024-06
1080,2024-06-03,12620.0,23770.0,2026-02-15,0.0,20,2024-06
1080,2024-06-03,12620.0,23770.0,2026-02-22,0.0,20,2024-06
1080,2024-06-03,12620.0,23770.0,2026-03-01,0.0,21,2024-06
1080,2024-06-03,12620.0,23770.0,2026-03-08,0.0,21,2024-06
1080,2024-06-03,12620.0,23770.0,2026-03-15,0.0,21,2024-06
1080,2024-06-03,12620.0,23770.0,2026-03-22,0.0,21,2024-06
1082,2024-06-04,16500.0,22625.0,2024-06-11,943.0,0,2024-06
1082,2024-06-04,16500.0,22625.0,2024-06-18,1043.0,0,2024-06
1082,2024-06-04,16500.0,22625.0,2024-06-25,943.0,0,2024-06
1082,2024-06-04,16500.0,22625.0,2024-07-02,943.0,1,2024-06
1082,2024-06-04,16500.0,22625.0,2024-07-09,943.0,1,2024-06
1082,2024-06-04,16500.0,22625.0,2024-07-16,943.0,1,2024-06
1082,2024-06-04,16500.0,22625.0,2024-07-23,0.0,1,2024-06
1082,2024-06-04,16500.0,22625.0,2024-07-30,1000.0,1,2024-06
1082,2024-06-04,16500.0,22625.0,2024-08-06,1050.0,2,2024-06
1082,2024-06-04,16500.0,22625.0,2024-08-13,1050.0,2,2024-06
1082,2024-06-04,16500.0,22625.0,2024-08-20,943.0,2,2024-06
1082,2024-06-04,16500.0,22625.0,2024-08-27,943.0,2,2024-06
1082,2024-06-04,16500.0,22625.0,2024-09-03,943.0,3,2024-06
1082,2024-06-04,16500.0,22625.0,2024-09-10,943.0,3,2024-06
1082,2024-06-04,16500.0,22625.0,2024-09-17,943.0,3,2024-06
1082,2024-06-04,16500.0,22625.0,2024-09-24,943.0,3,2024-06
1082,2024-06-04,16500.0,22625.0,2024-10-01,943.0,4,2024-06
1082,2024-06-04,16500.0,22625.0,2024-10-08,943.0,4,2024-06
1082,2024-06-04,16500.0,22625.0,2024-10-15,943.0,4,2024-06
1082,2024-06-04,16500.0,22625.0,2024-10-22,943.0,4,2024-06
1082,2024-06-04,16500.0,22625.0,2024-10-29,943.0,4,2024-06
1082,2024-06-04,16500.0,22625.0,2024-11-05,943.0,5,2024-06
1082,2024-06-04,16500.0,22625.0,2024-11-12,1000.0,5,2024-06
1082,2024-06-04,16500.0,22625.0,2024-11-19,1000.0,5,2024-06
1082,2024-06-04,16500.0,22625.0,2024-11-26,452.0,5,2024-06
1084,2024-06-05,16800.0,23040.0,2024-06-12,960.0,0,2024-06
1084,2024-06-05,16800.0,23040.0,2024-06-19,960.0,0,2024-06
1084,2024-06-05,16800.0,23040.0,2024-06-26,960.0,0,2024-06
1084,2024-06-05,16800.0,23040.0,2024-07-03,960.0,1,2024-06
1084,2024-06-05,16800.0,23040.0,2024-07-10,960.0,1,2024-06
1084,2024-06-05,16800.0,23040.0,2024-07-17,960.0,1,2024-06
1084,2024-06-05,16800.0,23040.0,2024-07-24,960.0,1,2024-06
1084,2024-06-05,16800.0,23040.0,2024-07-31,960.0,1,2024-06
1084,2024-06-05,16800.0,23040.0,2024-08-07,960.0,2,2024-06
1084,2024-06-05,16800.0,23040.0,2024-08-14,960.0,2,2024-06
1084,2024-06-05,16800.0,23040.0,2024-08-21,960.0,2,2024-06
1084,2024-06-05,16800.0,23040.0,2024-08-28,960.0,2,2024-06
1084,2024-06-05,16800.0,23040.0,2024-09-04,960.0,3,2024-06
1084,2024-06-05,16800.0,23040.0,2024-09-11,960.0,3,2024-06
1084,2024-06-05,16800.0,23040.0,2024-09-18,960.0,3,2024-06
1084,2024-06-05,16800.0,23040.0,2024-09-25,960.0,3,2024-06
1084,2024-06-05,16800.0,23040.0,2024-10-02,960.0,4,2024-06
1084,2024-06-05,16800.0,23040.0,2024-10-09,960.0,4,2024-06
1084,2024-06-05,16800.0,23040.0,2024-10-16,960.0,4,2024-06
1084,2024-06-05,16800.0,23040.0,2024-10-23,960.0,4,2024-06
1084,2024-06-05,16800.0,23040.0,2024-10-30,960.0,4,2024-06
1084,2024-06-05,16800.0,23040.0,2024-11-06,960.0,5,2024-06
1084,2024-06-05,16800.0,23040.0,2024-11-13,960.0,5,2024-06
1084,2024-06-05,16800.0,23040.0,2024-11-20,960.0,5,2024-06
1085,2024-06-05,17420.0,23900.0,2024-06-12,996.0,0,2024-06
1085,2024-06-05,17420.0,23900.0,2024-06-19,996.0,0,2024-06
1085,2024-06-05,17420.0,23900.0,2024-06-26,996.0,0,2024-06
1085,2024-06-05,17420.0,23900.0,2024-07-03,996.0,1,2024-06
1085,2024-06-05,17420.0,23900.0,2024-07-10,996.0,1,2024-06
1085,2024-06-05,17420.0,23900.0,2024-07-17,996.0,1,2024-06
1085,2024-06-05,17420.0,23900.0,2024-07-24,0.0,1,2024-06
1085,2024-06-05,17420.0,23900.0,2024-07-31,1991.0,1,2024-06
1085,2024-06-05,17420.0,23900.0,2024-08-07,996.0,2,2024-06
1085,2024-06-05,17420.0,23900.0,2024-08-14,996.0,2,2024-06
1085,2024-06-05,17420.0,23900.0,2024-08-21,996.0,2,2024-06
1085,2024-06-05,17420.0,23900.0,2024-08-28,1000.0,2,2024-06
1085,2024-06-05,17420.0,23900.0,2024-09-04,996.0,3,2024-06
1085,2024-06-05,17420.0,23900.0,2024-09-11,996.0,3,2024-06
1085,2024-06-05,17420.0,23900.0,2024-09-18,996.0,3,2024-06
1085,2024-06-05,17420.0,23900.0,2024-09-25,996.0,3,2024-06
1085,2024-06-05,17420.0,23900.0,2024-10-02,996.0,4,2024-06
1085,2024-06-05,17420.0,23900.0,2024-10-09,996.0,4,2024-06
1085,2024-06-05,17420.0,23900.0,2024-10-16,995.0,4,2024-06
1085,2024-06-05,17420.0,23900.0,2024-10-23,996.0,4,2024-06
1085,2024-06-05,17420.0,23900.0,2024-10-30,996.0,4,2024-06
1085,2024-06-05,17420.0,23900.0,2024-11-06,996.0,5,2024-06
1085,2024-06-05,17420.0,23900.0,2024-11-13,996.0,5,2024-06
1085,2024-06-05,17420.0,23900.0,2024-11-20,990.0,5,2024-06
1086,2024-06-05,14120.0,19400.0,2024-06-12,810.0,0,2024-06
1086,2024-06-05,14120.0,19400.0,2024-06-19,809.0,0,2024-06
1086,2024-06-05,14120.0,19400.0,2024-06-26,810.0,0,2024-06
1086,2024-06-05,14120.0,19400.0,2024-07-03,809.0,1,2024-06
1086,2024-06-05,14120.0,19400.0,2024-07-10,809.0,1,2024-06
1086,2024-06-05,14120.0,19400.0,2024-07-17,810.0,1,2024-06
1086,2024-06-05,14120.0,19400.0,2024-07-24,0.0,1,2024-06
1086,2024-06-05,14120.0,19400.0,2024-07-31,1000.0,1,2024-06
1086,2024-06-05,14120.0,19400.0,2024-08-07,1000.0,2,2024-06
1086,2024-06-05,14120.0,19400.0,2024-08-14,1000.0,2,2024-06
1086,2024-06-05,14120.0,19400.0,2024-08-21,1000.0,2,2024-06
1086,2024-06-05,14120.0,19400.0,2024-08-28,1000.0,2,2024-06
1086,2024-06-05,14120.0,19400.0,2024-09-04,808.0,3,2024-06
1086,2024-06-05,14120.0,19400.0,2024-09-11,808.0,3,2024-06
1086,2024-06-05,14120.0,19400.0,2024-09-18,809.0,3,2024-06
1086,2024-06-05,14120.0,19400.0,2024-09-25,499.0,3,2024-06
1086,2024-06-05,14120.0,19400.0,2024-10-02,961.0,4,2024-06
1086,2024-06-05,14120.0,19400.0,2024-10-09,408.0,4,2024-06
1086,2024-06-05,14120.0,19400.0,2024-10-16,1208.0,4,2024-06
1086,2024-06-05,14120.0,19400.0,2024-10-23,500.0,4,2024-06
1086,2024-06-05,14120.0,19400.0,2024-11-06,0.0,5,2024-06
1086,2024-06-05,14120.0,19400.0,2024-11-18,815.0,5,2024-06
1086,2024-06-05,14120.0,19400.0,2024-11-27,0.0,5,2024-06
1086,2024-06-05,14120.0,19400.0,2024-11-28,600.0,5,2024-06
1086,2024-06-05,14120.0,19400.0,2024-12-05,1000.0,6,2024-06
1086,2024-06-05,14120.0,19400.0,2024-12-11,1000.0,6,2024-06
1086,2024-06-05,14120.0,19400.0,2024-12-12,127.0,6,2024-06
1087,2024-06-06,9520.0,13160.0,2024-06-13,1100.0,0,2024-06
1087,2024-06-06,9520.0,13160.0,2024-06-20,0.0,0,2024-06
1087,2024-06-06,9520.0,13160.0,2024-06-27,1100.0,0,2024-06
1087,2024-06-06,9520.0,13160.0,2024-07-04,0.0,1,2024-06
1087,2024-06-06,9520.0,13160.0,2024-07-11,1100.0,1,2024-06
1087,2024-06-06,9520.0,13160.0,2024-07-18,0.0,1,2024-06
1087,2024-06-06,9520.0,13160.0,2024-07-25,550.0,1,2024-06
1087,2024-06-06,9520.0,13160.0,2024-08-01,550.0,2,2024-06
1087,2024-06-06,9520.0,13160.0,2024-08-08,550.0,2,2024-06
1087,2024-06-06,9520.0,13160.0,2024-08-15,550.0,2,2024-06
1087,2024-06-06,9520.0,13160.0,2024-08-22,550.0,2,2024-06
1087,2024-06-06,9520.0,13160.0,2024-08-29,548.0,2,2024-06
1087,2024-06-06,9520.0,13160.0,2024-09-05,550.0,3,2024-06
1087,2024-06-06,9520.0,13160.0,2024-09-12,0.0,3,2024-06
1087,2024-06-06,9520.0,13160.0,2024-09-19,1100.0,3,2024-06
1087,2024-06-06,9520.0,13160.0,2024-09-26,550.0,3,2024-06
1087,2024-06-06,9520.0,13160.0,2024-10-03,550.0,4,2024-06
1087,2024-06-06,9520.0,13160.0,2024-10-10,548.0,4,2024-06
1087,2024-06-06,9520.0,13160.0,2024-10-17,548.0,4,2024-06
1087,2024-06-06,9520.0,13160.0,2024-10-29,548.0,4,2024-06
1087,2024-06-06,9520.0,13160.0,2024-10-31,1098.0,4,2024-06
1087,2024-06-06,9520.0,13160.0,2024-10-31,0.0,4,2024-06
1087,2024-06-06,9520.0,13160.0,2024-11-14,1100.0,5,2024-06
1087,2024-06-06,9520.0,13160.0,2024-11-14,0.0,5,2024-06
1088,2024-06-06,10680.0,14728.0,2024-06-13,614.0,0,2024-06
1088,2024-06-06,10680.0,14728.0,2024-06-20,614.0,0,2024-06
1088,2024-06-06,10680.0,14728.0,2024-06-27,614.0,0,2024-06
1088,2024-06-06,10680.0,14728.0,2024-07-04,614.0,1,2024-06
1088,2024-06-06,10680.0,14728.0,2024-07-11,614.0,1,2024-06
1088,2024-06-06,10680.0,14728.0,2024-07-18,614.0,1,2024-06
1088,2024-06-06,10680.0,14728.0,2024-07-25,614.0,1,2024-06
1088,2024-06-06,10680.0,14728.0,2024-08-01,614.0,2,2024-06
1088,2024-06-06,10680.0,14728.0,2024-08-08,614.0,2,2024-06
1088,2024-06-06,10680.0,14728.0,2024-08-15,614.0,2,2024-06
1088,2024-06-06,10680.0,14728.0,2024-08-22,614.0,2,2024-06
1088,2024-06-06,10680.0,14728.0,2024-08-29,614.0,2,2024-06
1088,2024-06-06,10680.0,14728.0,2024-09-05,614.0,3,2024-06
1088,2024-06-06,10680.0,14728.0,2024-09-12,614.0,3,2024-06
1088,2024-06-06,10680.0,14728.0,2024-09-19,614.0,3,2024-06
1088,2024-06-06,10680.0,14728.0,2024-09-26,614.0,3,2024-06
1088,2024-06-06,10680.0,14728.0,2024-10-03,614.0,4,2024-06
1088,2024-06-06,10680.0,14728.0,2024-10-10,614.0,4,2024-06
1088,2024-06-06,10680.0,14728.0,2024-10-17,614.0,4,2024-06
1088,2024-06-06,10680.0,14728.0,2024-10-28,614.0,4,2024-06
1088,2024-06-06,10680.0,14728.0,2024-10-31,614.0,4,2024-06
1088,2024-06-06,10680.0,14728.0,2024-11-07,614.0,5,2024-06
1088,2024-06-06,10680.0,14728.0,2024-11-14,614.0,5,2024-06
1088,2024-06-06,10680.0,14728.0,2024-11-19,606.0,5,2024-06
1089,2024-06-06,12430.0,17085.0,2024-06-13,712.0,0,2024-06
1089,2024-06-06,12430.0,17085.0,2024-06-20,712.0,0,2024-06
1089,2024-06-06,12430.0,17085.0,2024-06-27,712.0,0,2024-06
1089,2024-06-06,12430.0,17085.0,2024-07-04,712.0,1,2024-06
1089,2024-06-06,12430.0,17085.0,2024-07-11,712.0,1,2024-06
1089,2024-06-06,12430.0,17085.0,2024-07-18,712.0,1,2024-06
1089,2024-06-06,12430.0,17085.0,2024-07-25,712.0,1,2024-06
1089,2024-06-06,12430.0,17085.0,2024-08-01,712.0,2,2024-06
1089,2024-06-06,12430.0,17085.0,2024-08-08,712.0,2,2024-06
1089,2024-06-06,12430.0,17085.0,2024-08-15,712.0,2,2024-06
1089,2024-06-06,12430.0,17085.0,2024-08-22,712.0,2,2024-06
1089,2024-06-06,12430.0,17085.0,2024-08-29,712.0,2,2024-06
1089,2024-06-06,12430.0,17085.0,2024-09-05,712.0,3,2024-06
1089,2024-06-06,12430.0,17085.0,2024-09-12,712.0,3,2024-06
1089,2024-06-06,12430.0,17085.0,2024-09-19,712.0,3,2024-06
1089,2024-06-06,12430.0,17085.0,2024-09-26,712.0,3,2024-06
1089,2024-06-06,12430.0,17085.0,2024-10-03,712.0,4,2024-06
1089,2024-06-06,12430.0,17085.0,2024-10-10,712.0,4,2024-06
1089,2024-06-06,12430.0,17085.0,2024-10-17,712.0,4,2024-06
1089,2024-06-06,12430.0,17085.0,2024-10-28,712.0,4,2024-06
1089,2024-06-06,12430.0,17085.0,2024-10-31,712.0,4,2024-06
1089,2024-06-06,12430.0,17085.0,2024-11-07,712.0,5,2024-06
1089,2024-06-06,12430.0,17085.0,2024-11-14,712.0,5,2024-06
1089,2024-06-06,12430.0,17085.0,2024-11-21,712.0,5,2024-06
1090,2024-06-06,16500.0,28625.0,2024-06-13,950.0,0,2024-06
1090,2024-06-06,16500.0,28625.0,2024-06-20,943.0,0,2024-06
1090,2024-06-06,16500.0,28625.0,2024-06-27,943.0,0,2024-06
1090,2024-06-06,16500.0,28625.0,2024-07-04,974.0,1,2024-06
1090,2024-06-06,16500.0,28625.0,2024-07-11,943.0,1,2024-06
1090,2024-06-06,16500.0,28625.0,2024-07-18,200.0,1,2024-06
1090,2024-06-06,16500.0,28625.0,2024-07-25,0.0,1,2024-06
1090,2024-06-06,16500.0,28625.0,2024-08-01,974.0,2,2024-06
1090,2024-06-06,16500.0,28625.0,2024-08-08,945.0,2,2024-06
1090,2024-06-06,16500.0,28625.0,2024-08-15,0.0,2,2024-06
1090,2024-06-06,16500.0,28625.0,2024-08-22,0.0,2,2024-06
1090,2024-06-06,16500.0,28625.0,2024-08-29,0.0,2,2024-06
1090,2024-06-06,16500.0,28625.0,2024-09-05,0.0,3,2024-06
1090,2024-06-06,16500.0,28625.0,2024-09-12,0.0,3,2024-06
1090,2024-06-06,16500.0,28625.0,2024-09-19,0.0,3,2024-06
1090,2024-06-06,16500.0,28625.0,2024-09-26,0.0,3,2024-06
1090,2024-06-06,16500.0,28625.0,2024-10-03,0.0,4,2024-06
1090,2024-06-06,16500.0,28625.0,2024-10-10,0.0,4,2024-06
1090,2024-06-06,16500.0,28625.0,2024-10-17,0.0,4,2024-06
1090,2024-06-06,16500.0,28625.0,2024-10-31,0.0,4,2024-06
1090,2024-06-06,16500.0,28625.0,2024-11-07,0.0,5,2024-06
1090,2024-06-06,16500.0,28625.0,2024-11-14,0.0,5,2024-06
1090,2024-06-06,16500.0,28625.0,2024-11-21,0.0,5,2024-06
1090,2024-06-06,16500.0,28625.0,2024-11-28,0.0,5,2024-06
1090,2024-06-06,16500.0,28625.0,2024-12-05,0.0,6,2024-06
1090,2024-06-06,16500.0,28625.0,2024-12-12,0.0,6,2024-06
1090,2024-06-06,16500.0,28625.0,2024-12-19,0.0,6,2024-06
1090,2024-06-06,16500.0,28625.0,2024-12-26,0.0,6,2024-06
1090,2024-06-06,16500.0,28625.0,2025-01-02,0.0,7,2024-06
1090,2024-06-06,16500.0,28625.0,2025-01-09,0.0,7,2024-06
1090,2024-06-06,16500.0,28625.0,2025-01-16,0.0,7,2024-06
1090,2024-06-06,16500.0,28625.0,2025-01-23,0.0,7,2024-06
1090,2024-06-06,16500.0,28625.0,2025-01-30,0.0,7,2024-06
1090,2024-06-06,16500.0,28625.0,2025-02-06,0.0,8,2024-06
1090,2024-06-06,16500.0,28625.0,2025-02-13,0.0,8,2024-06
1090,2024-06-06,16500.0,28625.0,2025-02-20,0.0,8,2024-06
1090,2024-06-06,16500.0,28625.0,2025-03-02,0.0,9,2024-06
1090,2024-06-06,16500.0,28625.0,2025-03-06,0.0,9,2024-06
1090,2024-06-06,16500.0,28625.0,2025-03-13,0.0,9,2024-06
1090,2024-06-06,16500.0,28625.0,2025-03-24,0.0,9,2024-06
1090,2024-06-06,16500.0,28625.0,2025-03-27,0.0,9,2024-06
1090,2024-06-06,16500.0,28625.0,2025-04-06,0.0,10,2024-06
1090,2024-06-06,16500.0,28625.0,2025-05-14,0.0,11,2024-06
1090,2024-06-06,16500.0,28625.0,2025-05-15,0.0,11,2024-06
1090,2024-06-06,16500.0,28625.0,2025-05-22,0.0,11,2024-06
1090,2024-06-06,16500.0,28625.0,2025-05-29,0.0,11,2024-06
1090,2024-06-06,16500.0,28625.0,2025-06-05,0.0,12,2024-06
1090,2024-06-06,16500.0,28625.0,2025-07-10,0.0,13,2024-06
1090,2024-06-06,16500.0,28625.0,2025-07-17,0.0,13,2024-06
1090,2024-06-06,16500.0,28625.0,2025-07-24,0.0,13,2024-06
1090,2024-06-06,16500.0,28625.0,2025-07-31,0.0,13,2024-06
1090,2024-06-06,16500.0,28625.0,2025-08-07,0.0,14,2024-06
1090,2024-06-06,16500.0,28625.0,2025-10-05,0.0,16,2024-06
1090,2024-06-06,16500.0,28625.0,2025-10-10,0.0,16,2024-06
1090,2024-06-06,16500.0,28625.0,2025-10-17,0.0,16,2024-06
1090,2024-06-06,16500.0,28625.0,2025-10-24,0.0,16,2024-06
1090,2024-06-06,16500.0,28625.0,2025-10-31,0.0,16,2024-06
1090,2024-06-06,16500.0,28625.0,2025-11-07,0.0,17,2024-06
1090,2024-06-06,16500.0,28625.0,2025-11-14,0.0,17,2024-06
1090,2024-06-06,16500.0,28625.0,2025-11-21,0.0,17,2024-06
1090,2024-06-06,16500.0,28625.0,2025-12-03,0.0,18,2024-06
1090,2024-06-06,16500.0,28625.0,2025-12-10,0.0,18,2024-06
1090,2024-06-06,16500.0,28625.0,2025-12-17,0.0,18,2024-06
1090,2024-06-06,16500.0,28625.0,2025-12-24,0.0,18,2024-06
1090,2024-06-06,16500.0,28625.0,2025-12-31,0.0,18,2024-06
1090,2024-06-06,16500.0,28625.0,2026-01-07,0.0,19,2024-06
1090,2024-06-06,16500.0,28625.0,2026-01-14,0.0,19,2024-06
1090,2024-06-06,16500.0,28625.0,2026-01-21,0.0,19,2024-06
1090,2024-06-06,16500.0,28625.0,2026-01-28,0.0,19,2024-06
1090,2024-06-06,16500.0,28625.0,2026-02-04,0.0,20,2024-06
1090,2024-06-06,16500.0,28625.0,2026-02-11,0.0,20,2024-06
1090,2024-06-06,16500.0,28625.0,2026-02-18,0.0,20,2024-06
1090,2024-06-06,16500.0,28625.0,2026-02-25,0.0,20,2024-06
1090,2024-06-06,16500.0,28625.0,2026-03-04,0.0,21,2024-06
1090,2024-06-06,16500.0,28625.0,2026-03-11,0.0,21,2024-06
1090,2024-06-06,16500.0,28625.0,2026-03-18,0.0,21,2024-06
1090,2024-06-06,16500.0,28625.0,2026-03-25,0.0,21,2024-06
1091,2024-06-06,17420.0,26601.0,2024-06-13,1000.0,0,2024-06
1091,2024-06-06,17420.0,26601.0,2024-06-20,1000.0,0,2024-06
1091,2024-06-06,17420.0,26601.0,2024-06-27,1000.0,0,2024-06
1091,2024-06-06,17420.0,26601.0,2024-07-04,996.0,1,2024-06
1091,2024-06-06,17420.0,26601.0,2024-07-11,1000.0,1,2024-06
1091,2024-06-06,17420.0,26601.0,2024-07-18,1000.0,1,2024-06
1091,2024-06-06,17420.0,26601.0,2024-07-25,0.0,1,2024-06
1091,2024-06-06,17420.0,26601.0,2024-08-01,1000.0,2,2024-06
1091,2024-06-06,17420.0,26601.0,2024-08-08,1000.0,2,2024-06
1091,2024-06-06,17420.0,26601.0,2024-08-15,1000.0,2,2024-06
1091,2024-06-06,17420.0,26601.0,2024-08-22,1000.0,2,2024-06
1091,2024-06-06,17420.0,26601.0,2024-08-29,1000.0,2,2024-06
1091,2024-06-06,17420.0,26601.0,2024-09-05,1000.0,3,2024-06
1091,2024-06-06,17420.0,26601.0,2024-09-12,1000.0,3,2024-06
1091,2024-06-06,17420.0,26601.0,2024-09-19,900.0,3,2024-06
1091,2024-06-06,17420.0,26601.0,2024-09-26,900.0,3,2024-06
1091,2024-06-06,17420.0,26601.0,2024-10-03,700.0,4,2024-06
1091,2024-06-06,17420.0,26601.0,2024-10-10,1000.0,4,2024-06
1091,2024-06-06,17420.0,26601.0,2024-10-17,400.0,4,2024-06
1091,2024-06-06,17420.0,26601.0,2024-10-28,700.0,4,2024-06
1091,2024-06-06,17420.0,26601.0,2024-10-31,0.0,4,2024-06
1091,2024-06-06,17420.0,26601.0,2024-11-07,0.0,5,2024-06
1091,2024-06-06,17420.0,26601.0,2024-11-14,0.0,5,2024-06
1091,2024-06-06,17420.0,26601.0,2024-11-21,0.0,5,2024-06
1091,2024-06-06,17420.0,26601.0,2024-11-28,0.0,5,2024-06
1091,2024-06-06,17420.0,26601.0,2024-12-05,0.0,6,2024-06
1091,2024-06-06,17420.0,26601.0,2024-12-12,0.0,6,2024-06
1091,2024-06-06,17420.0,26601.0,2024-12-19,0.0,6,2024-06
1091,2024-06-06,17420.0,26601.0,2024-12-26,0.0,6,2024-06
1091,2024-06-06,17420.0,26601.0,2025-01-02,0.0,7,2024-06
1091,2024-06-06,17420.0,26601.0,2025-01-09,0.0,7,2024-06
1091,2024-06-06,17420.0,26601.0,2025-01-16,0.0,7,2024-06
1091,2024-06-06,17420.0,26601.0,2025-01-25,3000.0,7,2024-06
1091,2024-06-06,17420.0,26601.0,2025-01-30,0.0,7,2024-06
1091,2024-06-06,17420.0,26601.0,2025-02-06,0.0,8,2024-06
1091,2024-06-06,17420.0,26601.0,2025-02-13,0.0,8,2024-06
1091,2024-06-06,17420.0,26601.0,2025-02-20,0.0,8,2024-06
1091,2024-06-06,17420.0,26601.0,2025-02-27,950.0,8,2024-06
1091,2024-06-06,17420.0,26601.0,2025-03-06,0.0,9,2024-06
1091,2024-06-06,17420.0,26601.0,2025-03-13,0.0,9,2024-06
1091,2024-06-06,17420.0,26601.0,2025-03-24,0.0,9,2024-06
1091,2024-06-06,17420.0,26601.0,2025-03-27,0.0,9,2024-06
1091,2024-06-06,17420.0,26601.0,2025-04-06,0.0,10,2024-06
1091,2024-06-06,17420.0,26601.0,2025-04-10,0.0,10,2024-06
1091,2024-06-06,17420.0,26601.0,2025-04-17,0.0,10,2024-06
1091,2024-06-06,17420.0,26601.0,2025-04-24,0.0,10,2024-06
1091,2024-06-06,17420.0,26601.0,2025-05-08,0.0,11,2024-06
1091,2024-06-06,17420.0,26601.0,2025-05-15,0.0,11,2024-06
1091,2024-06-06,17420.0,26601.0,2025-05-22,0.0,11,2024-06
1091,2024-06-06,17420.0,26601.0,2025-05-29,0.0,11,2024-06
1091,2024-06-06,17420.0,26601.0,2025-06-05,0.0,12,2024-06
1091,2024-06-06,17420.0,26601.0,2025-07-10,0.0,13,2024-06
1091,2024-06-06,17420.0,26601.0,2025-07-10,1000.0,13,2024-06
1091,2024-06-06,17420.0,26601.0,2025-07-17,0.0,13,2024-06
1091,2024-06-06,17420.0,26601.0,2025-07-24,0.0,13,2024-06
1091,2024-06-06,17420.0,26601.0,2025-08-05,1000.0,14,2024-06
1091,2024-06-06,17420.0,26601.0,2025-08-07,0.0,14,2024-06
1091,2024-06-06,17420.0,26601.0,2025-08-28,0.0,14,2024-06
1091,2024-06-06,17420.0,26601.0,2025-08-28,1500.0,14,2024-06
1091,2024-06-06,17420.0,26601.0,2025-09-04,700.0,15,2024-06
1092,2024-06-08,15540.0,21359.0,2024-06-15,890.0,0,2024-06
1092,2024-06-08,15540.0,21359.0,2024-06-22,890.0,0,2024-06
1092,2024-06-08,15540.0,21359.0,2024-06-29,890.0,0,2024-06
1092,2024-06-08,15540.0,21359.0,2024-07-06,890.0,1,2024-06
1092,2024-06-08,15540.0,21359.0,2024-07-13,890.0,1,2024-06
1092,2024-06-08,15540.0,21359.0,2024-07-20,0.0,1,2024-06
1092,2024-06-08,15540.0,21359.0,2024-07-27,1780.0,1,2024-06
1092,2024-06-08,15540.0,21359.0,2024-08-03,0.0,2,2024-06
1092,2024-06-08,15540.0,21359.0,2024-08-10,1780.0,2,2024-06
1092,2024-06-08,15540.0,21359.0,2024-08-17,890.0,2,2024-06
1092,2024-06-08,15540.0,21359.0,2024-08-24,890.0,2,2024-06
1092,2024-06-08,15540.0,21359.0,2024-08-31,0.0,2,2024-06
1092,2024-06-08,15540.0,21359.0,2024-09-07,1780.0,3,2024-06
1092,2024-06-08,15540.0,21359.0,2024-09-14,0.0,3,2024-06
1092,2024-06-08,15540.0,21359.0,2024-09-21,0.0,3,2024-06
1092,2024-06-08,15540.0,21359.0,2024-09-28,0.0,3,2024-06
1092,2024-06-08,15540.0,21359.0,2024-10-05,0.0,4,2024-06
1092,2024-06-08,15540.0,21359.0,2024-10-12,0.0,4,2024-06
1092,2024-06-08,15540.0,21359.0,2024-10-19,0.0,4,2024-06
1092,2024-06-08,15540.0,21359.0,2024-11-02,0.0,5,2024-06
1092,2024-06-08,15540.0,21359.0,2024-11-09,0.0,5,2024-06
1092,2024-06-08,15540.0,21359.0,2024-11-16,0.0,5,2024-06
1092,2024-06-08,15540.0,21359.0,2024-11-23,0.0,5,2024-06
1092,2024-06-08,15540.0,21359.0,2024-11-30,0.0,5,2024-06
1092,2024-06-08,15540.0,21359.0,2024-12-07,0.0,6,2024-06
1092,2024-06-08,15540.0,21359.0,2024-12-09,9800.0,6,2024-06
1093,2024-06-08,15540.0,21359.0,2024-06-15,890.0,0,2024-06
1093,2024-06-08,15540.0,21359.0,2024-06-22,890.0,0,2024-06
1093,2024-06-08,15540.0,21359.0,2024-06-29,890.0,0,2024-06
1093,2024-06-08,15540.0,21359.0,2024-07-06,890.0,1,2024-06
1093,2024-06-08,15540.0,21359.0,2024-07-13,890.0,1,2024-06
1093,2024-06-08,15540.0,21359.0,2024-07-20,0.0,1,2024-06
1093,2024-06-08,15540.0,21359.0,2024-07-27,1000.0,1,2024-06
1093,2024-06-08,15540.0,21359.0,2024-08-03,1000.0,2,2024-06
1093,2024-06-08,15540.0,21359.0,2024-08-10,1670.0,2,2024-06
1093,2024-06-08,15540.0,21359.0,2024-08-17,500.0,2,2024-06
1093,2024-06-08,15540.0,21359.0,2024-08-24,500.0,2,2024-06
1093,2024-06-08,15540.0,21359.0,2024-08-31,500.0,2,2024-06
1093,2024-06-08,15540.0,21359.0,2024-09-07,1000.0,3,2024-06
1093,2024-06-08,15540.0,21359.0,2024-09-14,500.0,3,2024-06
1093,2024-06-08,15540.0,21359.0,2024-09-21,2250.0,3,2024-06
1093,2024-06-08,15540.0,21359.0,2024-09-28,400.0,3,2024-06
1093,2024-06-08,15540.0,21359.0,2024-10-05,500.0,4,2024-06
1093,2024-06-08,15540.0,21359.0,2024-10-12,500.0,4,2024-06
1093,2024-06-08,15540.0,21359.0,2024-10-19,0.0,4,2024-06
1093,2024-06-08,15540.0,21359.0,2024-11-02,0.0,5,2024-06
1093,2024-06-08,15540.0,21359.0,2024-11-09,0.0,5,2024-06
1093,2024-06-08,15540.0,21359.0,2024-11-16,0.0,5,2024-06
1093,2024-06-08,15540.0,21359.0,2024-11-21,4000.0,5,2024-06
1093,2024-06-08,15540.0,21359.0,2024-12-01,2000.0,6,2024-06
1093,2024-06-08,15540.0,21359.0,2024-12-09,500.0,6,2024-06
1093,2024-06-08,15540.0,21359.0,2024-12-09,89.0,6,2024-06
1094,2024-06-08,10680.0,14728.0,2024-06-15,614.0,0,2024-06
1094,2024-06-08,10680.0,14728.0,2024-06-22,614.0,0,2024-06
1094,2024-06-08,10680.0,14728.0,2024-06-29,1000.0,0,2024-06
1094,2024-06-08,10680.0,14728.0,2024-07-06,0.0,1,2024-06
1094,2024-06-08,10680.0,14728.0,2024-07-13,3000.0,1,2024-06
1094,2024-06-08,10680.0,14728.0,2024-07-20,0.0,1,2024-06
1094,2024-06-08,10680.0,14728.0,2024-07-27,0.0,1,2024-06
1094,2024-06-08,10680.0,14728.0,2024-08-03,0.0,2,2024-06
1094,2024-06-08,10680.0,14728.0,2024-08-10,300.0,2,2024-06
1094,2024-06-08,10680.0,14728.0,2024-08-17,3000.0,2,2024-06
1094,2024-06-08,10680.0,14728.0,2024-08-24,0.0,2,2024-06
1094,2024-06-08,10680.0,14728.0,2024-08-31,0.0,2,2024-06
1094,2024-06-08,10680.0,14728.0,2024-09-07,0.0,3,2024-06
1094,2024-06-08,10680.0,14728.0,2024-09-14,1000.0,3,2024-06
1094,2024-06-08,10680.0,14728.0,2024-09-21,0.0,3,2024-06
1094,2024-06-08,10680.0,14728.0,2024-09-28,2000.0,3,2024-06
1094,2024-06-08,10680.0,14728.0,2024-10-05,0.0,4,2024-06
1094,2024-06-08,10680.0,14728.0,2024-10-12,0.0,4,2024-06
1094,2024-06-08,10680.0,14728.0,2024-10-19,300.0,4,2024-06
1094,2024-06-08,10680.0,14728.0,2024-10-28,200.0,4,2024-06
1094,2024-06-08,10680.0,14728.0,2024-11-02,200.0,5,2024-06
1094,2024-06-08,10680.0,14728.0,2024-11-09,200.0,5,2024-06
1094,2024-06-08,10680.0,14728.0,2024-11-16,300.0,5,2024-06
1094,2024-06-08,10680.0,14728.0,2024-11-23,200.0,5,2024-06
1094,2024-06-08,10680.0,14728.0,2024-11-30,200.0,5,2024-06
1094,2024-06-08,10680.0,14728.0,2024-12-07,200.0,6,2024-06
1094,2024-06-08,10680.0,14728.0,2024-12-14,200.0,6,2024-06
1094,2024-06-08,10680.0,14728.0,2024-12-21,200.0,6,2024-06
1094,2024-06-08,10680.0,14728.0,2024-12-28,200.0,6,2024-06
1094,2024-06-08,10680.0,14728.0,2025-01-04,200.0,7,2024-06
1094,2024-06-08,10680.0,14728.0,2025-01-11,200.0,7,2024-06
1094,2024-06-08,10680.0,14728.0,2025-01-18,200.0,7,2024-06
1094,2024-06-08,10680.0,14728.0,2025-01-25,200.0,7,2024-06
1095,2024-06-08,17480.0,25080.0,2024-06-15,2000.0,0,2024-06
1095,2024-06-08,17480.0,25080.0,2024-06-22,0.0,0,2024-06
1095,2024-06-08,17480.0,25080.0,2024-06-29,1000.0,0,2024-06
1095,2024-06-08,17480.0,25080.0,2024-07-06,1000.0,1,2024-06
1095,2024-06-08,17480.0,25080.0,2024-07-13,500.0,1,2024-06
1095,2024-06-08,17480.0,25080.0,2024-07-20,0.0,1,2024-06
1095,2024-06-08,17480.0,25080.0,2024-07-27,1500.0,1,2024-06
1095,2024-06-08,17480.0,25080.0,2024-08-03,0.0,2,2024-06
1095,2024-06-08,17480.0,25080.0,2024-08-10,0.0,2,2024-06
1095,2024-06-08,17480.0,25080.0,2024-08-17,0.0,2,2024-06
1095,2024-06-08,17480.0,25080.0,2024-08-24,0.0,2,2024-06
1095,2024-06-08,17480.0,25080.0,2024-08-31,0.0,2,2024-06
1095,2024-06-08,17480.0,25080.0,2024-09-07,0.0,3,2024-06
1095,2024-06-08,17480.0,25080.0,2024-09-14,0.0,3,2024-06
1095,2024-06-08,17480.0,25080.0,2024-09-21,0.0,3,2024-06
1095,2024-06-08,17480.0,25080.0,2024-09-28,0.0,3,2024-06
1095,2024-06-08,17480.0,25080.0,2024-10-05,0.0,4,2024-06
1095,2024-06-08,17480.0,25080.0,2024-10-12,0.0,4,2024-06
1095,2024-06-08,17480.0,25080.0,2024-10-19,0.0,4,2024-06
1095,2024-06-08,17480.0,25080.0,2024-11-02,0.0,5,2024-06
1095,2024-06-08,17480.0,25080.0,2024-11-09,0.0,5,2024-06
1095,2024-06-08,17480.0,25080.0,2024-11-16,0.0,5,2024-06
1095,2024-06-08,17480.0,25080.0,2024-11-23,0.0,5,2024-06
1095,2024-06-08,17480.0,25080.0,2024-12-01,3500.0,6,2024-06
1095,2024-06-08,17480.0,25080.0,2024-12-07,500.0,6,2024-06
1095,2024-06-08,17480.0,25080.0,2024-12-15,500.0,6,2024-06
1095,2024-06-08,17480.0,25080.0,2024-12-21,0.0,6,2024-06
1095,2024-06-08,17480.0,25080.0,2025-01-02,1000.0,7,2024-06
1095,2024-06-08,17480.0,25080.0,2025-01-04,500.0,7,2024-06
1095,2024-06-08,17480.0,25080.0,2025-01-11,500.0,7,2024-06
1095,2024-06-08,17480.0,25080.0,2025-01-18,500.0,7,2024-06
1095,2024-06-08,17480.0,25080.0,2025-01-25,500.0,7,2024-06
1095,2024-06-08,17480.0,25080.0,2025-02-01,0.0,8,2024-06
1095,2024-06-08,17480.0,25080.0,2025-02-08,700.0,8,2024-06
1095,2024-06-08,17480.0,25080.0,2025-02-16,0.0,8,2024-06
1095,2024-06-08,17480.0,25080.0,2025-02-24,3000.0,8,2024-06
1095,2024-06-08,17480.0,25080.0,2025-03-01,500.0,9,2024-06
1095,2024-06-08,17480.0,25080.0,2025-03-08,500.0,9,2024-06
1095,2024-06-08,17480.0,25080.0,2025-03-15,500.0,9,2024-06
1095,2024-06-08,17480.0,25080.0,2025-03-25,1000.0,9,2024-06
1095,2024-06-08,17480.0,25080.0,2025-03-29,500.0,9,2024-06
1095,2024-06-08,17480.0,25080.0,2025-04-05,400.0,10,2024-06
1095,2024-06-08,17480.0,25080.0,2025-04-14,600.0,10,2024-06
1095,2024-06-08,17480.0,25080.0,2025-04-19,0.0,10,2024-06
1095,2024-06-08,17480.0,25080.0,2025-04-24,3880.0,10,2024-06
1100,2024-06-09,8775.0,12150.0,2024-06-16,507.0,0,2024-06
1100,2024-06-09,8775.0,12150.0,2024-06-23,507.0,0,2024-06
1100,2024-06-09,8775.0,12150.0,2024-06-30,507.0,0,2024-06
1100,2024-06-09,8775.0,12150.0,2024-07-07,507.0,1,2024-06
1100,2024-06-09,8775.0,12150.0,2024-07-14,507.0,1,2024-06
1100,2024-06-09,8775.0,12150.0,2024-07-21,0.0,1,2024-06
1100,2024-06-09,8775.0,12150.0,2024-07-28,1009.0,1,2024-06
1100,2024-06-09,8775.0,12150.0,2024-08-04,507.0,2,2024-06
1100,2024-06-09,8775.0,12150.0,2024-08-11,507.0,2,2024-06
1100,2024-06-09,8775.0,12150.0,2024-08-18,507.0,2,2024-06
1100,2024-06-09,8775.0,12150.0,2024-08-25,507.0,2,2024-06
1100,2024-06-09,8775.0,12150.0,2024-09-01,507.0,3,2024-06
1100,2024-06-09,8775.0,12150.0,2024-09-08,507.0,3,2024-06
1100,2024-06-09,8775.0,12150.0,2024-09-15,507.0,3,2024-06
1100,2024-06-09,8775.0,12150.0,2024-09-22,507.0,3,2024-06
1100,2024-06-09,8775.0,12150.0,2024-09-29,250.0,3,2024-06
1100,2024-06-09,8775.0,12150.0,2024-10-06,756.0,4,2024-06
1100,2024-06-09,8775.0,12150.0,2024-10-13,507.0,4,2024-06
1100,2024-06-09,8775.0,12150.0,2024-10-20,507.0,4,2024-06
1100,2024-06-09,8775.0,12150.0,2024-10-28,507.0,4,2024-06
1100,2024-06-09,8775.0,12150.0,2024-11-03,507.0,5,2024-06
1100,2024-06-09,8775.0,12150.0,2024-11-10,500.0,5,2024-06
1100,2024-06-09,8775.0,12150.0,2024-11-17,250.0,5,2024-06
1100,2024-06-09,8775.0,12150.0,2024-11-24,200.0,5,2024-06
1100,2024-06-09,8775.0,12150.0,2024-12-01,0.0,6,2024-06
1100,2024-06-09,8775.0,12150.0,2024-12-02,565.0,6,2024-06
1102,2024-06-10,11390.0,15725.0,2024-06-17,656.0,0,2024-06
1102,2024-06-10,11390.0,15725.0,2024-06-24,656.0,0,2024-06
1102,2024-06-10,11390.0,15725.0,2024-07-01,656.0,1,2024-06
1102,2024-06-10,11390.0,15725.0,2024-07-08,656.0,1,2024-06
1102,2024-06-10,11390.0,15725.0,2024-07-15,656.0,1,2024-06
1102,2024-06-10,11390.0,15725.0,2024-07-22,0.0,1,2024-06
1102,2024-06-10,11390.0,15725.0,2024-07-29,655.0,1,2024-06
1102,2024-06-10,11390.0,15725.0,2024-08-05,656.0,2,2024-06
1102,2024-06-10,11390.0,15725.0,2024-08-12,655.0,2,2024-06
1102,2024-06-10,11390.0,15725.0,2024-08-19,655.0,2,2024-06
1102,2024-06-10,11390.0,15725.0,2024-08-26,655.0,2,2024-06
1102,2024-06-10,11390.0,15725.0,2024-09-02,655.0,3,2024-06
1102,2024-06-10,11390.0,15725.0,2024-09-09,655.0,3,2024-06
1102,2024-06-10,11390.0,15725.0,2024-09-16,655.0,3,2024-06
1102,2024-06-10,11390.0,15725.0,2024-09-23,655.0,3,2024-06
1102,2024-06-10,11390.0,15725.0,2024-09-30,655.0,3,2024-06
1102,2024-06-10,11390.0,15725.0,2024-10-07,655.0,4,2024-06
1102,2024-06-10,11390.0,15725.0,2024-10-14,655.0,4,2024-06
1102,2024-06-10,11390.0,15725.0,2024-10-21,660.0,4,2024-06
1102,2024-06-10,11390.0,15725.0,2024-10-28,660.0,4,2024-06
1102,2024-06-10,11390.0,15725.0,2024-11-04,660.0,5,2024-06
1102,2024-06-10,11390.0,15725.0,2024-11-11,660.0,5,2024-06
1102,2024-06-10,11390.0,15725.0,2024-11-18,0.0,5,2024-06
1102,2024-06-10,11390.0,15725.0,2024-11-19,660.0,5,2024-06
1102,2024-06-10,11390.0,15725.0,2024-11-25,660.0,5,2024-06
1102,2024-06-10,11390.0,15725.0,2024-12-09,624.0,6,2024-06
1107,2024-06-11,15640.0,21459.0,2024-06-18,900.0,0,2024-06
1107,2024-06-11,15640.0,21459.0,2024-06-25,900.0,0,2024-06
1107,2024-06-11,15640.0,21459.0,2024-07-02,900.0,1,2024-06
1107,2024-06-11,15640.0,21459.0,2024-07-09,900.0,1,2024-06
1107,2024-06-11,15640.0,21459.0,2024-07-16,0.0,1,2024-06
1107,2024-06-11,15640.0,21459.0,2024-07-23,0.0,1,2024-06
1107,2024-06-11,15640.0,21459.0,2024-07-30,0.0,1,2024-06
1107,2024-06-11,15640.0,21459.0,2024-08-06,0.0,2,2024-06
1107,2024-06-11,15640.0,21459.0,2024-08-13,3000.0,2,2024-06
1107,2024-06-11,15640.0,21459.0,2024-08-20,0.0,2,2024-06
1107,2024-06-11,15640.0,21459.0,2024-08-27,0.0,2,2024-06
1107,2024-06-11,15640.0,21459.0,2024-09-03,0.0,3,2024-06
1107,2024-06-11,15640.0,21459.0,2024-09-10,0.0,3,2024-06
1107,2024-06-11,15640.0,21459.0,2024-09-17,5000.0,3,2024-06
1107,2024-06-11,15640.0,21459.0,2024-09-24,0.0,3,2024-06
1107,2024-06-11,15640.0,21459.0,2024-10-01,0.0,4,2024-06
1107,2024-06-11,15640.0,21459.0,2024-10-08,3000.0,4,2024-06
1107,2024-06-11,15640.0,21459.0,2024-10-15,0.0,4,2024-06
1107,2024-06-11,15640.0,21459.0,2024-10-22,0.0,4,2024-06
1107,2024-06-11,15640.0,21459.0,2024-10-29,0.0,4,2024-06
1107,2024-06-11,15640.0,21459.0,2024-11-05,0.0,5,2024-06
1107,2024-06-11,15640.0,21459.0,2024-11-12,3000.0,5,2024-06
1107,2024-06-11,15640.0,21459.0,2024-11-19,0.0,5,2024-06
1107,2024-06-11,15640.0,21459.0,2024-11-26,0.0,5,2024-06
1107,2024-06-11,15640.0,21459.0,2024-12-03,0.0,6,2024-06
1107,2024-06-11,15640.0,21459.0,2024-12-10,0.0,6,2024-06
1107,2024-06-11,15640.0,21459.0,2024-12-17,3859.0,6,2024-06
1109,2024-06-11,16500.0,22625.0,2024-06-18,943.0,0,2024-06
1109,2024-06-11,16500.0,22625.0,2024-06-25,943.0,0,2024-06
1109,2024-06-11,16500.0,22625.0,2024-07-02,943.0,1,2024-06
1109,2024-06-11,16500.0,22625.0,2024-07-09,943.0,1,2024-06
1109,2024-06-11,16500.0,22625.0,2024-07-16,943.0,1,2024-06
1109,2024-06-11,16500.0,22625.0,2024-07-23,0.0,1,2024-06
1109,2024-06-11,16500.0,22625.0,2024-07-30,0.0,1,2024-06
1109,2024-06-11,16500.0,22625.0,2024-08-06,2829.0,2,2024-06
1109,2024-06-11,16500.0,22625.0,2024-08-13,943.0,2,2024-06
1109,2024-06-11,16500.0,22625.0,2024-08-20,943.0,2,2024-06
1109,2024-06-11,16500.0,22625.0,2024-08-27,943.0,2,2024-06
1109,2024-06-11,16500.0,22625.0,2024-09-03,943.0,3,2024-06
1109,2024-06-11,16500.0,22625.0,2024-09-10,943.0,3,2024-06
1109,2024-06-11,16500.0,22625.0,2024-09-17,0.0,3,2024-06
1109,2024-06-11,16500.0,22625.0,2024-09-24,0.0,3,2024-06
1109,2024-06-11,16500.0,22625.0,2024-10-01,0.0,4,2024-06
1109,2024-06-11,16500.0,22625.0,2024-10-08,0.0,4,2024-06
1109,2024-06-11,16500.0,22625.0,2024-10-15,0.0,4,2024-06
1109,2024-06-11,16500.0,22625.0,2024-10-22,0.0,4,2024-06
1109,2024-06-11,16500.0,22625.0,2024-10-29,0.0,4,2024-06
1109,2024-06-11,16500.0,22625.0,2024-11-05,0.0,5,2024-06
1109,2024-06-11,16500.0,22625.0,2024-11-12,0.0,5,2024-06
1109,2024-06-11,16500.0,22625.0,2024-11-19,0.0,5,2024-06
1109,2024-06-11,16500.0,22625.0,2024-11-26,0.0,5,2024-06
1109,2024-06-11,16500.0,22625.0,2024-12-03,0.0,6,2024-06
1109,2024-06-11,16500.0,22625.0,2024-12-10,0.0,6,2024-06
1109,2024-06-11,16500.0,22625.0,2024-12-17,0.0,6,2024-06
1109,2024-06-11,16500.0,22625.0,2024-12-24,0.0,6,2024-06
1109,2024-06-11,16500.0,22625.0,2024-12-31,0.0,6,2024-06
1109,2024-06-11,16500.0,22625.0,2025-01-07,0.0,7,2024-06
1109,2024-06-11,16500.0,22625.0,2025-01-14,0.0,7,2024-06
1109,2024-06-11,16500.0,22625.0,2025-01-18,10333.0,7,2024-06
1109,2024-06-11,16500.0,22625.0,2025-01-18,34.0,7,2024-06
1117,2024-06-13,11500.0,21776.0,2024-06-20,662.0,0,2024-06
1117,2024-06-13,11500.0,21776.0,2024-06-27,700.0,0,2024-06
1117,2024-06-13,11500.0,21776.0,2024-07-04,500.0,1,2024-06
1117,2024-06-13,11500.0,21776.0,2024-07-11,331.0,1,2024-06
1117,2024-06-13,11500.0,21776.0,2024-07-18,500.0,1,2024-06
1117,2024-06-13,11500.0,21776.0,2024-07-25,510.0,1,2024-06
1117,2024-06-13,11500.0,21776.0,2024-08-01,500.0,2,2024-06
1117,2024-06-13,11500.0,21776.0,2024-08-08,400.0,2,2024-06
1117,2024-06-13,11500.0,21776.0,2024-08-15,400.0,2,2024-06
1117,2024-06-13,11500.0,21776.0,2024-08-22,301.0,2,2024-06
1117,2024-06-13,11500.0,21776.0,2024-08-29,332.0,2,2024-06
1117,2024-06-13,11500.0,21776.0,2024-09-05,332.0,3,2024-06
1117,2024-06-13,11500.0,21776.0,2024-09-12,400.0,3,2024-06
1117,2024-06-13,11500.0,21776.0,2024-09-19,420.0,3,2024-06
1117,2024-06-13,11500.0,21776.0,2024-09-26,133.0,3,2024-06
1117,2024-06-13,11500.0,21776.0,2024-10-03,310.0,4,2024-06
1117,2024-06-13,11500.0,21776.0,2024-10-10,332.0,4,2024-06
1117,2024-06-13,11500.0,21776.0,2024-10-17,532.0,4,2024-06
1117,2024-06-13,11500.0,21776.0,2024-10-28,332.0,4,2024-06
1117,2024-06-13,11500.0,21776.0,2024-10-31,309.0,4,2024-06
1117,2024-06-13,11500.0,21776.0,2024-11-07,0.0,5,2024-06
1117,2024-06-13,11500.0,21776.0,2024-11-14,0.0,5,2024-06
1117,2024-06-13,11500.0,21776.0,2024-11-21,0.0,5,2024-06
1117,2024-06-13,11500.0,21776.0,2024-11-28,0.0,5,2024-06
1117,2024-06-13,11500.0,21776.0,2024-12-05,0.0,6,2024-06
1117,2024-06-13,11500.0,21776.0,2024-12-12,0.0,6,2024-06
1117,2024-06-13,11500.0,21776.0,2024-12-19,0.0,6,2024-06
1117,2024-06-13,11500.0,21776.0,2024-12-26,0.0,6,2024-06
1117,2024-06-13,11500.0,21776.0,2025-01-02,0.0,7,2024-06
1117,2024-06-13,11500.0,21776.0,2025-01-09,0.0,7,2024-06
1117,2024-06-13,11500.0,21776.0,2025-01-16,0.0,7,2024-06
1117,2024-06-13,11500.0,21776.0,2025-01-23,0.0,7,2024-06
1117,2024-06-13,11500.0,21776.0,2025-01-30,0.0,7,2024-06
1117,2024-06-13,11500.0,21776.0,2025-02-06,0.0,8,2024-06
1117,2024-06-13,11500.0,21776.0,2025-02-13,0.0,8,2024-06
1117,2024-06-13,11500.0,21776.0,2025-02-20,0.0,8,2024-06
1117,2024-06-13,11500.0,21776.0,2025-03-02,0.0,9,2024-06
1117,2024-06-13,11500.0,21776.0,2025-03-06,0.0,9,2024-06
1117,2024-06-13,11500.0,21776.0,2025-03-13,0.0,9,2024-06
1117,2024-06-13,11500.0,21776.0,2025-03-24,0.0,9,2024-06
1117,2024-06-13,11500.0,21776.0,2025-03-27,0.0,9,2024-06
1117,2024-06-13,11500.0,21776.0,2025-04-06,0.0,10,2024-06
1117,2024-06-13,11500.0,21776.0,2025-04-10,0.0,10,2024-06
1117,2024-06-13,11500.0,21776.0,2025-04-17,0.0,10,2024-06
1117,2024-06-13,11500.0,21776.0,2025-04-24,0.0,10,2024-06
1117,2024-06-13,11500.0,21776.0,2025-05-05,0.0,11,2024-06
1117,2024-06-13,11500.0,21776.0,2025-05-08,0.0,11,2024-06
1117,2024-06-13,11500.0,21776.0,2025-05-15,0.0,11,2024-06
1117,2024-06-13,11500.0,21776.0,2025-05-22,0.0,11,2024-06
1117,2024-06-13,11500.0,21776.0,2025-05-29,0.0,11,2024-06
1117,2024-06-13,11500.0,21776.0,2025-06-05,0.0,12,2024-06
1117,2024-06-13,11500.0,21776.0,2025-07-24,0.0,13,2024-06
1117,2024-06-13,11500.0,21776.0,2025-07-31,0.0,13,2024-06
1117,2024-06-13,11500.0,21776.0,2025-08-07,0.0,14,2024-06
1117,2024-06-13,11500.0,21776.0,2025-10-05,0.0,16,2024-06
1117,2024-06-13,11500.0,21776.0,2025-10-10,0.0,16,2024-06
1117,2024-06-13,11500.0,21776.0,2025-10-17,0.0,16,2024-06
1117,2024-06-13,11500.0,21776.0,2025-10-24,0.0,16,2024-06
1117,2024-06-13,11500.0,21776.0,2025-10-31,0.0,16,2024-06
1117,2024-06-13,11500.0,21776.0,2025-11-07,0.0,17,2024-06
1117,2024-06-13,11500.0,21776.0,2025-11-14,0.0,17,2024-06
1117,2024-06-13,11500.0,21776.0,2025-11-21,0.0,17,2024-06
1117,2024-06-13,11500.0,21776.0,2025-12-03,0.0,18,2024-06
1117,2024-06-13,11500.0,21776.0,2025-12-10,0.0,18,2024-06
1117,2024-06-13,11500.0,21776.0,2025-12-17,0.0,18,2024-06
1117,2024-06-13,11500.0,21776.0,2025-12-24,0.0,18,2024-06
1117,2024-06-13,11500.0,21776.0,2025-12-31,0.0,18,2024-06
1117,2024-06-13,11500.0,21776.0,2026-01-07,0.0,19,2024-06
1117,2024-06-13,11500.0,21776.0,2026-01-14,0.0,19,2024-06
1117,2024-06-13,11500.0,21776.0,2026-01-21,0.0,19,2024-06
1117,2024-06-13,11500.0,21776.0,2026-01-28,0.0,19,2024-06
1117,2024-06-13,11500.0,21776.0,2026-02-04,0.0,20,2024-06
1117,2024-06-13,11500.0,21776.0,2026-02-11,0.0,20,2024-06
1117,2024-06-13,11500.0,21776.0,2026-02-18,0.0,20,2024-06
1117,2024-06-13,11500.0,21776.0,2026-02-25,0.0,20,2024-06
1117,2024-06-13,11500.0,21776.0,2026-03-04,0.0,21,2024-06
1117,2024-06-13,11500.0,21776.0,2026-03-11,0.0,21,2024-06
1117,2024-06-13,11500.0,21776.0,2026-03-18,0.0,21,2024-06
1117,2024-06-13,11500.0,21776.0,2026-03-25,0.0,21,2024-06
1118,2024-06-13,9680.0,13440.0,2024-06-20,2200.0,0,2024-06
1118,2024-06-13,9680.0,13440.0,2024-06-27,0.0,0,2024-06
1118,2024-06-13,9680.0,13440.0,2024-07-04,0.0,1,2024-06
1118,2024-06-13,9680.0,13440.0,2024-07-11,0.0,1,2024-06
1118,2024-06-13,9680.0,13440.0,2024-07-18,2200.0,1,2024-06
1118,2024-06-13,9680.0,13440.0,2024-07-25,0.0,1,2024-06
1118,2024-06-13,9680.0,13440.0,2024-08-01,0.0,2,2024-06
1118,2024-06-13,9680.0,13440.0,2024-08-08,0.0,2,2024-06
1118,2024-06-13,9680.0,13440.0,2024-08-15,2200.0,2,2024-06
1118,2024-06-13,9680.0,13440.0,2024-08-22,0.0,2,2024-06
1118,2024-06-13,9680.0,13440.0,2024-08-29,0.0,2,2024-06
1118,2024-06-13,9680.0,13440.0,2024-09-05,0.0,3,2024-06
1118,2024-06-13,9680.0,13440.0,2024-09-12,200.0,3,2024-06
1118,2024-06-13,9680.0,13440.0,2024-09-19,2200.0,3,2024-06
1118,2024-06-13,9680.0,13440.0,2024-09-26,0.0,3,2024-06
1118,2024-06-13,9680.0,13440.0,2024-10-03,0.0,4,2024-06
1118,2024-06-13,9680.0,13440.0,2024-10-10,0.0,4,2024-06
1118,2024-06-13,9680.0,13440.0,2024-10-17,1000.0,4,2024-06
1118,2024-06-13,9680.0,13440.0,2024-10-28,500.0,4,2024-06
1118,2024-06-13,9680.0,13440.0,2024-10-31,500.0,4,2024-06
1118,2024-06-13,9680.0,13440.0,2024-11-07,500.0,5,2024-06
1118,2024-06-13,9680.0,13440.0,2024-11-14,500.0,5,2024-06
1118,2024-06-13,9680.0,13440.0,2024-11-21,500.0,5,2024-06
1118,2024-06-13,9680.0,13440.0,2024-11-30,500.0,5,2024-06
1118,2024-06-13,9680.0,13440.0,2024-12-05,200.0,6,2024-06
1118,2024-06-13,9680.0,13440.0,2024-12-14,200.0,6,2024-06
1118,2024-06-13,9680.0,13440.0,2024-12-19,50.0,6,2024-06
1120,2024-06-24,14400.0,19770.0,2024-07-01,824.0,1,2024-06
1120,2024-06-24,14400.0,19770.0,2024-07-08,824.0,1,2024-06
1120,2024-06-24,14400.0,19770.0,2024-07-15,824.0,1,2024-06
1120,2024-06-24,14400.0,19770.0,2024-07-22,0.0,1,2024-06
1120,2024-06-24,14400.0,19770.0,2024-07-29,1200.0,1,2024-06
1120,2024-06-24,14400.0,19770.0,2024-08-05,1270.0,2,2024-06
1120,2024-06-24,14400.0,19770.0,2024-08-12,824.0,2,2024-06
1120,2024-06-24,14400.0,19770.0,2024-08-19,824.0,2,2024-06
1120,2024-06-24,14400.0,19770.0,2024-08-26,820.0,2,2024-06
1120,2024-06-24,14400.0,19770.0,2024-09-02,824.0,3,2024-06
1120,2024-06-24,14400.0,19770.0,2024-09-09,824.0,3,2024-06
1120,2024-06-24,14400.0,19770.0,2024-09-16,824.0,3,2024-06
1120,2024-06-24,14400.0,19770.0,2024-09-23,820.0,3,2024-06
1120,2024-06-24,14400.0,19770.0,2024-09-30,800.0,3,2024-06
1120,2024-06-24,14400.0,19770.0,2024-10-07,854.0,4,2024-06
1120,2024-06-24,14400.0,19770.0,2024-10-14,824.0,4,2024-06
1120,2024-06-24,14400.0,19770.0,2024-10-21,823.0,4,2024-06
1120,2024-06-24,14400.0,19770.0,2024-10-28,820.0,4,2024-06
1120,2024-06-24,14400.0,19770.0,2024-11-04,824.0,5,2024-06
1120,2024-06-24,14400.0,19770.0,2024-11-11,1000.0,5,2024-06
1120,2024-06-24,14400.0,19770.0,2024-11-18,1000.0,5,2024-06
1120,2024-06-24,14400.0,19770.0,2024-11-25,1000.0,5,2024-06
1120,2024-06-24,14400.0,19770.0,2024-12-02,1000.0,6,2024-06
1120,2024-06-24,14400.0,19770.0,2024-12-09,122.0,6,2024-06
1122,2024-06-25,13340.0,18400.0,2024-07-02,767.0,1,2024-06
1122,2024-06-25,13340.0,18400.0,2024-07-09,767.0,1,2024-06
1122,2024-06-25,13340.0,18400.0,2024-07-16,767.0,1,2024-06
1122,2024-06-25,13340.0,18400.0,2024-07-23,0.0,1,2024-06
1122,2024-06-25,13340.0,18400.0,2024-07-30,767.0,1,2024-06
1122,2024-06-25,13340.0,18400.0,2024-08-06,767.0,2,2024-06
1122,2024-06-25,13340.0,18400.0,2024-08-13,767.0,2,2024-06
1122,2024-06-25,13340.0,18400.0,2024-08-20,800.0,2,2024-06
1122,2024-06-25,13340.0,18400.0,2024-08-27,767.0,2,2024-06
1122,2024-06-25,13340.0,18400.0,2024-09-03,767.0,3,2024-06
1122,2024-06-25,13340.0,18400.0,2024-09-10,767.0,3,2024-06
1122,2024-06-25,13340.0,18400.0,2024-09-17,767.0,3,2024-06
1122,2024-06-25,13340.0,18400.0,2024-09-24,383.0,3,2024-06
1122,2024-06-25,13340.0,18400.0,2024-10-01,767.0,4,2024-06
1122,2024-06-25,13340.0,18400.0,2024-10-08,767.0,4,2024-06
1122,2024-06-25,13340.0,18400.0,2024-10-15,767.0,4,2024-06
1122,2024-06-25,13340.0,18400.0,2024-10-22,767.0,4,2024-06
1122,2024-06-25,13340.0,18400.0,2024-10-29,767.0,4,2024-06
1122,2024-06-25,13340.0,18400.0,2024-11-05,767.0,5,2024-06
1122,2024-06-25,13340.0,18400.0,2024-11-12,760.0,5,2024-06
1122,2024-06-25,13340.0,18400.0,2024-11-19,767.0,5,2024-06
1122,2024-06-25,13340.0,18400.0,2024-11-26,667.0,5,2024-06
1122,2024-06-25,13340.0,18400.0,2024-12-03,760.0,6,2024-06
1122,2024-06-25,13340.0,18400.0,2024-12-10,770.0,6,2024-06
1122,2024-06-25,13340.0,18400.0,2024-12-17,1219.0,6,2024-06
1123,2024-06-25,5760.0,8100.0,2024-07-02,300.0,1,2024-06
1123,2024-06-25,5760.0,8100.0,2024-07-09,500.0,1,2024-06
1123,2024-06-25,5760.0,8100.0,2024-07-16,400.0,1,2024-06
1123,2024-06-25,5760.0,8100.0,2024-07-23,0.0,1,2024-06
1123,2024-06-25,5760.0,8100.0,2024-07-30,400.0,1,2024-06
1123,2024-06-25,5760.0,8100.0,2024-08-06,0.0,2,2024-06
1123,2024-06-25,5760.0,8100.0,2024-08-13,0.0,2,2024-06
1123,2024-06-25,5760.0,8100.0,2024-08-20,1000.0,2,2024-06
1123,2024-06-25,5760.0,8100.0,2024-08-27,800.0,2,2024-06
1123,2024-06-25,5760.0,8100.0,2024-09-03,0.0,3,2024-06
1123,2024-06-25,5760.0,8100.0,2024-09-10,350.0,3,2024-06
1123,2024-06-25,5760.0,8100.0,2024-09-17,350.0,3,2024-06
1123,2024-06-25,5760.0,8100.0,2024-09-24,500.0,3,2024-06
1123,2024-06-25,5760.0,8100.0,2024-10-01,500.0,4,2024-06
1123,2024-06-25,5760.0,8100.0,2024-10-08,0.0,4,2024-06
1123,2024-06-25,5760.0,8100.0,2024-10-15,350.0,4,2024-06
1123,2024-06-25,5760.0,8100.0,2024-10-22,350.0,4,2024-06
1123,2024-06-25,5760.0,8100.0,2024-10-29,350.0,4,2024-06
1123,2024-06-25,5760.0,8100.0,2024-11-07,350.0,5,2024-06
1123,2024-06-25,5760.0,8100.0,2024-11-14,350.0,5,2024-06
1123,2024-06-25,5760.0,8100.0,2024-11-19,350.0,5,2024-06
1123,2024-06-25,5760.0,8100.0,2024-11-28,350.0,5,2024-06
1123,2024-06-25,5760.0,8100.0,2024-12-04,340.0,6,2024-06
1123,2024-06-25,5760.0,8100.0,2024-12-10,210.0,6,2024-06
1124,2024-06-26,15650.0,21455.0,2024-07-03,2682.0,1,2024-06
1124,2024-06-26,15650.0,21455.0,2024-07-10,0.0,1,2024-06
1124,2024-06-26,15650.0,21455.0,2024-07-17,0.0,1,2024-06
1124,2024-06-26,15650.0,21455.0,2024-07-24,0.0,1,2024-06
1124,2024-06-26,15650.0,21455.0,2024-07-31,1788.0,1,2024-06
1124,2024-06-26,15650.0,21455.0,2024-08-07,2682.0,2,2024-06
1124,2024-06-26,15650.0,21455.0,2024-08-14,0.0,2,2024-06
1124,2024-06-26,15650.0,21455.0,2024-08-21,0.0,2,2024-06
1124,2024-06-26,15650.0,21455.0,2024-08-28,894.0,2,2024-06
1124,2024-06-26,15650.0,21455.0,2024-09-04,894.0,3,2024-06
1124,2024-06-26,15650.0,21455.0,2024-09-11,894.0,3,2024-06
1124,2024-06-26,15650.0,21455.0,2024-09-18,894.0,3,2024-06
1124,2024-06-26,15650.0,21455.0,2024-09-25,894.0,3,2024-06
1124,2024-06-26,15650.0,21455.0,2024-10-02,894.0,4,2024-06
1124,2024-06-26,15650.0,21455.0,2024-10-09,894.0,4,2024-06
1124,2024-06-26,15650.0,21455.0,2024-10-16,894.0,4,2024-06
1124,2024-06-26,15650.0,21455.0,2024-10-23,894.0,4,2024-06
1124,2024-06-26,15650.0,21455.0,2024-10-30,894.0,4,2024-06
1124,2024-06-26,15650.0,21455.0,2024-11-06,894.0,5,2024-06
1124,2024-06-26,15650.0,21455.0,2024-11-13,894.0,5,2024-06
1124,2024-06-26,15650.0,21455.0,2024-11-21,894.0,5,2024-06
1124,2024-06-26,15650.0,21455.0,2024-11-27,894.0,5,2024-06
1124,2024-06-26,15650.0,21455.0,2024-12-04,894.0,6,2024-06
1124,2024-06-26,15650.0,21455.0,2024-12-11,894.0,6,2024-06
1125,2024-06-26,16250.0,22250.0,2024-07-03,930.0,1,2024-06
1125,2024-06-26,16250.0,22250.0,2024-07-10,930.0,1,2024-06
1125,2024-06-26,16250.0,22250.0,2024-07-17,930.0,1,2024-06
1125,2024-06-26,16250.0,22250.0,2024-07-24,0.0,1,2024-06
1125,2024-06-26,16250.0,22250.0,2024-07-31,960.0,1,2024-06
1125,2024-06-26,16250.0,22250.0,2024-08-07,1800.0,2,2024-06
1125,2024-06-26,16250.0,22250.0,2024-08-14,930.0,2,2024-06
1125,2024-06-26,16250.0,22250.0,2024-08-21,900.0,2,2024-06
1125,2024-06-26,16250.0,22250.0,2024-08-28,950.0,2,2024-06
1125,2024-06-26,16250.0,22250.0,2024-09-04,900.0,3,2024-06
1125,2024-06-26,16250.0,22250.0,2024-09-11,950.0,3,2024-06
1125,2024-06-26,16250.0,22250.0,2024-09-18,900.0,3,2024-06
1125,2024-06-26,16250.0,22250.0,2024-09-25,950.0,3,2024-06
1125,2024-06-26,16250.0,22250.0,2024-10-02,950.0,4,2024-06
1125,2024-06-26,16250.0,22250.0,2024-10-09,950.0,4,2024-06
1125,2024-06-26,16250.0,22250.0,2024-10-16,900.0,4,2024-06
1125,2024-06-26,16250.0,22250.0,2024-10-30,900.0,4,2024-06
1125,2024-06-26,16250.0,22250.0,2024-10-31,930.0,4,2024-06
1125,2024-06-26,16250.0,22250.0,2024-11-07,980.0,5,2024-06
1125,2024-06-26,16250.0,22250.0,2024-11-14,950.0,5,2024-06
1125,2024-06-26,16250.0,22250.0,2024-11-21,0.0,5,2024-06
1125,2024-06-26,16250.0,22250.0,2024-12-02,2500.0,6,2024-06
1125,2024-06-26,16250.0,22250.0,2024-12-04,0.0,6,2024-06
1125,2024-06-26,16250.0,22250.0,2024-12-11,1140.0,6,2024-06
1126,2024-06-27,17820.0,24435.0,2024-07-04,1018.0,1,2024-06
1126,2024-06-27,17820.0,24435.0,2024-07-11,1018.0,1,2024-06
1126,2024-06-27,17820.0,24435.0,2024-07-18,1018.0,1,2024-06
1126,2024-06-27,17820.0,24435.0,2024-07-25,1019.0,1,2024-06
1126,2024-06-27,17820.0,24435.0,2024-08-01,1019.0,2,2024-06
1126,2024-06-27,17820.0,24435.0,2024-08-08,1018.0,2,2024-06
1126,2024-06-27,17820.0,24435.0,2024-08-15,1018.0,2,2024-06
1126,2024-06-27,17820.0,24435.0,2024-08-22,1018.0,2,2024-06
1126,2024-06-27,17820.0,24435.0,2024-08-29,1018.0,2,2024-06
1126,2024-06-27,17820.0,24435.0,2024-09-05,1018.0,3,2024-06
1126,2024-06-27,17820.0,24435.0,2024-09-12,1018.0,3,2024-06
1126,2024-06-27,17820.0,24435.0,2024-09-19,1018.0,3,2024-06
1126,2024-06-27,17820.0,24435.0,2024-09-26,1018.0,3,2024-06
1126,2024-06-27,17820.0,24435.0,2024-10-03,1018.0,4,2024-06
1126,2024-06-27,17820.0,24435.0,2024-10-10,1018.0,4,2024-06
1126,2024-06-27,17820.0,24435.0,2024-10-17,1018.0,4,2024-06
1126,2024-06-27,17820.0,24435.0,2024-10-28,918.0,4,2024-06
1126,2024-06-27,17820.0,24435.0,2024-10-31,1118.0,4,2024-06
1126,2024-06-27,17820.0,24435.0,2024-11-07,518.0,5,2024-06
1126,2024-06-27,17820.0,24435.0,2024-11-14,1000.0,5,2024-06
1126,2024-06-27,17820.0,24435.0,2024-11-21,500.0,5,2024-06
1126,2024-06-27,17820.0,24435.0,2024-11-28,1000.0,5,2024-06
1126,2024-06-27,17820.0,24435.0,2024-12-05,1000.0,6,2024-06
1126,2024-06-27,17820.0,24435.0,2024-12-14,1018.0,6,2024-06
1126,2024-06-27,17820.0,24435.0,2024-12-18,1073.0,6,2024-06
1127,2024-06-27,17820.0,24435.0,2024-07-04,1020.0,1,2024-06
1127,2024-06-27,17820.0,24435.0,2024-07-11,1020.0,1,2024-06
1127,2024-06-27,17820.0,24435.0,2024-07-18,1000.0,1,2024-06
1127,2024-06-27,17820.0,24435.0,2024-07-25,1020.0,1,2024-06
1127,2024-06-27,17820.0,24435.0,2024-08-01,600.0,2,2024-06
1127,2024-06-27,17820.0,24435.0,2024-08-08,1449.0,2,2024-06
1127,2024-06-27,17820.0,24435.0,2024-08-15,1000.0,2,2024-06
1127,2024-06-27,17820.0,24435.0,2024-08-22,1036.0,2,2024-06
1127,2024-06-27,17820.0,24435.0,2024-08-29,1000.0,2,2024-06
1127,2024-06-27,17820.0,24435.0,2024-09-05,0.0,3,2024-06
1127,2024-06-27,17820.0,24435.0,2024-09-12,2036.0,3,2024-06
1127,2024-06-27,17820.0,24435.0,2024-09-19,1018.0,3,2024-06
1127,2024-06-27,17820.0,24435.0,2024-09-26,0.0,3,2024-06
1127,2024-06-27,17820.0,24435.0,2024-10-03,0.0,4,2024-06
1127,2024-06-27,17820.0,24435.0,2024-10-10,4080.0,4,2024-06
1127,2024-06-27,17820.0,24435.0,2024-10-17,0.0,4,2024-06
1127,2024-06-27,17820.0,24435.0,2024-10-24,1020.0,4,2024-06
1127,2024-06-27,17820.0,24435.0,2024-10-31,600.0,4,2024-06
1127,2024-06-27,17820.0,24435.0,2024-11-07,1440.0,5,2024-06
1127,2024-06-27,17820.0,24435.0,2024-11-11,1018.0,5,2024-06
1127,2024-06-27,17820.0,24435.0,2024-11-21,600.0,5,2024-06
1127,2024-06-27,17820.0,24435.0,2024-11-28,1000.0,5,2024-06
1127,2024-06-27,17820.0,24435.0,2024-12-07,1470.0,6,2024-06
1127,2024-06-27,17820.0,24435.0,2024-12-08,1010.0,6,2024-06
1128,2024-07-03,8775.0,12150.0,2024-07-10,510.0,0,2024-07
1128,2024-07-03,8775.0,12150.0,2024-07-17,510.0,0,2024-07
1128,2024-07-03,8775.0,12150.0,2024-07-24,0.0,0,2024-07
1128,2024-07-03,8775.0,12150.0,2024-07-31,1010.0,0,2024-07
1128,2024-07-03,8775.0,12150.0,2024-08-07,510.0,1,2024-07
1128,2024-07-03,8775.0,12150.0,2024-08-14,510.0,1,2024-07
1128,2024-07-03,8775.0,12150.0,2024-08-21,506.0,1,2024-07
1128,2024-07-03,8775.0,12150.0,2024-08-28,510.0,1,2024-07
1128,2024-07-03,8775.0,12150.0,2024-09-04,506.0,2,2024-07
1128,2024-07-03,8775.0,12150.0,2024-09-11,507.0,2,2024-07
1128,2024-07-03,8775.0,12150.0,2024-09-18,500.0,2,2024-07
1128,2024-07-03,8775.0,12150.0,2024-09-25,506.0,2,2024-07
1128,2024-07-03,8775.0,12150.0,2024-10-02,510.0,3,2024-07
1128,2024-07-03,8775.0,12150.0,2024-10-09,510.0,3,2024-07
1128,2024-07-03,8775.0,12150.0,2024-10-16,510.0,3,2024-07
1128,2024-07-03,8775.0,12150.0,2024-10-23,510.0,3,2024-07
1128,2024-07-03,8775.0,12150.0,2024-10-31,510.0,3,2024-07
1128,2024-07-03,8775.0,12150.0,2024-11-07,510.0,4,2024-07
1128,2024-07-03,8775.0,12150.0,2024-11-13,510.0,4,2024-07
1128,2024-07-03,8775.0,12150.0,2024-11-21,510.0,4,2024-07
1128,2024-07-03,8775.0,12150.0,2024-12-01,510.0,5,2024-07
1128,2024-07-03,8775.0,12150.0,2024-12-04,210.0,5,2024-07
1128,2024-07-03,8775.0,12150.0,2024-12-11,510.0,5,2024-07
1128,2024-07-03,8775.0,12150.0,2024-12-18,260.0,5,2024-07
1128,2024-07-03,8775.0,12150.0,2024-12-26,510.0,5,2024-07
1129,2024-07-03,16250.0,22250.0,2024-07-10,928.0,0,2024-07
1129,2024-07-03,16250.0,22250.0,2024-07-17,928.0,0,2024-07
1129,2024-07-03,16250.0,22250.0,2024-07-24,0.0,0,2024-07
1129,2024-07-03,16250.0,22250.0,2024-07-31,928.0,0,2024-07
1129,2024-07-03,16250.0,22250.0,2024-08-07,1200.0,1,2024-07
1129,2024-07-03,16250.0,22250.0,2024-08-14,928.0,1,2024-07
1129,2024-07-03,16250.0,22250.0,2024-08-21,928.0,1,2024-07
1129,2024-07-03,16250.0,22250.0,2024-08-28,928.0,1,2024-07
1129,2024-07-03,16250.0,22250.0,2024-09-04,928.0,2,2024-07
1129,2024-07-03,16250.0,22250.0,2024-09-11,928.0,2,2024-07
1129,2024-07-03,16250.0,22250.0,2024-09-18,928.0,2,2024-07
1129,2024-07-03,16250.0,22250.0,2024-09-25,928.0,2,2024-07
1129,2024-07-03,16250.0,22250.0,2024-10-02,928.0,3,2024-07
1129,2024-07-03,16250.0,22250.0,2024-10-09,928.0,3,2024-07
1129,2024-07-03,16250.0,22250.0,2024-10-16,928.0,3,2024-07
1129,2024-07-03,16250.0,22250.0,2024-10-23,928.0,3,2024-07
1129,2024-07-03,16250.0,22250.0,2024-10-30,928.0,3,2024-07
1129,2024-07-03,16250.0,22250.0,2024-11-06,928.0,4,2024-07
1129,2024-07-03,16250.0,22250.0,2024-11-13,928.0,4,2024-07
1129,2024-07-03,16250.0,22250.0,2024-11-21,928.0,4,2024-07
1129,2024-07-03,16250.0,22250.0,2024-11-27,928.0,4,2024-07
1129,2024-07-03,16250.0,22250.0,2024-12-04,928.0,5,2024-07
1129,2024-07-03,16250.0,22250.0,2024-12-11,928.0,5,2024-07
1129,2024-07-03,16250.0,22250.0,2024-12-18,928.0,5,2024-07
1129,2024-07-03,16250.0,22250.0,2024-12-26,634.0,5,2024-07
1130,2024-07-04,10680.0,14760.0,2024-07-11,615.0,0,2024-07
1130,2024-07-04,10680.0,14760.0,2024-07-18,615.0,0,2024-07
1130,2024-07-04,10680.0,14760.0,2024-07-25,615.0,0,2024-07
1130,2024-07-04,10680.0,14760.0,2024-08-01,615.0,1,2024-07
1130,2024-07-04,10680.0,14760.0,2024-08-08,615.0,1,2024-07
1130,2024-07-04,10680.0,14760.0,2024-08-15,615.0,1,2024-07
1130,2024-07-04,10680.0,14760.0,2024-08-22,615.0,1,2024-07
1130,2024-07-04,10680.0,14760.0,2024-08-29,615.0,1,2024-07
1130,2024-07-04,10680.0,14760.0,2024-09-05,615.0,2,2024-07
1130,2024-07-04,10680.0,14760.0,2024-09-12,615.0,2,2024-07
1130,2024-07-04,10680.0,14760.0,2024-09-19,615.0,2,2024-07
1130,2024-07-04,10680.0,14760.0,2024-09-26,615.0,2,2024-07
1130,2024-07-04,10680.0,14760.0,2024-10-03,615.0,3,2024-07
1130,2024-07-04,10680.0,14760.0,2024-10-10,615.0,3,2024-07
1130,2024-07-04,10680.0,14760.0,2024-10-17,615.0,3,2024-07
1130,2024-07-04,10680.0,14760.0,2024-10-28,615.0,3,2024-07
1130,2024-07-04,10680.0,14760.0,2024-10-31,615.0,3,2024-07
1130,2024-07-04,10680.0,14760.0,2024-11-07,615.0,4,2024-07
1130,2024-07-04,10680.0,14760.0,2024-11-14,615.0,4,2024-07
1130,2024-07-04,10680.0,14760.0,2024-11-21,615.0,4,2024-07
1130,2024-07-04,10680.0,14760.0,2024-11-28,615.0,4,2024-07
1130,2024-07-04,10680.0,14760.0,2024-12-05,615.0,5,2024-07
1130,2024-07-04,10680.0,14760.0,2024-12-12,615.0,5,2024-07
1130,2024-07-04,10680.0,14760.0,2024-12-19,615.0,5,2024-07
1131,2024-07-04,16500.0,22625.0,2024-07-11,943.0,0,2024-07
1131,2024-07-04,16500.0,22625.0,2024-07-18,943.0,0,2024-07
1131,2024-07-04,16500.0,22625.0,2024-07-25,943.0,0,2024-07
1131,2024-07-04,16500.0,22625.0,2024-08-01,943.0,1,2024-07
1131,2024-07-04,16500.0,22625.0,2024-08-08,943.0,1,2024-07
1131,2024-07-04,16500.0,22625.0,2024-08-15,943.0,1,2024-07
1131,2024-07-04,16500.0,22625.0,2024-08-22,943.0,1,2024-07
1131,2024-07-04,16500.0,22625.0,2024-08-29,943.0,1,2024-07
1131,2024-07-04,16500.0,22625.0,2024-09-05,943.0,2,2024-07
1131,2024-07-04,16500.0,22625.0,2024-09-12,943.0,2,2024-07
1131,2024-07-04,16500.0,22625.0,2024-09-19,943.0,2,2024-07
1131,2024-07-04,16500.0,22625.0,2024-09-26,943.0,2,2024-07
1131,2024-07-04,16500.0,22625.0,2024-10-03,943.0,3,2024-07
1131,2024-07-04,16500.0,22625.0,2024-10-10,943.0,3,2024-07
1131,2024-07-04,16500.0,22625.0,2024-10-17,943.0,3,2024-07
1131,2024-07-04,16500.0,22625.0,2024-10-28,943.0,3,2024-07
1131,2024-07-04,16500.0,22625.0,2024-10-31,943.0,3,2024-07
1131,2024-07-04,16500.0,22625.0,2024-11-07,943.0,4,2024-07
1131,2024-07-04,16500.0,22625.0,2024-11-14,943.0,4,2024-07
1131,2024-07-04,16500.0,22625.0,2024-11-20,943.0,4,2024-07
1131,2024-07-04,16500.0,22625.0,2024-11-30,937.0,4,2024-07
1131,2024-07-04,16500.0,22625.0,2024-12-05,943.0,5,2024-07
1131,2024-07-04,16500.0,22625.0,2024-12-12,943.0,5,2024-07
1131,2024-07-04,16500.0,22625.0,2024-12-19,943.0,5,2024-07
1132,2024-07-04,10680.0,15060.0,2024-07-11,615.0,0,2024-07
1132,2024-07-04,10680.0,15060.0,2024-07-18,615.0,0,2024-07
1132,2024-07-04,10680.0,15060.0,2024-07-25,615.0,0,2024-07
1132,2024-07-04,10680.0,15060.0,2024-08-01,0.0,1,2024-07
1132,2024-07-04,10680.0,15060.0,2024-08-08,0.0,1,2024-07
1132,2024-07-04,10680.0,15060.0,2024-08-15,0.0,1,2024-07
1132,2024-07-04,10680.0,15060.0,2024-08-22,0.0,1,2024-07
1132,2024-07-04,10680.0,15060.0,2024-08-29,0.0,1,2024-07
1132,2024-07-04,10680.0,15060.0,2024-09-05,1000.0,2,2024-07
1132,2024-07-04,10680.0,15060.0,2024-09-12,0.0,2,2024-07
1132,2024-07-04,10680.0,15060.0,2024-09-19,0.0,2,2024-07
1132,2024-07-04,10680.0,15060.0,2024-09-26,1000.0,2,2024-07
1132,2024-07-04,10680.0,15060.0,2024-10-03,0.0,3,2024-07
1132,2024-07-04,10680.0,15060.0,2024-10-10,0.0,3,2024-07
1132,2024-07-04,10680.0,15060.0,2024-10-17,1000.0,3,2024-07
1132,2024-07-04,10680.0,15060.0,2024-10-28,0.0,3,2024-07
1132,2024-07-04,10680.0,15060.0,2024-10-31,0.0,3,2024-07
1132,2024-07-04,10680.0,15060.0,2024-11-07,0.0,4,2024-07
1132,2024-07-04,10680.0,15060.0,2024-11-14,0.0,4,2024-07
1132,2024-07-04,10680.0,15060.0,2024-11-21,0.0,4,2024-07
1132,2024-07-04,10680.0,15060.0,2024-11-28,0.0,4,2024-07
1132,2024-07-04,10680.0,15060.0,2024-12-05,0.0,5,2024-07
1132,2024-07-04,10680.0,15060.0,2024-12-12,2000.0,5,2024-07
1132,2024-07-04,10680.0,15060.0,2024-12-19,0.0,5,2024-07
1132,2024-07-04,10680.0,15060.0,2024-12-26,0.0,5,2024-07
1132,2024-07-04,10680.0,15060.0,2025-01-02,0.0,6,2024-07
1132,2024-07-04,10680.0,15060.0,2025-01-09,0.0,6,2024-07
1132,2024-07-04,10680.0,15060.0,2025-01-16,0.0,6,2024-07
1132,2024-07-04,10680.0,15060.0,2025-01-23,0.0,6,2024-07
1132,2024-07-04,10680.0,15060.0,2025-01-30,0.0,6,2024-07
1132,2024-07-04,10680.0,15060.0,2025-02-06,0.0,7,2024-07
1132,2024-07-04,10680.0,15060.0,2025-02-13,0.0,7,2024-07
1132,2024-07-04,10680.0,15060.0,2025-02-20,0.0,7,2024-07
1132,2024-07-04,10680.0,15060.0,2025-02-20,8215.0,7,2024-07
1133,2024-07-09,14400.0,19770.0,2024-07-16,824.0,0,2024-07
1133,2024-07-09,14400.0,19770.0,2024-07-23,1650.0,0,2024-07
1133,2024-07-09,14400.0,19770.0,2024-07-30,0.0,0,2024-07
1133,2024-07-09,14400.0,19770.0,2024-08-06,1650.0,1,2024-07
1133,2024-07-09,14400.0,19770.0,2024-08-13,0.0,1,2024-07
1133,2024-07-09,14400.0,19770.0,2024-08-20,825.0,1,2024-07
1133,2024-07-09,14400.0,19770.0,2024-08-27,825.0,1,2024-07
1133,2024-07-09,14400.0,19770.0,2024-09-03,825.0,2,2024-07
1133,2024-07-09,14400.0,19770.0,2024-09-10,825.0,2,2024-07
1133,2024-07-09,14400.0,19770.0,2024-09-17,825.0,2,2024-07
1133,2024-07-09,14400.0,19770.0,2024-09-24,825.0,2,2024-07
1133,2024-07-09,14400.0,19770.0,2024-10-01,825.0,3,2024-07
1133,2024-07-09,14400.0,19770.0,2024-10-08,825.0,3,2024-07
1133,2024-07-09,14400.0,19770.0,2024-10-15,825.0,3,2024-07
1133,2024-07-09,14400.0,19770.0,2024-10-22,825.0,3,2024-07
1133,2024-07-09,14400.0,19770.0,2024-10-29,825.0,3,2024-07
1133,2024-07-09,14400.0,19770.0,2024-11-05,825.0,4,2024-07
1133,2024-07-09,14400.0,19770.0,2024-11-12,825.0,4,2024-07
1133,2024-07-09,14400.0,19770.0,2024-11-19,825.0,4,2024-07
1133,2024-07-09,14400.0,19770.0,2024-11-26,825.0,4,2024-07
1133,2024-07-09,14400.0,19770.0,2024-12-03,825.0,5,2024-07
1133,2024-07-09,14400.0,19770.0,2024-12-10,825.0,5,2024-07
1133,2024-07-09,14400.0,19770.0,2024-12-11,825.0,5,2024-07
1133,2024-07-09,14400.0,19770.0,2024-12-24,825.0,5,2024-07
1134,2024-07-09,28800.0,39300.0,2024-07-16,1638.0,0,2024-07
1134,2024-07-09,28800.0,39300.0,2024-07-23,1634.0,0,2024-07
1134,2024-07-09,28800.0,39300.0,2024-07-30,1634.0,0,2024-07
1134,2024-07-09,28800.0,39300.0,2024-08-06,1634.0,1,2024-07
1134,2024-07-09,28800.0,39300.0,2024-08-13,1634.0,1,2024-07
1134,2024-07-09,28800.0,39300.0,2024-08-20,1634.0,1,2024-07
1134,2024-07-09,28800.0,39300.0,2024-08-27,1634.0,1,2024-07
1134,2024-07-09,28800.0,39300.0,2024-09-03,1634.0,2,2024-07
1134,2024-07-09,28800.0,39300.0,2024-09-10,1638.0,2,2024-07
1134,2024-07-09,28800.0,39300.0,2024-09-17,1638.0,2,2024-07
1134,2024-07-09,28800.0,39300.0,2024-09-24,1638.0,2,2024-07
1134,2024-07-09,28800.0,39300.0,2024-10-01,1638.0,3,2024-07
1134,2024-07-09,28800.0,39300.0,2024-10-08,1638.0,3,2024-07
1134,2024-07-09,28800.0,39300.0,2024-10-15,1638.0,3,2024-07
1134,2024-07-09,28800.0,39300.0,2024-10-22,1638.0,3,2024-07
1134,2024-07-09,28800.0,39300.0,2024-10-29,1638.0,3,2024-07
1134,2024-07-09,28800.0,39300.0,2024-11-05,1638.0,4,2024-07
1134,2024-07-09,28800.0,39300.0,2024-11-12,1638.0,4,2024-07
1134,2024-07-09,28800.0,39300.0,2024-11-18,1638.0,4,2024-07
1134,2024-07-09,28800.0,39300.0,2024-11-26,1638.0,4,2024-07
1134,2024-07-09,28800.0,39300.0,2024-12-03,1638.0,5,2024-07
1134,2024-07-09,28800.0,39300.0,2024-12-10,1638.0,5,2024-07
1134,2024-07-09,28800.0,39300.0,2024-12-17,1638.0,5,2024-07
1134,2024-07-09,28800.0,39300.0,2024-12-24,1654.0,5,2024-07
1135,2024-07-09,15540.0,21290.0,2024-07-16,1000.0,0,2024-07
1135,2024-07-09,15540.0,21290.0,2024-07-23,0.0,0,2024-07
1135,2024-07-09,15540.0,21290.0,2024-07-30,1000.0,0,2024-07
1135,2024-07-09,15540.0,21290.0,2024-08-06,1000.0,1,2024-07
1135,2024-07-09,15540.0,21290.0,2024-08-13,1000.0,1,2024-07
1135,2024-07-09,15540.0,21290.0,2024-08-20,1000.0,1,2024-07
1135,2024-07-09,15540.0,21290.0,2024-08-27,1000.0,1,2024-07
1135,2024-07-09,15540.0,21290.0,2024-09-03,1000.0,2,2024-07
1135,2024-07-09,15540.0,21290.0,2024-09-10,890.0,2,2024-07
1135,2024-07-09,15540.0,21290.0,2024-09-17,888.0,2,2024-07
1135,2024-07-09,15540.0,21290.0,2024-09-24,888.0,2,2024-07
1135,2024-07-09,15540.0,21290.0,2024-10-01,888.0,3,2024-07
1135,2024-07-09,15540.0,21290.0,2024-10-08,888.0,3,2024-07
1135,2024-07-09,15540.0,21290.0,2024-10-15,400.0,3,2024-07
1135,2024-07-09,15540.0,21290.0,2024-10-22,888.0,3,2024-07
1135,2024-07-09,15540.0,21290.0,2024-10-29,888.0,3,2024-07
1135,2024-07-09,15540.0,21290.0,2024-11-05,888.0,4,2024-07
1135,2024-07-09,15540.0,21290.0,2024-11-12,888.0,4,2024-07
1135,2024-07-09,15540.0,21290.0,2024-11-19,888.0,4,2024-07
1135,2024-07-09,15540.0,21290.0,2024-11-26,888.0,4,2024-07
1135,2024-07-09,15540.0,21290.0,2024-12-03,888.0,5,2024-07
1135,2024-07-09,15540.0,21290.0,2024-12-10,888.0,5,2024-07
1135,2024-07-09,15540.0,21290.0,2024-12-17,888.0,5,2024-07
1135,2024-07-09,15540.0,21290.0,2024-12-24,888.0,5,2024-07
1135,2024-07-09,15540.0,21290.0,2024-12-31,500.0,5,2024-07
1135,2024-07-09,15540.0,21290.0,2025-01-07,68.0,6,2024-07
1136,2024-07-09,17480.0,23980.0,2024-07-16,3000.0,0,2024-07
1136,2024-07-09,17480.0,23980.0,2024-07-23,0.0,0,2024-07
1136,2024-07-09,17480.0,23980.0,2024-07-30,0.0,0,2024-07
1136,2024-07-09,17480.0,23980.0,2024-08-06,500.0,1,2024-07
1136,2024-07-09,17480.0,23980.0,2024-08-13,2500.0,1,2024-07
1136,2024-07-09,17480.0,23980.0,2024-08-20,0.0,1,2024-07
1136,2024-07-09,17480.0,23980.0,2024-08-27,1000.0,1,2024-07
1136,2024-07-09,17480.0,23980.0,2024-09-03,490.0,2,2024-07
1136,2024-07-09,17480.0,23980.0,2024-09-10,3500.0,2,2024-07
1136,2024-07-09,17480.0,23980.0,2024-09-17,0.0,2,2024-07
1136,2024-07-09,17480.0,23980.0,2024-09-24,0.0,2,2024-07
1136,2024-07-09,17480.0,23980.0,2024-10-01,1000.0,3,2024-07
1136,2024-07-09,17480.0,23980.0,2024-10-08,1000.0,3,2024-07
1136,2024-07-09,17480.0,23980.0,2024-10-15,1000.0,3,2024-07
1136,2024-07-09,17480.0,23980.0,2024-10-22,1000.0,3,2024-07
1136,2024-07-09,17480.0,23980.0,2024-10-29,1000.0,3,2024-07
1136,2024-07-09,17480.0,23980.0,2024-11-07,1000.0,4,2024-07
1136,2024-07-09,17480.0,23980.0,2024-11-12,500.0,4,2024-07
1136,2024-07-09,17480.0,23980.0,2024-11-18,1500.0,4,2024-07
1136,2024-07-09,17480.0,23980.0,2024-11-26,1000.0,4,2024-07
1136,2024-07-09,17480.0,23980.0,2024-12-03,1000.0,5,2024-07
1136,2024-07-09,17480.0,23980.0,2024-12-10,1000.0,5,2024-07
1136,2024-07-09,17480.0,23980.0,2024-12-17,1000.0,5,2024-07
1136,2024-07-09,17480.0,23980.0,2024-12-24,500.0,5,2024-07
1136,2024-07-09,17480.0,23980.0,2024-12-26,490.0,5,2024-07
1138,2024-07-09,7095.0,9903.0,2024-07-16,612.0,0,2024-07
1138,2024-07-09,7095.0,9903.0,2024-07-23,413.0,0,2024-07
1138,2024-07-09,7095.0,9903.0,2024-07-30,413.0,0,2024-07
1138,2024-07-09,7095.0,9903.0,2024-08-06,413.0,1,2024-07
1138,2024-07-09,7095.0,9903.0,2024-08-13,413.0,1,2024-07
1138,2024-07-09,7095.0,9903.0,2024-08-20,413.0,1,2024-07
1138,2024-07-09,7095.0,9903.0,2024-08-27,413.0,1,2024-07
1138,2024-07-09,7095.0,9903.0,2024-09-03,500.0,2,2024-07
1138,2024-07-09,7095.0,9903.0,2024-09-10,500.0,2,2024-07
1138,2024-07-09,7095.0,9903.0,2024-09-17,413.0,2,2024-07
1138,2024-07-09,7095.0,9903.0,2024-09-24,413.0,2,2024-07
1138,2024-07-09,7095.0,9903.0,2024-10-01,413.0,3,2024-07
1138,2024-07-09,7095.0,9903.0,2024-10-08,413.0,3,2024-07
1138,2024-07-09,7095.0,9903.0,2024-10-15,413.0,3,2024-07
1138,2024-07-09,7095.0,9903.0,2024-10-22,413.0,3,2024-07
1138,2024-07-09,7095.0,9903.0,2024-10-29,413.0,3,2024-07
1138,2024-07-09,7095.0,9903.0,2024-11-05,413.0,4,2024-07
1138,2024-07-09,7095.0,9903.0,2024-11-12,413.0,4,2024-07
1138,2024-07-09,7095.0,9903.0,2024-11-19,0.0,4,2024-07
1138,2024-07-09,7095.0,9903.0,2024-11-27,413.0,4,2024-07
1138,2024-07-09,7095.0,9903.0,2024-12-03,413.0,5,2024-07
1138,2024-07-09,7095.0,9903.0,2024-12-10,413.0,5,2024-07
1138,2024-07-09,7095.0,9903.0,2024-12-17,413.0,5,2024-07
1138,2024-07-09,7095.0,9903.0,2024-12-24,444.0,5,2024-07
1139,2024-07-09,10120.0,13970.0,2024-07-16,2332.0,0,2024-07
1139,2024-07-09,10120.0,13970.0,2024-07-23,0.0,0,2024-07
1139,2024-07-09,10120.0,13970.0,2024-07-30,0.0,0,2024-07
1139,2024-07-09,10120.0,13970.0,2024-08-06,0.0,1,2024-07
1139,2024-07-09,10120.0,13970.0,2024-08-13,2332.0,1,2024-07
1139,2024-07-09,10120.0,13970.0,2024-08-20,0.0,1,2024-07
1139,2024-07-09,10120.0,13970.0,2024-08-27,0.0,1,2024-07
1139,2024-07-09,10120.0,13970.0,2024-09-03,0.0,2,2024-07
1139,2024-07-09,10120.0,13970.0,2024-09-10,2332.0,2,2024-07
1139,2024-07-09,10120.0,13970.0,2024-09-17,0.0,2,2024-07
1139,2024-07-09,10120.0,13970.0,2024-09-24,0.0,2,2024-07
1139,2024-07-09,10120.0,13970.0,2024-10-01,0.0,3,2024-07
1139,2024-07-09,10120.0,13970.0,2024-10-08,2328.0,3,2024-07
1139,2024-07-09,10120.0,13970.0,2024-10-15,0.0,3,2024-07
1139,2024-07-09,10120.0,13970.0,2024-10-22,0.0,3,2024-07
1139,2024-07-09,10120.0,13970.0,2024-10-29,0.0,3,2024-07
1139,2024-07-09,10120.0,13970.0,2024-11-02,582.0,4,2024-07
1139,2024-07-09,10120.0,13970.0,2024-11-09,2328.0,4,2024-07
1139,2024-07-09,10120.0,13970.0,2024-11-09,0.0,4,2024-07
1139,2024-07-09,10120.0,13970.0,2024-12-10,1736.0,5,2024-07
1139,2024-07-09,10120.0,13970.0,2024-12-10,0.0,5,2024-07
1140,2024-07-09,10880.0,15040.0,2024-07-16,627.0,0,2024-07
1140,2024-07-09,10880.0,15040.0,2024-07-23,0.0,0,2024-07
1140,2024-07-09,10880.0,15040.0,2024-07-30,1254.0,0,2024-07
1140,2024-07-09,10880.0,15040.0,2024-08-06,627.0,1,2024-07
1140,2024-07-09,10880.0,15040.0,2024-08-13,627.0,1,2024-07
1140,2024-07-09,10880.0,15040.0,2024-08-20,627.0,1,2024-07
1140,2024-07-09,10880.0,15040.0,2024-08-27,630.0,1,2024-07
1140,2024-07-09,10880.0,15040.0,2024-09-03,627.0,2,2024-07
1140,2024-07-09,10880.0,15040.0,2024-09-10,627.0,2,2024-07
1140,2024-07-09,10880.0,15040.0,2024-09-17,630.0,2,2024-07
1140,2024-07-09,10880.0,15040.0,2024-09-24,0.0,2,2024-07
1140,2024-07-09,10880.0,15040.0,2024-10-01,1260.0,3,2024-07
1140,2024-07-09,10880.0,15040.0,2024-10-08,630.0,3,2024-07
1140,2024-07-09,10880.0,15040.0,2024-10-15,627.0,3,2024-07
1140,2024-07-09,10880.0,15040.0,2024-10-22,0.0,3,2024-07
1140,2024-07-09,10880.0,15040.0,2024-11-02,1255.0,4,2024-07
1140,2024-07-09,10880.0,15040.0,2024-11-06,627.0,4,2024-07
1140,2024-07-09,10880.0,15040.0,2024-11-12,0.0,4,2024-07
1140,2024-07-09,10880.0,15040.0,2024-11-19,0.0,4,2024-07
1140,2024-07-09,10880.0,15040.0,2024-11-26,0.0,4,2024-07
1140,2024-07-09,10880.0,15040.0,2024-12-04,2485.0,5,2024-07
1140,2024-07-09,10880.0,15040.0,2024-12-10,0.0,5,2024-07
1140,2024-07-09,10880.0,15040.0,2024-12-17,0.0,5,2024-07
1140,2024-07-09,10880.0,15040.0,2024-12-28,1880.0,5,2024-07
1140,2024-07-09,10880.0,15040.0,2024-12-28,0.0,5,2024-07
1141,2024-07-14,17150.0,23495.0,2024-07-21,0.0,0,2024-07
1141,2024-07-14,17150.0,23495.0,2024-07-28,1958.0,0,2024-07
1141,2024-07-14,17150.0,23495.0,2024-08-04,979.0,1,2024-07
1141,2024-07-14,17150.0,23495.0,2024-08-11,979.0,1,2024-07
1141,2024-07-14,17150.0,23495.0,2024-08-18,979.0,1,2024-07
1141,2024-07-14,17150.0,23495.0,2024-08-25,979.0,1,2024-07
1141,2024-07-14,17150.0,23495.0,2024-09-01,979.0,2,2024-07
1141,2024-07-14,17150.0,23495.0,2024-09-08,979.0,2,2024-07
1141,2024-07-14,17150.0,23495.0,2024-09-15,979.0,2,2024-07
1141,2024-07-14,17150.0,23495.0,2024-09-22,979.0,2,2024-07
1141,2024-07-14,17150.0,23495.0,2024-09-29,979.0,2,2024-07
1141,2024-07-14,17150.0,23495.0,2024-10-06,979.0,3,2024-07
1141,2024-07-14,17150.0,23495.0,2024-10-13,979.0,3,2024-07
1141,2024-07-14,17150.0,23495.0,2024-10-20,979.0,3,2024-07
1141,2024-07-14,17150.0,23495.0,2024-10-28,979.0,3,2024-07
1141,2024-07-14,17150.0,23495.0,2024-11-03,979.0,4,2024-07
1141,2024-07-14,17150.0,23495.0,2024-11-10,979.0,4,2024-07
1141,2024-07-14,17150.0,23495.0,2024-11-17,979.0,4,2024-07
1141,2024-07-14,17150.0,23495.0,2024-11-24,979.0,4,2024-07
1141,2024-07-14,17150.0,23495.0,2024-12-01,979.0,5,2024-07
1141,2024-07-14,17150.0,23495.0,2024-12-08,979.0,5,2024-07
1141,2024-07-14,17150.0,23495.0,2024-12-15,979.0,5,2024-07
1141,2024-07-14,17150.0,23495.0,2024-12-22,979.0,5,2024-07
1141,2024-07-14,17150.0,23495.0,2024-12-29,979.0,5,2024-07
1142,2024-07-14,16250.0,22250.0,2024-07-21,0.0,0,2024-07
1142,2024-07-14,16250.0,22250.0,2024-07-28,1855.0,0,2024-07
1142,2024-07-14,16250.0,22250.0,2024-08-04,4635.0,1,2024-07
1142,2024-07-14,16250.0,22250.0,2024-08-11,0.0,1,2024-07
1142,2024-07-14,16250.0,22250.0,2024-08-18,0.0,1,2024-07
1142,2024-07-14,16250.0,22250.0,2024-08-25,0.0,1,2024-07
1142,2024-07-14,16250.0,22250.0,2024-09-01,0.0,2,2024-07
1142,2024-07-14,16250.0,22250.0,2024-09-08,3708.0,2,2024-07
1142,2024-07-14,16250.0,22250.0,2024-09-15,0.0,2,2024-07
1142,2024-07-14,16250.0,22250.0,2024-09-22,0.0,2,2024-07
1142,2024-07-14,16250.0,22250.0,2024-09-29,0.0,2,2024-07
1142,2024-07-14,16250.0,22250.0,2024-10-06,3709.0,3,2024-07
1142,2024-07-14,16250.0,22250.0,2024-10-13,0.0,3,2024-07
1142,2024-07-14,16250.0,22250.0,2024-10-20,0.0,3,2024-07
1142,2024-07-14,16250.0,22250.0,2024-10-27,0.0,3,2024-07
1142,2024-07-14,16250.0,22250.0,2024-11-03,927.0,4,2024-07
1142,2024-07-14,16250.0,22250.0,2024-11-10,927.0,4,2024-07
1142,2024-07-14,16250.0,22250.0,2024-11-17,0.0,4,2024-07
1142,2024-07-14,16250.0,22250.0,2024-11-24,0.0,4,2024-07
1142,2024-07-14,16250.0,22250.0,2024-12-01,0.0,5,2024-07
1142,2024-07-14,16250.0,22250.0,2024-12-05,6489.0,5,2024-07
1142,2024-07-14,16250.0,22250.0,2024-12-05,0.0,5,2024-07
1143,2024-07-14,17220.0,23642.0,2024-07-21,1972.0,0,2024-07
1143,2024-07-14,17220.0,23642.0,2024-07-28,0.0,0,2024-07
1143,2024-07-14,17220.0,23642.0,2024-08-04,5000.0,1,2024-07
1143,2024-07-14,17220.0,23642.0,2024-08-11,0.0,1,2024-07
1143,2024-07-14,17220.0,23642.0,2024-08-18,0.0,1,2024-07
1143,2024-07-14,17220.0,23642.0,2024-08-25,0.0,1,2024-07
1143,2024-07-14,17220.0,23642.0,2024-09-01,0.0,2,2024-07
1143,2024-07-14,17220.0,23642.0,2024-09-08,1970.0,2,2024-07
1143,2024-07-14,17220.0,23642.0,2024-09-15,0.0,2,2024-07
1143,2024-07-14,17220.0,23642.0,2024-09-22,3000.0,2,2024-07
1143,2024-07-14,17220.0,23642.0,2024-09-29,0.0,2,2024-07
1143,2024-07-14,17220.0,23642.0,2024-10-06,0.0,3,2024-07
1143,2024-07-14,17220.0,23642.0,2024-10-13,2000.0,3,2024-07
1143,2024-07-14,17220.0,23642.0,2024-10-20,0.0,3,2024-07
1143,2024-07-14,17220.0,23642.0,2024-10-28,1000.0,3,2024-07
1143,2024-07-14,17220.0,23642.0,2024-11-03,2000.0,4,2024-07
1143,2024-07-14,17220.0,23642.0,2024-11-03,0.0,4,2024-07
1143,2024-07-14,17220.0,23642.0,2024-11-17,1000.0,4,2024-07
1143,2024-07-14,17220.0,23642.0,2024-11-24,2000.0,4,2024-07
1143,2024-07-14,17220.0,23642.0,2024-11-24,0.0,4,2024-07
1143,2024-07-14,17220.0,23642.0,2024-12-08,2000.0,5,2024-07
1143,2024-07-14,17220.0,23642.0,2024-12-08,0.0,5,2024-07
1143,2024-07-14,17220.0,23642.0,2024-12-22,0.0,5,2024-07
1143,2024-07-14,17220.0,23642.0,2024-12-22,1700.0,5,2024-07
1148,2024-07-15,14280.0,19635.0,2024-07-22,820.0,0,2024-07
1148,2024-07-15,14280.0,19635.0,2024-07-29,820.0,0,2024-07
1148,2024-07-15,14280.0,19635.0,2024-08-05,820.0,1,2024-07
1148,2024-07-15,14280.0,19635.0,2024-08-12,820.0,1,2024-07
1148,2024-07-15,14280.0,19635.0,2024-08-19,820.0,1,2024-07
1148,2024-07-15,14280.0,19635.0,2024-08-26,820.0,1,2024-07
1148,2024-07-15,14280.0,19635.0,2024-09-02,820.0,2,2024-07
1148,2024-07-15,14280.0,19635.0,2024-09-09,820.0,2,2024-07
1148,2024-07-15,14280.0,19635.0,2024-09-16,820.0,2,2024-07
1148,2024-07-15,14280.0,19635.0,2024-09-23,820.0,2,2024-07
1148,2024-07-15,14280.0,19635.0,2024-09-30,816.0,2,2024-07
1148,2024-07-15,14280.0,19635.0,2024-10-07,820.0,3,2024-07
1148,2024-07-15,14280.0,19635.0,2024-10-14,820.0,3,2024-07
1148,2024-07-15,14280.0,19635.0,2024-10-21,820.0,3,2024-07
1148,2024-07-15,14280.0,19635.0,2024-10-28,830.0,3,2024-07
1148,2024-07-15,14280.0,19635.0,2024-11-04,800.0,4,2024-07
1148,2024-07-15,14280.0,19635.0,2024-11-11,802.0,4,2024-07
1148,2024-07-15,14280.0,19635.0,2024-11-18,820.0,4,2024-07
1148,2024-07-15,14280.0,19635.0,2024-11-25,816.0,4,2024-07
1148,2024-07-15,14280.0,19635.0,2024-12-02,818.0,5,2024-07
1148,2024-07-15,14280.0,19635.0,2024-12-09,818.0,5,2024-07
1148,2024-07-15,14280.0,19635.0,2024-12-17,818.0,5,2024-07
1148,2024-07-15,14280.0,19635.0,2024-12-26,820.0,5,2024-07
1148,2024-07-15,14280.0,19635.0,2024-12-30,0.0,5,2024-07
1148,2024-07-15,14280.0,19635.0,2025-01-05,816.0,6,2024-07
1151,2024-07-15,16500.0,28650.0,2024-07-22,0.0,0,2024-07
1151,2024-07-15,16500.0,28650.0,2024-07-29,1896.0,0,2024-07
1151,2024-07-15,16500.0,28650.0,2024-08-05,0.0,1,2024-07
1151,2024-07-15,16500.0,28650.0,2024-08-12,1500.0,1,2024-07
1151,2024-07-15,16500.0,28650.0,2024-08-19,1344.0,1,2024-07
1151,2024-07-15,16500.0,28650.0,2024-08-26,948.0,1,2024-07
1151,2024-07-15,16500.0,28650.0,2024-09-02,1000.0,2,2024-07
1151,2024-07-15,16500.0,28650.0,2024-09-09,474.0,2,2024-07
1151,2024-07-15,16500.0,28650.0,2024-09-16,1400.0,2,2024-07
1151,2024-07-15,16500.0,28650.0,2024-09-23,0.0,2,2024-07
1151,2024-07-15,16500.0,28650.0,2024-09-30,0.0,2,2024-07
1151,2024-07-15,16500.0,28650.0,2024-10-07,0.0,3,2024-07
1151,2024-07-15,16500.0,28650.0,2024-10-14,0.0,3,2024-07
1151,2024-07-15,16500.0,28650.0,2024-10-21,0.0,3,2024-07
1151,2024-07-15,16500.0,28650.0,2024-10-28,0.0,3,2024-07
1151,2024-07-15,16500.0,28650.0,2024-11-04,0.0,4,2024-07
1151,2024-07-15,16500.0,28650.0,2024-11-11,0.0,4,2024-07
1151,2024-07-15,16500.0,28650.0,2024-11-18,0.0,4,2024-07
1151,2024-07-15,16500.0,28650.0,2024-11-25,0.0,4,2024-07
1151,2024-07-15,16500.0,28650.0,2024-12-02,0.0,5,2024-07
1151,2024-07-15,16500.0,28650.0,2024-12-09,0.0,5,2024-07
1151,2024-07-15,16500.0,28650.0,2024-12-17,0.0,5,2024-07
1151,2024-07-15,16500.0,28650.0,2024-12-23,0.0,5,2024-07
1151,2024-07-15,16500.0,28650.0,2024-12-30,0.0,5,2024-07
1151,2024-07-15,16500.0,28650.0,2025-01-06,0.0,6,2024-07
1151,2024-07-15,16500.0,28650.0,2025-01-14,0.0,6,2024-07
1151,2024-07-15,16500.0,28650.0,2025-01-20,0.0,6,2024-07
1151,2024-07-15,16500.0,28650.0,2025-01-27,0.0,6,2024-07
1151,2024-07-15,16500.0,28650.0,2025-02-03,0.0,7,2024-07
1151,2024-07-15,16500.0,28650.0,2025-02-10,0.0,7,2024-07
1151,2024-07-15,16500.0,28650.0,2025-02-17,0.0,7,2024-07
1151,2024-07-15,16500.0,28650.0,2025-02-24,0.0,7,2024-07
1151,2024-07-15,16500.0,28650.0,2025-03-03,0.0,8,2024-07
1151,2024-07-15,16500.0,28650.0,2025-03-10,0.0,8,2024-07
1151,2024-07-15,16500.0,28650.0,2025-03-17,0.0,8,2024-07
1151,2024-07-15,16500.0,28650.0,2025-03-24,0.0,8,2024-07
1151,2024-07-15,16500.0,28650.0,2025-04-06,0.0,9,2024-07
1151,2024-07-15,16500.0,28650.0,2025-04-07,0.0,9,2024-07
1151,2024-07-15,16500.0,28650.0,2025-05-14,0.0,10,2024-07
1151,2024-07-15,16500.0,28650.0,2025-05-19,0.0,10,2024-07
1151,2024-07-15,16500.0,28650.0,2025-05-26,0.0,10,2024-07
1151,2024-07-15,16500.0,28650.0,2025-06-02,0.0,11,2024-07
1151,2024-07-15,16500.0,28650.0,2025-06-09,0.0,11,2024-07
1151,2024-07-15,16500.0,28650.0,2025-06-16,0.0,11,2024-07
1151,2024-07-15,16500.0,28650.0,2025-06-23,0.0,11,2024-07
1151,2024-07-15,16500.0,28650.0,2025-06-30,0.0,11,2024-07
1151,2024-07-15,16500.0,28650.0,2025-07-07,0.0,12,2024-07
1151,2024-07-15,16500.0,28650.0,2025-07-14,0.0,12,2024-07
1151,2024-07-15,16500.0,28650.0,2025-07-21,0.0,12,2024-07
1151,2024-07-15,16500.0,28650.0,2025-07-28,0.0,12,2024-07
1151,2024-07-15,16500.0,28650.0,2025-08-04,0.0,13,2024-07
1151,2024-07-15,16500.0,28650.0,2025-08-11,0.0,13,2024-07
1151,2024-07-15,16500.0,28650.0,2025-08-18,0.0,13,2024-07
1151,2024-07-15,16500.0,28650.0,2025-08-25,0.0,13,2024-07
1151,2024-07-15,16500.0,28650.0,2025-09-01,0.0,14,2024-07
1151,2024-07-15,16500.0,28650.0,2025-09-08,0.0,14,2024-07
1151,2024-07-15,16500.0,28650.0,2025-09-15,0.0,14,2024-07
1151,2024-07-15,16500.0,28650.0,2025-09-22,0.0,14,2024-07
1151,2024-07-15,16500.0,28650.0,2025-09-29,0.0,14,2024-07
1151,2024-07-15,16500.0,28650.0,2025-10-07,0.0,15,2024-07
1151,2024-07-15,16500.0,28650.0,2025-10-14,0.0,15,2024-07
1151,2024-07-15,16500.0,28650.0,2025-10-21,0.0,15,2024-07
1151,2024-07-15,16500.0,28650.0,2025-10-28,0.0,15,2024-07
1151,2024-07-15,16500.0,28650.0,2025-11-04,0.0,16,2024-07
1151,2024-07-15,16500.0,28650.0,2025-11-11,0.0,16,2024-07
1151,2024-07-15,16500.0,28650.0,2025-11-18,0.0,16,2024-07
1151,2024-07-15,16500.0,28650.0,2025-11-25,0.0,16,2024-07
1151,2024-07-15,16500.0,28650.0,2025-12-07,0.0,17,2024-07
1151,2024-07-15,16500.0,28650.0,2025-12-14,0.0,17,2024-07
1151,2024-07-15,16500.0,28650.0,2025-12-21,0.0,17,2024-07
1151,2024-07-15,16500.0,28650.0,2025-12-28,0.0,17,2024-07
1151,2024-07-15,16500.0,28650.0,2026-01-04,0.0,18,2024-07
1151,2024-07-15,16500.0,28650.0,2026-01-11,0.0,18,2024-07
1151,2024-07-15,16500.0,28650.0,2026-01-18,0.0,18,2024-07
1151,2024-07-15,16500.0,28650.0,2026-01-25,0.0,18,2024-07
1151,2024-07-15,16500.0,28650.0,2026-02-01,0.0,19,2024-07
1151,2024-07-15,16500.0,28650.0,2026-02-08,0.0,19,2024-07
1151,2024-07-15,16500.0,28650.0,2026-02-15,0.0,19,2024-07
1151,2024-07-15,16500.0,28650.0,2026-02-22,0.0,19,2024-07
1151,2024-07-15,16500.0,28650.0,2026-03-01,0.0,20,2024-07
1151,2024-07-15,16500.0,28650.0,2026-03-08,0.0,20,2024-07
1151,2024-07-15,16500.0,28650.0,2026-03-15,0.0,20,2024-07
1151,2024-07-15,16500.0,28650.0,2026-03-22,0.0,20,2024-07
1152,2024-07-16,16500.0,22750.0,2024-07-23,0.0,0,2024-07
1152,2024-07-16,16500.0,22750.0,2024-07-30,1600.0,0,2024-07
1152,2024-07-16,16500.0,22750.0,2024-08-06,1244.0,1,2024-07
1152,2024-07-16,16500.0,22750.0,2024-08-13,948.0,1,2024-07
1152,2024-07-16,16500.0,22750.0,2024-08-20,948.0,1,2024-07
1152,2024-07-16,16500.0,22750.0,2024-08-27,948.0,1,2024-07
1152,2024-07-16,16500.0,22750.0,2024-09-03,948.0,2,2024-07
1152,2024-07-16,16500.0,22750.0,2024-09-10,948.0,2,2024-07
1152,2024-07-16,16500.0,22750.0,2024-09-17,948.0,2,2024-07
1152,2024-07-16,16500.0,22750.0,2024-09-24,948.0,2,2024-07
1152,2024-07-16,16500.0,22750.0,2024-10-01,948.0,3,2024-07
1152,2024-07-16,16500.0,22750.0,2024-10-08,948.0,3,2024-07
1152,2024-07-16,16500.0,22750.0,2024-10-15,948.0,3,2024-07
1152,2024-07-16,16500.0,22750.0,2024-10-22,948.0,3,2024-07
1152,2024-07-16,16500.0,22750.0,2024-10-29,948.0,3,2024-07
1152,2024-07-16,16500.0,22750.0,2024-11-05,850.0,4,2024-07
1152,2024-07-16,16500.0,22750.0,2024-11-12,945.0,4,2024-07
1152,2024-07-16,16500.0,22750.0,2024-11-19,947.0,4,2024-07
1152,2024-07-16,16500.0,22750.0,2024-11-26,948.0,4,2024-07
1152,2024-07-16,16500.0,22750.0,2024-12-03,948.0,5,2024-07
1152,2024-07-16,16500.0,22750.0,2024-12-10,948.0,5,2024-07
1152,2024-07-16,16500.0,22750.0,2024-12-17,948.0,5,2024-07
1152,2024-07-16,16500.0,22750.0,2024-12-24,500.0,5,2024-07
1152,2024-07-16,16500.0,22750.0,2024-12-31,500.0,5,2024-07
1152,2024-07-16,16500.0,22750.0,2025-01-07,500.0,6,2024-07
1152,2024-07-16,16500.0,22750.0,2025-01-14,496.0,6,2024-07
1153,2024-07-28,10810.0,14950.0,2024-08-04,623.0,1,2024-07
1153,2024-07-28,10810.0,14950.0,2024-08-11,623.0,1,2024-07
1153,2024-07-28,10810.0,14950.0,2024-08-18,623.0,1,2024-07
1153,2024-07-28,10810.0,14950.0,2024-08-25,623.0,1,2024-07
1153,2024-07-28,10810.0,14950.0,2024-09-01,623.0,2,2024-07
1153,2024-07-28,10810.0,14950.0,2024-09-08,623.0,2,2024-07
1153,2024-07-28,10810.0,14950.0,2024-09-15,623.0,2,2024-07
1153,2024-07-28,10810.0,14950.0,2024-09-22,623.0,2,2024-07
1153,2024-07-28,10810.0,14950.0,2024-09-29,623.0,2,2024-07
1153,2024-07-28,10810.0,14950.0,2024-10-06,623.0,3,2024-07
1153,2024-07-28,10810.0,14950.0,2024-10-13,623.0,3,2024-07
1153,2024-07-28,10810.0,14950.0,2024-10-20,623.0,3,2024-07
1153,2024-07-28,10810.0,14950.0,2024-10-28,623.0,3,2024-07
1153,2024-07-28,10810.0,14950.0,2024-11-03,623.0,4,2024-07
1153,2024-07-28,10810.0,14950.0,2024-11-10,623.0,4,2024-07
1153,2024-07-28,10810.0,14950.0,2024-11-18,623.0,4,2024-07
1153,2024-07-28,10810.0,14950.0,2024-11-27,623.0,4,2024-07
1153,2024-07-28,10810.0,14950.0,2024-12-04,623.0,5,2024-07
1153,2024-07-28,10810.0,14950.0,2024-12-09,623.0,5,2024-07
1153,2024-07-28,10810.0,14950.0,2024-12-19,623.0,5,2024-07
1153,2024-07-28,10810.0,14950.0,2024-12-23,623.0,5,2024-07
1153,2024-07-28,10810.0,14950.0,2024-12-29,0.0,5,2024-07
1153,2024-07-28,10810.0,14950.0,2025-01-05,1246.0,6,2024-07
1153,2024-07-28,10810.0,14950.0,2025-01-12,0.0,6,2024-07
1153,2024-07-28,10810.0,14950.0,2025-01-16,623.0,6,2024-07
1154,2024-07-28,10990.0,16055.0,2024-08-04,1264.0,1,2024-07
1154,2024-07-28,10990.0,16055.0,2024-08-11,0.0,1,2024-07
1154,2024-07-28,10990.0,16055.0,2024-08-18,631.0,1,2024-07
1154,2024-07-28,10990.0,16055.0,2024-08-25,631.0,1,2024-07
1154,2024-07-28,10990.0,16055.0,2024-09-01,0.0,2,2024-07
1154,2024-07-28,10990.0,16055.0,2024-09-08,1264.0,2,2024-07
1154,2024-07-28,10990.0,16055.0,2024-09-15,0.0,2,2024-07
1154,2024-07-28,10990.0,16055.0,2024-09-22,0.0,2,2024-07
1154,2024-07-28,10990.0,16055.0,2024-09-29,0.0,2,2024-07
1154,2024-07-28,10990.0,16055.0,2024-10-06,1264.0,3,2024-07
1154,2024-07-28,10990.0,16055.0,2024-10-13,0.0,3,2024-07
1154,2024-07-28,10990.0,16055.0,2024-10-20,0.0,3,2024-07
1154,2024-07-28,10990.0,16055.0,2024-10-28,0.0,3,2024-07
1154,2024-07-28,10990.0,16055.0,2024-11-03,0.0,4,2024-07
1154,2024-07-28,10990.0,16055.0,2024-11-10,0.0,4,2024-07
1154,2024-07-28,10990.0,16055.0,2024-11-17,0.0,4,2024-07
1154,2024-07-28,10990.0,16055.0,2024-11-24,0.0,4,2024-07
1154,2024-07-28,10990.0,16055.0,2024-12-01,0.0,5,2024-07
1154,2024-07-28,10990.0,16055.0,2024-12-08,0.0,5,2024-07
1154,2024-07-28,10990.0,16055.0,2024-12-14,1896.0,5,2024-07
1154,2024-07-28,10990.0,16055.0,2024-12-22,0.0,5,2024-07
1154,2024-07-28,10990.0,16055.0,2024-12-29,0.0,5,2024-07
1154,2024-07-28,10990.0,16055.0,2025-01-05,0.0,6,2024-07
1154,2024-07-28,10990.0,16055.0,2025-01-12,0.0,6,2024-07
1154,2024-07-28,10990.0,16055.0,2025-01-19,0.0,6,2024-07
1154,2024-07-28,10990.0,16055.0,2025-01-26,0.0,6,2024-07
1154,2024-07-28,10990.0,16055.0,2025-02-02,0.0,7,2024-07
1154,2024-07-28,10990.0,16055.0,2025-02-09,0.0,7,2024-07
1154,2024-07-28,10990.0,16055.0,2025-02-19,1264.0,7,2024-07
1154,2024-07-28,10990.0,16055.0,2025-02-23,3571.0,7,2024-07
1154,2024-07-28,10990.0,16055.0,2025-03-02,0.0,8,2024-07
1154,2024-07-28,10990.0,16055.0,2025-03-09,0.0,8,2024-07
1154,2024-07-28,10990.0,16055.0,2025-03-16,0.0,8,2024-07
1154,2024-07-28,10990.0,16055.0,2025-03-27,0.0,8,2024-07
1154,2024-07-28,10990.0,16055.0,2025-04-05,2474.0,9,2024-07
1154,2024-07-28,10990.0,16055.0,2025-04-05,0.0,9,2024-07
1154,2024-07-28,10990.0,16055.0,2025-04-08,1500.0,9,2024-07
1155,2024-08-11,10810.0,14950.0,2024-08-18,2492.0,0,2024-08
1155,2024-08-11,10810.0,14950.0,2024-08-25,0.0,0,2024-08
1155,2024-08-11,10810.0,14950.0,2024-09-01,0.0,1,2024-08
1155,2024-08-11,10810.0,14950.0,2024-09-08,0.0,1,2024-08
1155,2024-08-11,10810.0,14950.0,2024-09-15,623.0,1,2024-08
1155,2024-08-11,10810.0,14950.0,2024-09-22,624.0,1,2024-08
1155,2024-08-11,10810.0,14950.0,2024-09-29,623.0,1,2024-08
1155,2024-08-11,10810.0,14950.0,2024-10-06,623.0,2,2024-08
1155,2024-08-11,10810.0,14950.0,2024-10-13,623.0,2,2024-08
1155,2024-08-11,10810.0,14950.0,2024-10-20,1869.0,2,2024-08
1155,2024-08-11,10810.0,14950.0,2024-10-27,0.0,2,2024-08
1155,2024-08-11,10810.0,14950.0,2024-11-03,0.0,3,2024-08
1155,2024-08-11,10810.0,14950.0,2024-11-10,1869.0,3,2024-08
1155,2024-08-11,10810.0,14950.0,2024-11-10,0.0,3,2024-08
1155,2024-08-11,10810.0,14950.0,2024-12-01,1242.0,4,2024-08
1155,2024-08-11,10810.0,14950.0,2024-12-01,0.0,4,2024-08
1155,2024-08-11,10810.0,14950.0,2024-12-08,1242.0,4,2024-08
1155,2024-08-11,10810.0,14950.0,2024-12-08,0.0,4,2024-08
1155,2024-08-11,10810.0,14950.0,2024-12-28,1242.0,4,2024-08
1155,2024-08-11,10810.0,14950.0,2024-12-29,0.0,4,2024-08
1155,2024-08-11,10810.0,14950.0,2025-01-12,1242.0,5,2024-08
1155,2024-08-11,10810.0,14950.0,2025-01-19,0.0,5,2024-08
1155,2024-08-11,10810.0,14950.0,2025-01-26,0.0,5,2024-08
1155,2024-08-11,10810.0,14950.0,2025-01-27,621.0,5,2024-08
1155,2024-08-11,10810.0,14950.0,2025-02-02,16.0,6,2024-08
1156,2024-08-12,5760.0,8100.0,2024-08-19,400.0,0,2024-08
1156,2024-08-12,5760.0,8100.0,2024-08-26,300.0,0,2024-08
1156,2024-08-12,5760.0,8100.0,2024-09-02,330.0,1,2024-08
1156,2024-08-12,5760.0,8100.0,2024-09-09,350.0,1,2024-08
1156,2024-08-12,5760.0,8100.0,2024-09-16,340.0,1,2024-08
1156,2024-08-12,5760.0,8100.0,2024-09-23,340.0,1,2024-08
1156,2024-08-12,5760.0,8100.0,2024-09-30,340.0,1,2024-08
1156,2024-08-12,5760.0,8100.0,2024-10-07,340.0,2,2024-08
1156,2024-08-12,5760.0,8100.0,2024-10-14,340.0,2,2024-08
1156,2024-08-12,5760.0,8100.0,2024-10-21,340.0,2,2024-08
1156,2024-08-12,5760.0,8100.0,2024-10-28,340.0,2,2024-08
1156,2024-08-12,5760.0,8100.0,2024-11-04,340.0,3,2024-08
1156,2024-08-12,5760.0,8100.0,2024-11-11,340.0,3,2024-08
1156,2024-08-12,5760.0,8100.0,2024-11-18,300.0,3,2024-08
1156,2024-08-12,5760.0,8100.0,2024-11-25,340.0,3,2024-08
1156,2024-08-12,5760.0,8100.0,2024-12-02,340.0,4,2024-08
1156,2024-08-12,5760.0,8100.0,2024-12-09,340.0,4,2024-08
1156,2024-08-12,5760.0,8100.0,2024-12-18,340.0,4,2024-08
1156,2024-08-12,5760.0,8100.0,2024-12-23,340.0,4,2024-08
1156,2024-08-12,5760.0,8100.0,2024-12-30,340.0,4,2024-08
1156,2024-08-12,5760.0,8100.0,2025-01-06,340.0,5,2024-08
1156,2024-08-12,5760.0,8100.0,2025-01-14,340.0,5,2024-08
1156,2024-08-12,5760.0,8100.0,2025-01-20,340.0,5,2024-08
1156,2024-08-12,5760.0,8100.0,2025-01-28,300.0,5,2024-08
1157,2024-08-13,9000.0,12500.0,2024-08-20,521.0,0,2024-08
1157,2024-08-13,9000.0,12500.0,2024-08-27,521.0,0,2024-08
1157,2024-08-13,9000.0,12500.0,2024-09-03,520.0,1,2024-08
1157,2024-08-13,9000.0,12500.0,2024-09-10,520.0,1,2024-08
1157,2024-08-13,9000.0,12500.0,2024-09-17,520.0,1,2024-08
1157,2024-08-13,9000.0,12500.0,2024-09-24,521.0,1,2024-08
1157,2024-08-13,9000.0,12500.0,2024-10-01,520.0,2,2024-08
1157,2024-08-13,9000.0,12500.0,2024-10-08,520.0,2,2024-08
1157,2024-08-13,9000.0,12500.0,2024-10-15,521.0,2,2024-08
1157,2024-08-13,9000.0,12500.0,2024-10-22,520.0,2,2024-08
1157,2024-08-13,9000.0,12500.0,2024-10-29,525.0,2,2024-08
1157,2024-08-13,9000.0,12500.0,2024-11-05,521.0,3,2024-08
1157,2024-08-13,9000.0,12500.0,2024-11-12,521.0,3,2024-08
1157,2024-08-13,9000.0,12500.0,2024-11-19,521.0,3,2024-08
1157,2024-08-13,9000.0,12500.0,2024-11-26,520.0,3,2024-08
1157,2024-08-13,9000.0,12500.0,2024-12-03,520.0,4,2024-08
1157,2024-08-13,9000.0,12500.0,2024-12-11,525.0,4,2024-08
1157,2024-08-13,9000.0,12500.0,2024-12-17,518.0,4,2024-08
1157,2024-08-13,9000.0,12500.0,2024-12-24,520.0,4,2024-08
1157,2024-08-13,9000.0,12500.0,2024-12-31,520.0,4,2024-08
1157,2024-08-13,9000.0,12500.0,2025-01-07,520.0,5,2024-08
1157,2024-08-13,9000.0,12500.0,2025-01-14,1000.0,5,2024-08
1157,2024-08-13,9000.0,12500.0,2025-01-21,0.0,5,2024-08
1157,2024-08-13,9000.0,12500.0,2025-01-21,565.0,5,2024-08
1158,2024-08-14,10810.0,14950.0,2024-08-21,623.0,0,2024-08
1158,2024-08-14,10810.0,14950.0,2024-08-28,623.0,0,2024-08
1158,2024-08-14,10810.0,14950.0,2024-09-04,623.0,1,2024-08
1158,2024-08-14,10810.0,14950.0,2024-09-11,623.0,1,2024-08
1158,2024-08-14,10810.0,14950.0,2024-09-18,623.0,1,2024-08
1158,2024-08-14,10810.0,14950.0,2024-09-25,623.0,1,2024-08
1158,2024-08-14,10810.0,14950.0,2024-10-02,623.0,2,2024-08
1158,2024-08-14,10810.0,14950.0,2024-10-09,623.0,2,2024-08
1158,2024-08-14,10810.0,14950.0,2024-10-16,623.0,2,2024-08
1158,2024-08-14,10810.0,14950.0,2024-10-23,623.0,2,2024-08
1158,2024-08-14,10810.0,14950.0,2024-10-30,623.0,2,2024-08
1158,2024-08-14,10810.0,14950.0,2024-11-06,623.0,3,2024-08
1158,2024-08-14,10810.0,14950.0,2024-11-13,623.0,3,2024-08
1158,2024-08-14,10810.0,14950.0,2024-11-21,623.0,3,2024-08
1158,2024-08-14,10810.0,14950.0,2024-11-27,623.0,3,2024-08
1158,2024-08-14,10810.0,14950.0,2024-12-04,623.0,4,2024-08
1158,2024-08-14,10810.0,14950.0,2024-12-11,623.0,4,2024-08
1158,2024-08-14,10810.0,14950.0,2024-12-18,623.0,4,2024-08
1158,2024-08-14,10810.0,14950.0,2024-12-26,623.0,4,2024-08
1158,2024-08-14,10810.0,14950.0,2025-01-02,623.0,5,2024-08
1158,2024-08-14,10810.0,14950.0,2025-01-08,623.0,5,2024-08
1158,2024-08-14,10810.0,14950.0,2025-01-15,623.0,5,2024-08
1158,2024-08-14,10810.0,14950.0,2025-01-23,623.0,5,2024-08
1158,2024-08-14,10810.0,14950.0,2025-01-27,621.0,5,2024-08
1159,2024-08-17,11500.0,21800.0,2024-08-24,667.0,0,2024-08
1159,2024-08-17,11500.0,21800.0,2024-08-31,667.0,0,2024-08
1159,2024-08-17,11500.0,21800.0,2024-09-07,667.0,1,2024-08
1159,2024-08-17,11500.0,21800.0,2024-09-14,667.0,1,2024-08
1159,2024-08-17,11500.0,21800.0,2024-09-21,667.0,1,2024-08
1159,2024-08-17,11500.0,21800.0,2024-09-28,667.0,1,2024-08
1159,2024-08-17,11500.0,21800.0,2024-10-05,667.0,2,2024-08
1159,2024-08-17,11500.0,21800.0,2024-10-12,667.0,2,2024-08
1159,2024-08-17,11500.0,21800.0,2024-10-19,667.0,2,2024-08
1159,2024-08-17,11500.0,21800.0,2024-10-28,667.0,2,2024-08
1159,2024-08-17,11500.0,21800.0,2024-11-02,0.0,3,2024-08
1159,2024-08-17,11500.0,21800.0,2024-11-12,1334.0,3,2024-08
1159,2024-08-17,11500.0,21800.0,2024-11-17,667.0,3,2024-08
1159,2024-08-17,11500.0,21800.0,2024-11-23,667.0,3,2024-08
1159,2024-08-17,11500.0,21800.0,2024-11-30,0.0,3,2024-08
1159,2024-08-17,11500.0,21800.0,2024-12-07,0.0,4,2024-08
1159,2024-08-17,11500.0,21800.0,2024-12-14,0.0,4,2024-08
1159,2024-08-17,11500.0,21800.0,2024-12-21,0.0,4,2024-08
1159,2024-08-17,11500.0,21800.0,2024-12-28,0.0,4,2024-08
1159,2024-08-17,11500.0,21800.0,2025-01-04,0.0,5,2024-08
1159,2024-08-17,11500.0,21800.0,2025-01-11,0.0,5,2024-08
1159,2024-08-17,11500.0,21800.0,2025-01-18,0.0,5,2024-08
1159,2024-08-17,11500.0,21800.0,2025-01-25,0.0,5,2024-08
1159,2024-08-17,11500.0,21800.0,2025-02-01,0.0,6,2024-08
1159,2024-08-17,11500.0,21800.0,2025-02-08,0.0,6,2024-08
1159,2024-08-17,11500.0,21800.0,2025-02-16,0.0,6,2024-08
1159,2024-08-17,11500.0,21800.0,2025-02-22,0.0,6,2024-08
1159,2024-08-17,11500.0,21800.0,2025-03-01,0.0,7,2024-08
1159,2024-08-17,11500.0,21800.0,2025-03-08,0.0,7,2024-08
1159,2024-08-17,11500.0,21800.0,2025-03-15,0.0,7,2024-08
1159,2024-08-17,11500.0,21800.0,2025-03-25,0.0,7,2024-08
1159,2024-08-17,11500.0,21800.0,2025-04-06,0.0,8,2024-08
1159,2024-08-17,11500.0,21800.0,2025-04-07,0.0,8,2024-08
1159,2024-08-17,11500.0,21800.0,2025-04-12,0.0,8,2024-08
1159,2024-08-17,11500.0,21800.0,2025-04-19,0.0,8,2024-08
1159,2024-08-17,11500.0,21800.0,2025-04-26,0.0,8,2024-08
1159,2024-08-17,11500.0,21800.0,2025-05-03,0.0,9,2024-08
1159,2024-08-17,11500.0,21800.0,2025-05-10,0.0,9,2024-08
1159,2024-08-17,11500.0,21800.0,2025-05-17,0.0,9,2024-08
1159,2024-08-17,11500.0,21800.0,2025-05-24,0.0,9,2024-08
1159,2024-08-17,11500.0,21800.0,2025-05-31,0.0,9,2024-08
1159,2024-08-17,11500.0,21800.0,2025-10-05,0.0,14,2024-08
1159,2024-08-17,11500.0,21800.0,2025-10-12,0.0,14,2024-08
1159,2024-08-17,11500.0,21800.0,2025-10-19,0.0,14,2024-08
1159,2024-08-17,11500.0,21800.0,2025-10-26,0.0,14,2024-08
1159,2024-08-17,11500.0,21800.0,2025-11-02,0.0,15,2024-08
1159,2024-08-17,11500.0,21800.0,2025-11-09,0.0,15,2024-08
1159,2024-08-17,11500.0,21800.0,2025-11-16,0.0,15,2024-08
1159,2024-08-17,11500.0,21800.0,2025-11-23,0.0,15,2024-08
1159,2024-08-17,11500.0,21800.0,2025-12-05,0.0,16,2024-08
1159,2024-08-17,11500.0,21800.0,2025-12-12,0.0,16,2024-08
1159,2024-08-17,11500.0,21800.0,2025-12-19,0.0,16,2024-08
1159,2024-08-17,11500.0,21800.0,2025-12-26,0.0,16,2024-08
1159,2024-08-17,11500.0,21800.0,2026-01-02,0.0,17,2024-08
1159,2024-08-17,11500.0,21800.0,2026-01-09,0.0,17,2024-08
1159,2024-08-17,11500.0,21800.0,2026-01-18,0.0,17,2024-08
1159,2024-08-17,11500.0,21800.0,2026-01-23,0.0,17,2024-08
1159,2024-08-17,11500.0,21800.0,2026-01-30,0.0,17,2024-08
1159,2024-08-17,11500.0,21800.0,2026-02-06,0.0,18,2024-08
1159,2024-08-17,11500.0,21800.0,2026-02-13,0.0,18,2024-08
1159,2024-08-17,11500.0,21800.0,2026-02-20,0.0,18,2024-08
1159,2024-08-17,11500.0,21800.0,2026-02-27,0.0,18,2024-08
1159,2024-08-17,11500.0,21800.0,2026-03-06,0.0,19,2024-08
1159,2024-08-17,11500.0,21800.0,2026-03-13,0.0,19,2024-08
1159,2024-08-17,11500.0,21800.0,2026-03-20,0.0,19,2024-08
1159,2024-08-17,11500.0,21800.0,2026-03-27,0.0,19,2024-08
1160,2024-08-17,11500.0,16000.0,2024-08-24,1334.0,0,2024-08
1160,2024-08-17,11500.0,16000.0,2024-08-31,0.0,0,2024-08
1160,2024-08-17,11500.0,16000.0,2024-09-07,2668.0,1,2024-08
1160,2024-08-17,11500.0,16000.0,2024-09-14,0.0,1,2024-08
1160,2024-08-17,11500.0,16000.0,2024-09-21,0.0,1,2024-08
1160,2024-08-17,11500.0,16000.0,2024-09-28,0.0,1,2024-08
1160,2024-08-17,11500.0,16000.0,2024-10-05,2700.0,2,2024-08
1160,2024-08-17,11500.0,16000.0,2024-10-12,0.0,2,2024-08
1160,2024-08-17,11500.0,16000.0,2024-10-19,0.0,2,2024-08
1160,2024-08-17,11500.0,16000.0,2024-10-26,0.0,2,2024-08
1160,2024-08-17,11500.0,16000.0,2024-11-02,2668.0,3,2024-08
1160,2024-08-17,11500.0,16000.0,2024-11-02,0.0,3,2024-08
1160,2024-08-17,11500.0,16000.0,2024-11-30,2520.0,3,2024-08
1160,2024-08-17,11500.0,16000.0,2024-11-30,0.0,3,2024-08
1160,2024-08-17,11500.0,16000.0,2024-12-21,150.0,4,2024-08
1160,2024-08-17,11500.0,16000.0,2024-12-28,627.0,4,2024-08
1160,2024-08-17,11500.0,16000.0,2025-01-04,670.0,5,2024-08
1160,2024-08-17,11500.0,16000.0,2025-01-11,663.0,5,2024-08
1160,2024-08-17,11500.0,16000.0,2025-01-18,700.0,5,2024-08
1160,2024-08-17,11500.0,16000.0,2025-01-25,650.0,5,2024-08
1160,2024-08-17,11500.0,16000.0,2025-02-01,650.0,6,2024-08
1162,2024-08-19,7695.0,10800.0,2024-11-11,450.0,3,2024-08
1162,2024-08-19,7695.0,10800.0,2024-11-18,450.0,3,2024-08
1162,2024-08-19,7695.0,10800.0,2024-11-25,450.0,3,2024-08
1162,2024-08-19,7695.0,10800.0,2024-12-02,450.0,4,2024-08
1162,2024-08-19,7695.0,10800.0,2024-12-09,450.0,4,2024-08
1162,2024-08-19,7695.0,10800.0,2024-12-18,450.0,4,2024-08
1162,2024-08-19,7695.0,10800.0,2024-12-23,450.0,4,2024-08
1162,2024-08-19,7695.0,10800.0,2024-12-31,450.0,4,2024-08
1162,2024-08-19,7695.0,10800.0,2025-01-06,450.0,5,2024-08
1162,2024-08-19,7695.0,10800.0,2025-01-14,450.0,5,2024-08
1162,2024-08-19,7695.0,10800.0,2025-01-20,450.0,5,2024-08
1162,2024-08-19,7695.0,10800.0,2025-01-27,450.0,5,2024-08
1162,2024-08-19,7695.0,10800.0,2025-02-03,450.0,6,2024-08
1163,2024-08-20,16800.0,23100.0,2024-08-27,963.0,0,2024-08
1163,2024-08-20,16800.0,23100.0,2024-09-03,963.0,1,2024-08
1163,2024-08-20,16800.0,23100.0,2024-09-10,963.0,1,2024-08
1163,2024-08-20,16800.0,23100.0,2024-09-17,963.0,1,2024-08
1163,2024-08-20,16800.0,23100.0,2024-09-24,963.0,1,2024-08
1163,2024-08-20,16800.0,23100.0,2024-10-01,963.0,2,2024-08
1163,2024-08-20,16800.0,23100.0,2024-10-08,963.0,2,2024-08
1163,2024-08-20,16800.0,23100.0,2024-10-15,963.0,2,2024-08
1163,2024-08-20,16800.0,23100.0,2024-10-22,963.0,2,2024-08
1163,2024-08-20,16800.0,23100.0,2024-10-29,963.0,2,2024-08
1163,2024-08-20,16800.0,23100.0,2024-11-05,963.0,3,2024-08
1163,2024-08-20,16800.0,23100.0,2024-11-12,963.0,3,2024-08
1163,2024-08-20,16800.0,23100.0,2024-11-19,957.0,3,2024-08
1163,2024-08-20,16800.0,23100.0,2024-11-26,963.0,3,2024-08
1163,2024-08-20,16800.0,23100.0,2024-12-03,963.0,4,2024-08
1163,2024-08-20,16800.0,23100.0,2024-12-10,962.0,4,2024-08
1163,2024-08-20,16800.0,23100.0,2024-12-17,963.0,4,2024-08
1163,2024-08-20,16800.0,23100.0,2024-12-24,962.0,4,2024-08
1163,2024-08-20,16800.0,23100.0,2024-12-31,963.0,4,2024-08
1163,2024-08-20,16800.0,23100.0,2025-01-07,962.0,5,2024-08
1163,2024-08-20,16800.0,23100.0,2025-01-14,963.0,5,2024-08
1163,2024-08-20,16800.0,23100.0,2025-01-21,962.0,5,2024-08
1163,2024-08-20,16800.0,23100.0,2025-01-28,963.0,5,2024-08
1163,2024-08-20,16800.0,23100.0,2025-02-04,963.0,6,2024-08
1164,2024-08-20,6640.0,9400.0,2024-08-27,400.0,0,2024-08
1164,2024-08-20,6640.0,9400.0,2024-09-03,400.0,1,2024-08
1164,2024-08-20,6640.0,9400.0,2024-09-10,400.0,1,2024-08
1164,2024-08-20,6640.0,9400.0,2024-09-17,400.0,1,2024-08
1164,2024-08-20,6640.0,9400.0,2024-09-24,400.0,1,2024-08
1164,2024-08-20,6640.0,9400.0,2024-10-01,400.0,2,2024-08
1164,2024-08-20,6640.0,9400.0,2024-10-08,400.0,2,2024-08
1164,2024-08-20,6640.0,9400.0,2024-10-15,400.0,2,2024-08
1164,2024-08-20,6640.0,9400.0,2024-10-22,400.0,2,2024-08
1164,2024-08-20,6640.0,9400.0,2024-10-29,400.0,2,2024-08
1164,2024-08-20,6640.0,9400.0,2024-11-05,400.0,3,2024-08
1164,2024-08-20,6640.0,9400.0,2024-11-12,400.0,3,2024-08
1164,2024-08-20,6640.0,9400.0,2024-11-19,400.0,3,2024-08
1164,2024-08-20,6640.0,9400.0,2024-11-26,400.0,3,2024-08
1164,2024-08-20,6640.0,9400.0,2024-12-03,400.0,4,2024-08
1164,2024-08-20,6640.0,9400.0,2024-12-10,400.0,4,2024-08
1164,2024-08-20,6640.0,9400.0,2024-12-17,400.0,4,2024-08
1164,2024-08-20,6640.0,9400.0,2024-12-24,400.0,4,2024-08
1164,2024-08-20,6640.0,9400.0,2024-12-31,410.0,4,2024-08
1164,2024-08-20,6640.0,9400.0,2025-01-07,400.0,5,2024-08
1164,2024-08-20,6640.0,9400.0,2025-01-14,400.0,5,2024-08
1164,2024-08-20,6640.0,9400.0,2025-01-21,400.0,5,2024-08
1164,2024-08-20,6640.0,9400.0,2025-01-28,400.0,5,2024-08
1164,2024-08-20,6640.0,9400.0,2025-02-04,0.0,6,2024-08
1164,2024-08-20,6640.0,9400.0,2025-02-05,200.0,6,2024-08
1165,2024-08-20,15120.0,20790.0,2024-08-27,1000.0,0,2024-08
1165,2024-08-20,15120.0,20790.0,2024-09-03,1000.0,1,2024-08
1165,2024-08-20,15120.0,20790.0,2024-09-10,600.0,1,2024-08
1165,2024-08-20,15120.0,20790.0,2024-09-17,866.0,1,2024-08
1165,2024-08-20,15120.0,20790.0,2024-09-24,2598.0,1,2024-08
1165,2024-08-20,15120.0,20790.0,2024-10-01,0.0,2,2024-08
1165,2024-08-20,15120.0,20790.0,2024-10-08,0.0,2,2024-08
1165,2024-08-20,15120.0,20790.0,2024-10-15,866.0,2,2024-08
1165,2024-08-20,15120.0,20790.0,2024-10-22,866.0,2,2024-08
1165,2024-08-20,15120.0,20790.0,2024-10-29,867.0,2,2024-08
1165,2024-08-20,15120.0,20790.0,2024-11-06,867.0,3,2024-08
1165,2024-08-20,15120.0,20790.0,2024-11-12,866.0,3,2024-08
1165,2024-08-20,15120.0,20790.0,2024-11-19,500.0,3,2024-08
1165,2024-08-20,15120.0,20790.0,2024-11-26,800.0,3,2024-08
1165,2024-08-20,15120.0,20790.0,2024-12-03,800.0,4,2024-08
1165,2024-08-20,15120.0,20790.0,2024-12-10,500.0,4,2024-08
1165,2024-08-20,15120.0,20790.0,2024-12-18,500.0,4,2024-08
1165,2024-08-20,15120.0,20790.0,2024-12-24,500.0,4,2024-08
1165,2024-08-20,15120.0,20790.0,2024-12-31,500.0,4,2024-08
1165,2024-08-20,15120.0,20790.0,2025-01-07,500.0,5,2024-08
1165,2024-08-20,15120.0,20790.0,2025-01-14,500.0,5,2024-08
1165,2024-08-20,15120.0,20790.0,2025-01-21,500.0,5,2024-08
1165,2024-08-20,15120.0,20790.0,2025-01-29,1005.0,5,2024-08
1165,2024-08-20,15120.0,20790.0,2025-02-03,3789.0,6,2024-08
1166,2024-08-20,11500.0,16000.0,2024-08-27,668.0,0,2024-08
1166,2024-08-20,11500.0,16000.0,2024-09-03,668.0,1,2024-08
1166,2024-08-20,11500.0,16000.0,2024-09-10,668.0,1,2024-08
1166,2024-08-20,11500.0,16000.0,2024-09-17,668.0,1,2024-08
1166,2024-08-20,11500.0,16000.0,2024-09-24,668.0,1,2024-08
1166,2024-08-20,11500.0,16000.0,2024-10-01,668.0,2,2024-08
1166,2024-08-20,11500.0,16000.0,2024-10-08,668.0,2,2024-08
1166,2024-08-20,11500.0,16000.0,2024-10-15,668.0,2,2024-08
1166,2024-08-20,11500.0,16000.0,2024-10-22,668.0,2,2024-08
1166,2024-08-20,11500.0,16000.0,2024-10-29,668.0,2,2024-08
1166,2024-08-20,11500.0,16000.0,2024-11-05,668.0,3,2024-08
1166,2024-08-20,11500.0,16000.0,2024-11-12,667.0,3,2024-08
1166,2024-08-20,11500.0,16000.0,2024-11-19,668.0,3,2024-08
1166,2024-08-20,11500.0,16000.0,2024-11-26,668.0,3,2024-08
1166,2024-08-20,11500.0,16000.0,2024-12-03,668.0,4,2024-08
1166,2024-08-20,11500.0,16000.0,2024-12-10,668.0,4,2024-08
1166,2024-08-20,11500.0,16000.0,2024-12-17,668.0,4,2024-08
1166,2024-08-20,11500.0,16000.0,2024-12-24,668.0,4,2024-08
1166,2024-08-20,11500.0,16000.0,2024-12-31,668.0,4,2024-08
1166,2024-08-20,11500.0,16000.0,2025-01-08,668.0,5,2024-08
1166,2024-08-20,11500.0,16000.0,2025-01-14,668.0,5,2024-08
1166,2024-08-20,11500.0,16000.0,2025-01-21,668.0,5,2024-08
1166,2024-08-20,11500.0,16000.0,2025-01-28,668.0,5,2024-08
1166,2024-08-20,11500.0,16000.0,2025-02-04,668.0,6,2024-08
1167,2024-08-20,11500.0,16000.0,2024-08-27,667.0,0,2024-08
1167,2024-08-20,11500.0,16000.0,2024-09-03,667.0,1,2024-08
1167,2024-08-20,11500.0,16000.0,2024-09-10,667.0,1,2024-08
1167,2024-08-20,11500.0,16000.0,2024-09-17,667.0,1,2024-08
1167,2024-08-20,11500.0,16000.0,2024-09-24,667.0,1,2024-08
1167,2024-08-20,11500.0,16000.0,2024-10-01,667.0,2,2024-08
1167,2024-08-20,11500.0,16000.0,2024-10-08,667.0,2,2024-08
1167,2024-08-20,11500.0,16000.0,2024-10-15,667.0,2,2024-08
1167,2024-08-20,11500.0,16000.0,2024-10-22,667.0,2,2024-08
1167,2024-08-20,11500.0,16000.0,2024-10-29,667.0,2,2024-08
1167,2024-08-20,11500.0,16000.0,2024-11-05,1270.0,3,2024-08
1167,2024-08-20,11500.0,16000.0,2024-11-05,0.0,3,2024-08
1167,2024-08-20,11500.0,16000.0,2024-11-19,726.0,3,2024-08
1167,2024-08-20,11500.0,16000.0,2024-11-26,637.0,3,2024-08
1167,2024-08-20,11500.0,16000.0,2024-12-03,697.0,4,2024-08
1167,2024-08-20,11500.0,16000.0,2024-12-12,400.0,4,2024-08
1167,2024-08-20,11500.0,16000.0,2024-12-17,0.0,4,2024-08
1167,2024-08-20,11500.0,16000.0,2024-12-24,0.0,4,2024-08
1167,2024-08-20,11500.0,16000.0,2024-12-31,0.0,4,2024-08
1167,2024-08-20,11500.0,16000.0,2025-01-08,2600.0,5,2024-08
1167,2024-08-20,11500.0,16000.0,2025-01-14,0.0,5,2024-08
1167,2024-08-20,11500.0,16000.0,2025-01-21,0.0,5,2024-08
1167,2024-08-20,11500.0,16000.0,2025-01-22,3000.0,5,2024-08
1168,2024-08-20,13340.0,18400.0,2024-08-27,767.0,0,2024-08
1168,2024-08-20,13340.0,18400.0,2024-09-03,767.0,1,2024-08
1168,2024-08-20,13340.0,18400.0,2024-09-10,767.0,1,2024-08
1168,2024-08-20,13340.0,18400.0,2024-09-17,767.0,1,2024-08
1168,2024-08-20,13340.0,18400.0,2024-09-24,767.0,1,2024-08
1168,2024-08-20,13340.0,18400.0,2024-10-01,767.0,2,2024-08
1168,2024-08-20,13340.0,18400.0,2024-10-08,767.0,2,2024-08
1168,2024-08-20,13340.0,18400.0,2024-10-15,767.0,2,2024-08
1168,2024-08-20,13340.0,18400.0,2024-10-22,767.0,2,2024-08
1168,2024-08-20,13340.0,18400.0,2024-10-29,767.0,2,2024-08
1168,2024-08-20,13340.0,18400.0,2024-11-05,767.0,3,2024-08
1168,2024-08-20,13340.0,18400.0,2024-11-12,767.0,3,2024-08
1168,2024-08-20,13340.0,18400.0,2024-11-19,767.0,3,2024-08
1168,2024-08-20,13340.0,18400.0,2024-11-26,767.0,3,2024-08
1168,2024-08-20,13340.0,18400.0,2024-12-03,767.0,4,2024-08
1168,2024-08-20,13340.0,18400.0,2024-12-10,767.0,4,2024-08
1168,2024-08-20,13340.0,18400.0,2024-12-17,767.0,4,2024-08
1168,2024-08-20,13340.0,18400.0,2024-12-24,767.0,4,2024-08
1168,2024-08-20,13340.0,18400.0,2024-12-31,767.0,4,2024-08
1168,2024-08-20,13340.0,18400.0,2025-01-07,767.0,5,2024-08
1168,2024-08-20,13340.0,18400.0,2025-01-14,767.0,5,2024-08
1168,2024-08-20,13340.0,18400.0,2025-01-21,767.0,5,2024-08
1168,2024-08-20,13340.0,18400.0,2025-01-28,767.0,5,2024-08
1168,2024-08-20,13340.0,18400.0,2025-02-04,767.0,6,2024-08
1169,2024-08-21,12810.0,22255.0,2024-08-28,740.0,0,2024-08
1169,2024-08-21,12810.0,22255.0,2024-09-04,740.0,1,2024-08
1169,2024-08-21,12810.0,22255.0,2024-09-11,740.0,1,2024-08
1169,2024-08-21,12810.0,22255.0,2024-09-18,740.0,1,2024-08
1169,2024-08-21,12810.0,22255.0,2024-09-25,740.0,1,2024-08
1169,2024-08-21,12810.0,22255.0,2024-10-02,740.0,2,2024-08
1169,2024-08-21,12810.0,22255.0,2024-10-09,740.0,2,2024-08
1169,2024-08-21,12810.0,22255.0,2024-10-16,740.0,2,2024-08
1169,2024-08-21,12810.0,22255.0,2024-10-23,740.0,2,2024-08
1169,2024-08-21,12810.0,22255.0,2024-10-30,740.0,2,2024-08
1169,2024-08-21,12810.0,22255.0,2024-11-06,740.0,3,2024-08
1169,2024-08-21,12810.0,22255.0,2024-11-13,740.0,3,2024-08
1169,2024-08-21,12810.0,22255.0,2024-11-20,737.0,3,2024-08
1169,2024-08-21,12810.0,22255.0,2024-11-28,740.0,3,2024-08
1169,2024-08-21,12810.0,22255.0,2024-12-04,740.0,4,2024-08
1169,2024-08-21,12810.0,22255.0,2024-12-11,0.0,4,2024-08
1169,2024-08-21,12810.0,22255.0,2024-12-18,740.0,4,2024-08
1169,2024-08-21,12810.0,22255.0,2024-12-26,740.0,4,2024-08
1169,2024-08-21,12810.0,22255.0,2025-01-07,740.0,5,2024-08
1169,2024-08-21,12810.0,22255.0,2025-01-08,0.0,5,2024-08
1169,2024-08-21,12810.0,22255.0,2025-01-15,0.0,5,2024-08
1169,2024-08-21,12810.0,22255.0,2025-01-25,740.0,5,2024-08
1169,2024-08-21,12810.0,22255.0,2025-01-29,0.0,5,2024-08
1169,2024-08-21,12810.0,22255.0,2025-02-05,0.0,6,2024-08
1169,2024-08-21,12810.0,22255.0,2025-02-12,0.0,6,2024-08
1169,2024-08-21,12810.0,22255.0,2025-02-19,0.0,6,2024-08
1169,2024-08-21,12810.0,22255.0,2025-03-02,0.0,7,2024-08
1169,2024-08-21,12810.0,22255.0,2025-03-05,0.0,7,2024-08
1169,2024-08-21,12810.0,22255.0,2025-03-12,1500.0,7,2024-08
1169,2024-08-21,12810.0,22255.0,2025-03-19,0.0,7,2024-08
1169,2024-08-21,12810.0,22255.0,2025-09-27,0.0,13,2024-08
1169,2024-08-21,12810.0,22255.0,2025-10-02,0.0,14,2024-08
1169,2024-08-21,12810.0,22255.0,2025-10-09,0.0,14,2024-08
1169,2024-08-21,12810.0,22255.0,2025-10-16,0.0,14,2024-08
1169,2024-08-21,12810.0,22255.0,2025-10-23,0.0,14,2024-08
1169,2024-08-21,12810.0,22255.0,2025-10-30,0.0,14,2024-08
1169,2024-08-21,12810.0,22255.0,2025-11-13,0.0,15,2024-08
1169,2024-08-21,12810.0,22255.0,2025-11-20,0.0,15,2024-08
1169,2024-08-21,12810.0,22255.0,2025-12-02,0.0,16,2024-08
1169,2024-08-21,12810.0,22255.0,2025-12-09,0.0,16,2024-08
1169,2024-08-21,12810.0,22255.0,2025-12-14,3000.0,16,2024-08
1170,2024-08-22,14000.0,19600.0,2024-08-29,815.0,0,2024-08
1170,2024-08-22,14000.0,19600.0,2024-09-05,815.0,1,2024-08
1170,2024-08-22,14000.0,19600.0,2024-09-12,815.0,1,2024-08
1170,2024-08-22,14000.0,19600.0,2024-09-19,815.0,1,2024-08
1170,2024-08-22,14000.0,19600.0,2024-09-26,815.0,1,2024-08
1170,2024-08-22,14000.0,19600.0,2024-10-03,410.0,2,2024-08
1170,2024-08-22,14000.0,19600.0,2024-10-10,905.0,2,2024-08
1170,2024-08-22,14000.0,19600.0,2024-10-17,500.0,2,2024-08
1170,2024-08-22,14000.0,19600.0,2024-10-28,1000.0,2,2024-08
1170,2024-08-22,14000.0,19600.0,2024-10-31,600.0,2,2024-08
1170,2024-08-22,14000.0,19600.0,2024-11-07,800.0,3,2024-08
1170,2024-08-22,14000.0,19600.0,2024-11-14,500.0,3,2024-08
1170,2024-08-22,14000.0,19600.0,2024-11-23,1000.0,3,2024-08
1170,2024-08-22,14000.0,19600.0,2024-11-28,0.0,3,2024-08
1170,2024-08-22,14000.0,19600.0,2024-12-05,0.0,4,2024-08
1170,2024-08-22,14000.0,19600.0,2024-12-14,1300.0,4,2024-08
1170,2024-08-22,14000.0,19600.0,2024-12-19,0.0,4,2024-08
1170,2024-08-22,14000.0,19600.0,2024-12-26,0.0,4,2024-08
1170,2024-08-22,14000.0,19600.0,2025-01-07,1500.0,5,2024-08
1170,2024-08-22,14000.0,19600.0,2025-01-11,2000.0,5,2024-08
1170,2024-08-22,14000.0,19600.0,2025-01-16,1000.0,5,2024-08
1170,2024-08-22,14000.0,19600.0,2025-01-23,0.0,5,2024-08
1170,2024-08-22,14000.0,19600.0,2025-01-30,0.0,5,2024-08
1170,2024-08-22,14000.0,19600.0,2025-02-06,0.0,6,2024-08
1170,2024-08-22,14000.0,19600.0,2025-02-08,4010.0,6,2024-08
1171,2024-08-24,11200.0,15700.0,2024-08-31,625.0,0,2024-08
1171,2024-08-24,11200.0,15700.0,2024-09-07,675.0,1,2024-08
1171,2024-08-24,11200.0,15700.0,2024-09-14,650.0,1,2024-08
1171,2024-08-24,11200.0,15700.0,2024-09-21,650.0,1,2024-08
1171,2024-08-24,11200.0,15700.0,2024-09-28,650.0,1,2024-08
1171,2024-08-24,11200.0,15700.0,2024-10-05,650.0,2,2024-08
1171,2024-08-24,11200.0,15700.0,2024-10-12,650.0,2,2024-08
1171,2024-08-24,11200.0,15700.0,2024-10-19,650.0,2,2024-08
1171,2024-08-24,11200.0,15700.0,2024-10-28,650.0,2,2024-08
1171,2024-08-24,11200.0,15700.0,2024-11-02,1300.0,3,2024-08
1171,2024-08-24,11200.0,15700.0,2024-11-02,0.0,3,2024-08
1171,2024-08-24,11200.0,15700.0,2024-11-16,1300.0,3,2024-08
1171,2024-08-24,11200.0,15700.0,2024-11-16,0.0,3,2024-08
1171,2024-08-24,11200.0,15700.0,2024-11-30,650.0,3,2024-08
1171,2024-08-24,11200.0,15700.0,2024-12-07,1300.0,4,2024-08
1171,2024-08-24,11200.0,15700.0,2024-12-07,0.0,4,2024-08
1171,2024-08-24,11200.0,15700.0,2024-12-21,650.0,4,2024-08
1171,2024-08-24,11200.0,15700.0,2024-12-28,650.0,4,2024-08
1171,2024-08-24,11200.0,15700.0,2025-01-04,650.0,5,2024-08
1171,2024-08-24,11200.0,15700.0,2025-01-11,650.0,5,2024-08
1171,2024-08-24,11200.0,15700.0,2025-01-18,650.0,5,2024-08
1171,2024-08-24,11200.0,15700.0,2025-01-25,650.0,5,2024-08
1171,2024-08-24,11200.0,15700.0,2025-02-01,650.0,6,2024-08
1171,2024-08-24,11200.0,15700.0,2025-02-09,650.0,6,2024-08
1172,2024-08-26,12420.0,17280.0,2024-09-02,750.0,1,2024-08
1172,2024-08-26,12420.0,17280.0,2024-09-09,720.0,1,2024-08
1172,2024-08-26,12420.0,17280.0,2024-09-16,720.0,1,2024-08
1172,2024-08-26,12420.0,17280.0,2024-09-23,720.0,1,2024-08
1172,2024-08-26,12420.0,17280.0,2024-09-30,720.0,1,2024-08
1172,2024-08-26,12420.0,17280.0,2024-10-07,720.0,2,2024-08
1172,2024-08-26,12420.0,17280.0,2024-10-14,720.0,2,2024-08
1172,2024-08-26,12420.0,17280.0,2024-10-21,720.0,2,2024-08
1172,2024-08-26,12420.0,17280.0,2024-10-28,720.0,2,2024-08
1172,2024-08-26,12420.0,17280.0,2024-11-04,720.0,3,2024-08
1172,2024-08-26,12420.0,17280.0,2024-11-16,720.0,3,2024-08
1172,2024-08-26,12420.0,17280.0,2024-11-18,720.0,3,2024-08
1172,2024-08-26,12420.0,17280.0,2024-11-25,690.0,3,2024-08
1172,2024-08-26,12420.0,17280.0,2024-12-02,720.0,4,2024-08
1172,2024-08-26,12420.0,17280.0,2024-12-12,720.0,4,2024-08
1172,2024-08-26,12420.0,17280.0,2024-12-17,720.0,4,2024-08
1172,2024-08-26,12420.0,17280.0,2024-12-24,720.0,4,2024-08
1172,2024-08-26,12420.0,17280.0,2024-12-30,720.0,4,2024-08
1172,2024-08-26,12420.0,17280.0,2025-01-06,720.0,5,2024-08
1172,2024-08-26,12420.0,17280.0,2025-01-13,720.0,5,2024-08
1172,2024-08-26,12420.0,17280.0,2025-01-20,720.0,5,2024-08
1172,2024-08-26,12420.0,17280.0,2025-01-27,720.0,5,2024-08
1172,2024-08-26,12420.0,17280.0,2025-02-03,720.0,6,2024-08
1172,2024-08-26,12420.0,17280.0,2025-02-10,720.0,6,2024-08
1173,2024-08-26,7595.0,10700.0,2024-09-02,446.0,1,2024-08
1173,2024-08-26,7595.0,10700.0,2024-09-09,446.0,1,2024-08
1173,2024-08-26,7595.0,10700.0,2024-09-16,450.0,1,2024-08
1173,2024-08-26,7595.0,10700.0,2024-09-23,450.0,1,2024-08
1173,2024-08-26,7595.0,10700.0,2024-09-30,450.0,1,2024-08
1173,2024-08-26,7595.0,10700.0,2024-10-07,450.0,2,2024-08
1173,2024-08-26,7595.0,10700.0,2024-10-14,450.0,2,2024-08
1173,2024-08-26,7595.0,10700.0,2024-10-21,450.0,2,2024-08
1173,2024-08-26,7595.0,10700.0,2024-10-28,446.0,2,2024-08
1173,2024-08-26,7595.0,10700.0,2024-11-04,446.0,3,2024-08
1173,2024-08-26,7595.0,10700.0,2024-11-12,446.0,3,2024-08
1173,2024-08-26,7595.0,10700.0,2024-11-18,446.0,3,2024-08
1173,2024-08-26,7595.0,10700.0,2024-11-25,446.0,3,2024-08
1173,2024-08-26,7595.0,10700.0,2024-12-03,446.0,4,2024-08
1173,2024-08-26,7595.0,10700.0,2024-12-09,446.0,4,2024-08
1173,2024-08-26,7595.0,10700.0,2024-12-17,446.0,4,2024-08
1173,2024-08-26,7595.0,10700.0,2024-12-24,446.0,4,2024-08
1173,2024-08-26,7595.0,10700.0,2024-12-30,446.0,4,2024-08
1173,2024-08-26,7595.0,10700.0,2025-01-06,446.0,5,2024-08
1173,2024-08-26,7595.0,10700.0,2025-01-14,446.0,5,2024-08
1173,2024-08-26,7595.0,10700.0,2025-01-20,446.0,5,2024-08
1173,2024-08-26,7595.0,10700.0,2025-01-27,446.0,5,2024-08
1173,2024-08-26,7595.0,10700.0,2025-02-03,446.0,6,2024-08
1173,2024-08-26,7595.0,10700.0,2025-02-10,446.0,6,2024-08
1174,2024-08-26,12180.0,16905.0,2024-09-02,705.0,1,2024-08
1174,2024-08-26,12180.0,16905.0,2024-09-09,2112.0,1,2024-08
1174,2024-08-26,12180.0,16905.0,2024-09-16,0.0,1,2024-08
1174,2024-08-26,12180.0,16905.0,2024-09-23,0.0,1,2024-08
1174,2024-08-26,12180.0,16905.0,2024-09-30,704.0,1,2024-08
1174,2024-08-26,12180.0,16905.0,2024-10-07,400.0,2,2024-08
1174,2024-08-26,12180.0,16905.0,2024-10-14,600.0,2,2024-08
1174,2024-08-26,12180.0,16905.0,2024-10-21,1114.0,2,2024-08
1174,2024-08-26,12180.0,16905.0,2024-10-28,704.0,2,2024-08
1174,2024-08-26,12180.0,16905.0,2024-11-04,350.0,3,2024-08
1174,2024-08-26,12180.0,16905.0,2024-11-11,1764.0,3,2024-08
1174,2024-08-26,12180.0,16905.0,2024-11-11,0.0,3,2024-08
1174,2024-08-26,12180.0,16905.0,2024-11-25,200.0,3,2024-08
1174,2024-08-26,12180.0,16905.0,2024-12-02,704.0,4,2024-08
1174,2024-08-26,12180.0,16905.0,2024-12-09,200.0,4,2024-08
1174,2024-08-26,12180.0,16905.0,2024-12-17,2000.0,4,2024-08
1174,2024-08-26,12180.0,16905.0,2024-12-23,417.0,4,2024-08
1174,2024-08-26,12180.0,16905.0,2024-12-30,200.0,4,2024-08
1174,2024-08-26,12180.0,16905.0,2025-01-06,500.0,5,2024-08
1174,2024-08-26,12180.0,16905.0,2025-01-14,500.0,5,2024-08
1174,2024-08-26,12180.0,16905.0,2025-01-21,1260.0,5,2024-08
1174,2024-08-26,12180.0,16905.0,2025-02-02,1110.0,6,2024-08
1174,2024-08-26,12180.0,16905.0,2025-02-03,200.0,6,2024-08
1174,2024-08-26,12180.0,16905.0,2025-02-10,1161.0,6,2024-08
1175,2024-08-26,13340.0,18515.0,2024-09-02,800.0,1,2024-08
1175,2024-08-26,13340.0,18515.0,2024-09-09,800.0,1,2024-08
1175,2024-08-26,13340.0,18515.0,2024-09-16,800.0,1,2024-08
1175,2024-08-26,13340.0,18515.0,2024-09-23,800.0,1,2024-08
1175,2024-08-26,13340.0,18515.0,2024-09-30,800.0,1,2024-08
1175,2024-08-26,13340.0,18515.0,2024-10-07,800.0,2,2024-08
1175,2024-08-26,13340.0,18515.0,2024-10-14,800.0,2,2024-08
1175,2024-08-26,13340.0,18515.0,2024-10-21,800.0,2,2024-08
1175,2024-08-26,13340.0,18515.0,2024-10-28,800.0,2,2024-08
1175,2024-08-26,13340.0,18515.0,2024-11-04,800.0,3,2024-08
1175,2024-08-26,13340.0,18515.0,2024-11-11,800.0,3,2024-08
1175,2024-08-26,13340.0,18515.0,2024-11-18,458.0,3,2024-08
1175,2024-08-26,13340.0,18515.0,2024-11-25,771.0,3,2024-08
1175,2024-08-26,13340.0,18515.0,2024-12-02,771.0,4,2024-08
1175,2024-08-26,13340.0,18515.0,2024-12-09,771.0,4,2024-08
1175,2024-08-26,13340.0,18515.0,2024-12-16,771.0,4,2024-08
1175,2024-08-26,13340.0,18515.0,2024-12-23,771.0,4,2024-08
1175,2024-08-26,13340.0,18515.0,2024-12-30,771.0,4,2024-08
1175,2024-08-26,13340.0,18515.0,2025-01-06,771.0,5,2024-08
1175,2024-08-26,13340.0,18515.0,2025-01-13,771.0,5,2024-08
1175,2024-08-26,13340.0,18515.0,2025-01-20,771.0,5,2024-08
1175,2024-08-26,13340.0,18515.0,2025-01-27,771.0,5,2024-08
1175,2024-08-26,13340.0,18515.0,2025-02-03,771.0,6,2024-08
1175,2024-08-26,13340.0,18515.0,2025-02-10,771.0,6,2024-08
1176,2024-08-26,9180.0,12860.0,2024-09-02,540.0,1,2024-08
1176,2024-08-26,9180.0,12860.0,2024-09-09,1070.0,1,2024-08
1176,2024-08-26,9180.0,12860.0,2024-09-16,0.0,1,2024-08
1176,2024-08-26,9180.0,12860.0,2024-09-23,1070.0,1,2024-08
1176,2024-08-26,9180.0,12860.0,2024-09-30,0.0,1,2024-08
1176,2024-08-26,9180.0,12860.0,2024-10-07,1070.0,2,2024-08
1176,2024-08-26,9180.0,12860.0,2024-10-14,0.0,2,2024-08
1176,2024-08-26,9180.0,12860.0,2024-10-21,1070.0,2,2024-08
1176,2024-08-26,9180.0,12860.0,2024-10-28,0.0,2,2024-08
1176,2024-08-26,9180.0,12860.0,2024-11-04,1070.0,3,2024-08
1176,2024-08-26,9180.0,12860.0,2024-11-04,0.0,3,2024-08
1176,2024-08-26,9180.0,12860.0,2024-11-18,1070.0,3,2024-08
1176,2024-08-26,9180.0,12860.0,2024-11-25,0.0,3,2024-08
1176,2024-08-26,9180.0,12860.0,2024-12-02,1070.0,4,2024-08
1176,2024-08-26,9180.0,12860.0,2024-12-02,7.0,4,2024-08
1176,2024-08-26,9180.0,12860.0,2024-12-17,1070.0,4,2024-08
1176,2024-08-26,9180.0,12860.0,2024-12-17,0.0,4,2024-08
1176,2024-08-26,9180.0,12860.0,2024-12-30,1070.0,4,2024-08
1176,2024-08-26,9180.0,12860.0,2024-12-30,0.0,4,2024-08
1176,2024-08-26,9180.0,12860.0,2025-01-13,1070.0,5,2024-08
1176,2024-08-26,9180.0,12860.0,2025-01-13,0.0,5,2024-08
1176,2024-08-26,9180.0,12860.0,2025-01-27,1070.0,5,2024-08
1176,2024-08-26,9180.0,12860.0,2025-02-02,0.0,6,2024-08
1176,2024-08-26,9180.0,12860.0,2025-02-10,615.0,6,2024-08
1177,2024-08-26,13340.0,18400.0,2024-09-02,767.0,1,2024-08
1177,2024-08-26,13340.0,18400.0,2024-09-09,767.0,1,2024-08
1177,2024-08-26,13340.0,18400.0,2024-09-16,767.0,1,2024-08
1177,2024-08-26,13340.0,18400.0,2024-09-23,767.0,1,2024-08
1177,2024-08-26,13340.0,18400.0,2024-09-30,767.0,1,2024-08
1177,2024-08-26,13340.0,18400.0,2024-10-07,767.0,2,2024-08
1177,2024-08-26,13340.0,18400.0,2024-10-14,767.0,2,2024-08
1177,2024-08-26,13340.0,18400.0,2024-10-21,767.0,2,2024-08
1177,2024-08-26,13340.0,18400.0,2024-10-28,767.0,2,2024-08
1177,2024-08-26,13340.0,18400.0,2024-11-04,767.0,3,2024-08
1177,2024-08-26,13340.0,18400.0,2024-11-11,767.0,3,2024-08
1177,2024-08-26,13340.0,18400.0,2024-11-18,767.0,3,2024-08
1177,2024-08-26,13340.0,18400.0,2024-11-25,767.0,3,2024-08
1177,2024-08-26,13340.0,18400.0,2024-12-02,767.0,4,2024-08
1177,2024-08-26,13340.0,18400.0,2024-12-09,767.0,4,2024-08
1177,2024-08-26,13340.0,18400.0,2024-12-17,767.0,4,2024-08
1177,2024-08-26,13340.0,18400.0,2024-12-23,767.0,4,2024-08
1177,2024-08-26,13340.0,18400.0,2024-12-30,767.0,4,2024-08
1177,2024-08-26,13340.0,18400.0,2025-01-06,767.0,5,2024-08
1177,2024-08-26,13340.0,18400.0,2025-01-14,767.0,5,2024-08
1177,2024-08-26,13340.0,18400.0,2025-01-20,767.0,5,2024-08
1177,2024-08-26,13340.0,18400.0,2025-01-27,767.0,5,2024-08
1177,2024-08-26,13340.0,18400.0,2025-02-03,767.0,6,2024-08
1177,2024-08-26,13340.0,18400.0,2025-02-10,760.0,6,2024-08
1178,2024-08-28,14820.0,20410.0,2024-09-04,3402.0,1,2024-08
1178,2024-08-28,14820.0,20410.0,2024-09-11,0.0,1,2024-08
1178,2024-08-28,14820.0,20410.0,2024-09-18,0.0,1,2024-08
1178,2024-08-28,14820.0,20410.0,2024-09-25,0.0,1,2024-08
1178,2024-08-28,14820.0,20410.0,2024-10-02,3400.0,2,2024-08
1178,2024-08-28,14820.0,20410.0,2024-10-09,0.0,2,2024-08
1178,2024-08-28,14820.0,20410.0,2024-10-16,0.0,2,2024-08
1178,2024-08-28,14820.0,20410.0,2024-10-23,0.0,2,2024-08
1178,2024-08-28,14820.0,20410.0,2024-10-30,3400.0,2,2024-08
1178,2024-08-28,14820.0,20410.0,2024-10-30,0.0,2,2024-08
1178,2024-08-28,14820.0,20410.0,2024-11-27,853.0,3,2024-08
1178,2024-08-28,14820.0,20410.0,2024-12-04,850.0,4,2024-08
1178,2024-08-28,14820.0,20410.0,2024-12-10,850.0,4,2024-08
1178,2024-08-28,14820.0,20410.0,2024-12-18,850.0,4,2024-08
1178,2024-08-28,14820.0,20410.0,2024-12-24,850.0,4,2024-08
1178,2024-08-28,14820.0,20410.0,2025-01-01,850.0,5,2024-08
1178,2024-08-28,14820.0,20410.0,2025-01-08,850.0,5,2024-08
1178,2024-08-28,14820.0,20410.0,2025-01-15,850.0,5,2024-08
1178,2024-08-28,14820.0,20410.0,2025-01-22,850.0,5,2024-08
1178,2024-08-28,14820.0,20410.0,2025-01-29,850.0,5,2024-08
1178,2024-08-28,14820.0,20410.0,2025-02-05,850.0,6,2024-08
1178,2024-08-28,14820.0,20410.0,2025-02-12,850.0,6,2024-08
1179,2024-08-29,6840.0,9600.0,2024-09-05,400.0,1,2024-08
1179,2024-08-29,6840.0,9600.0,2024-09-12,400.0,1,2024-08
1179,2024-08-29,6840.0,9600.0,2024-09-19,400.0,1,2024-08
1179,2024-08-29,6840.0,9600.0,2024-09-26,400.0,1,2024-08
1179,2024-08-29,6840.0,9600.0,2024-10-03,400.0,2,2024-08
1179,2024-08-29,6840.0,9600.0,2024-10-10,400.0,2,2024-08
1179,2024-08-29,6840.0,9600.0,2024-10-17,400.0,2,2024-08
1179,2024-08-29,6840.0,9600.0,2024-10-28,400.0,2,2024-08
1179,2024-08-29,6840.0,9600.0,2024-10-31,400.0,2,2024-08
1179,2024-08-29,6840.0,9600.0,2024-11-07,400.0,3,2024-08
1179,2024-08-29,6840.0,9600.0,2024-11-14,400.0,3,2024-08
1179,2024-08-29,6840.0,9600.0,2024-11-21,400.0,3,2024-08
1179,2024-08-29,6840.0,9600.0,2024-11-28,400.0,3,2024-08
1179,2024-08-29,6840.0,9600.0,2024-12-05,400.0,4,2024-08
1179,2024-08-29,6840.0,9600.0,2024-12-12,400.0,4,2024-08
1179,2024-08-29,6840.0,9600.0,2024-12-19,400.0,4,2024-08
1179,2024-08-29,6840.0,9600.0,2024-12-26,400.0,4,2024-08
1179,2024-08-29,6840.0,9600.0,2025-01-04,400.0,5,2024-08
1179,2024-08-29,6840.0,9600.0,2025-01-09,400.0,5,2024-08
1179,2024-08-29,6840.0,9600.0,2025-01-16,400.0,5,2024-08
1179,2024-08-29,6840.0,9600.0,2025-01-23,400.0,5,2024-08
1179,2024-08-29,6840.0,9600.0,2025-01-30,400.0,5,2024-08
1179,2024-08-29,6840.0,9600.0,2025-02-06,400.0,6,2024-08
1179,2024-08-29,6840.0,9600.0,2025-02-13,400.0,6,2024-08
1180,2024-08-29,15120.0,24925.0,2024-09-05,872.0,1,2024-08
1180,2024-08-29,15120.0,24925.0,2024-09-12,872.0,1,2024-08
1180,2024-08-29,15120.0,24925.0,2024-09-19,872.0,1,2024-08
1180,2024-08-29,15120.0,24925.0,2024-09-26,872.0,1,2024-08
1180,2024-08-29,15120.0,24925.0,2024-10-03,872.0,2,2024-08
1180,2024-08-29,15120.0,24925.0,2024-10-10,872.0,2,2024-08
1180,2024-08-29,15120.0,24925.0,2024-10-17,872.0,2,2024-08
1180,2024-08-29,15120.0,24925.0,2024-10-28,0.0,2,2024-08
1180,2024-08-29,15120.0,24925.0,2024-10-31,0.0,2,2024-08
1180,2024-08-29,15120.0,24925.0,2024-11-07,0.0,3,2024-08
1180,2024-08-29,15120.0,24925.0,2024-11-14,0.0,3,2024-08
1180,2024-08-29,15120.0,24925.0,2024-11-21,0.0,3,2024-08
1180,2024-08-29,15120.0,24925.0,2024-11-28,0.0,3,2024-08
1180,2024-08-29,15120.0,24925.0,2024-12-05,0.0,4,2024-08
1180,2024-08-29,15120.0,24925.0,2024-12-12,0.0,4,2024-08
1180,2024-08-29,15120.0,24925.0,2024-12-19,0.0,4,2024-08
1180,2024-08-29,15120.0,24925.0,2024-12-26,0.0,4,2024-08
1180,2024-08-29,15120.0,24925.0,2025-01-02,0.0,5,2024-08
1180,2024-08-29,15120.0,24925.0,2025-01-09,0.0,5,2024-08
1180,2024-08-29,15120.0,24925.0,2025-01-16,0.0,5,2024-08
1180,2024-08-29,15120.0,24925.0,2025-01-23,0.0,5,2024-08
1180,2024-08-29,15120.0,24925.0,2025-01-30,0.0,5,2024-08
1180,2024-08-29,15120.0,24925.0,2025-02-06,0.0,6,2024-08
1180,2024-08-29,15120.0,24925.0,2025-02-09,500.0,6,2024-08
1180,2024-08-29,15120.0,24925.0,2025-02-20,400.0,6,2024-08
1180,2024-08-29,15120.0,24925.0,2025-03-02,0.0,7,2024-08
1180,2024-08-29,15120.0,24925.0,2025-03-07,100.0,7,2024-08
1180,2024-08-29,15120.0,24925.0,2025-03-13,0.0,7,2024-08
1180,2024-08-29,15120.0,24925.0,2025-03-23,800.0,7,2024-08
1180,2024-08-29,15120.0,24925.0,2025-03-27,3000.0,7,2024-08
1180,2024-08-29,15120.0,24925.0,2025-04-05,870.0,8,2024-08
1180,2024-08-29,15120.0,24925.0,2025-04-10,800.0,8,2024-08
1180,2024-08-29,15120.0,24925.0,2025-04-17,300.0,8,2024-08
1180,2024-08-29,15120.0,24925.0,2025-04-24,0.0,8,2024-08
1180,2024-08-29,15120.0,24925.0,2025-05-03,900.0,9,2024-08
1180,2024-08-29,15120.0,24925.0,2025-05-08,500.0,9,2024-08
1180,2024-08-29,15120.0,24925.0,2025-05-15,350.0,9,2024-08
1180,2024-08-29,15120.0,24925.0,2025-05-22,0.0,9,2024-08
1180,2024-08-29,15120.0,24925.0,2025-05-29,0.0,9,2024-08
1180,2024-08-29,15120.0,24925.0,2025-06-05,0.0,10,2024-08
1180,2024-08-29,15120.0,24925.0,2025-06-12,0.0,10,2024-08
1180,2024-08-29,15120.0,24925.0,2025-06-19,0.0,10,2024-08
1180,2024-08-29,15120.0,24925.0,2025-06-26,0.0,10,2024-08
1180,2024-08-29,15120.0,24925.0,2025-07-03,0.0,11,2024-08
1180,2024-08-29,15120.0,24925.0,2025-07-10,0.0,11,2024-08
1180,2024-08-29,15120.0,24925.0,2025-07-17,0.0,11,2024-08
1180,2024-08-29,15120.0,24925.0,2025-07-24,0.0,11,2024-08
1180,2024-08-29,15120.0,24925.0,2025-07-31,0.0,11,2024-08
1180,2024-08-29,15120.0,24925.0,2025-08-07,0.0,12,2024-08
1180,2024-08-29,15120.0,24925.0,2025-08-14,0.0,12,2024-08
1180,2024-08-29,15120.0,24925.0,2025-08-21,0.0,12,2024-08
1180,2024-08-29,15120.0,24925.0,2025-08-28,0.0,12,2024-08
1180,2024-08-29,15120.0,24925.0,2025-09-04,0.0,13,2024-08
1180,2024-08-29,15120.0,24925.0,2025-09-11,0.0,13,2024-08
1180,2024-08-29,15120.0,24925.0,2025-09-18,0.0,13,2024-08
1180,2024-08-29,15120.0,24925.0,2025-09-27,450.0,13,2024-08
1180,2024-08-29,15120.0,24925.0,2025-09-29,2000.0,13,2024-08
1180,2024-08-29,15120.0,24925.0,2025-10-02,1000.0,14,2024-08
1180,2024-08-29,15120.0,24925.0,2025-10-05,1000.0,14,2024-08
1180,2024-08-29,15120.0,24925.0,2025-10-12,400.0,14,2024-08
1180,2024-08-29,15120.0,24925.0,2025-10-13,600.0,14,2024-08
1180,2024-08-29,15120.0,24925.0,2025-10-16,3000.0,14,2024-08
1180,2024-08-29,15120.0,24925.0,2025-11-05,1000.0,15,2024-08
1180,2024-08-29,15120.0,24925.0,2025-11-20,0.0,15,2024-08
1181,2024-08-31,14000.0,19375.0,2024-09-07,810.0,1,2024-08
1181,2024-08-31,14000.0,19375.0,2024-09-14,810.0,1,2024-08
1181,2024-08-31,14000.0,19375.0,2024-09-21,810.0,1,2024-08
1181,2024-08-31,14000.0,19375.0,2024-09-28,810.0,1,2024-08
1181,2024-08-31,14000.0,19375.0,2024-10-05,810.0,2,2024-08
1181,2024-08-31,14000.0,19375.0,2024-10-12,810.0,2,2024-08
1181,2024-08-31,14000.0,19375.0,2024-10-19,810.0,2,2024-08
1181,2024-08-31,14000.0,19375.0,2024-10-28,810.0,2,2024-08
1181,2024-08-31,14000.0,19375.0,2024-11-02,810.0,3,2024-08
1181,2024-08-31,14000.0,19375.0,2024-11-09,810.0,3,2024-08
1181,2024-08-31,14000.0,19375.0,2024-11-16,810.0,3,2024-08
1181,2024-08-31,14000.0,19375.0,2024-11-23,780.0,3,2024-08
1181,2024-08-31,14000.0,19375.0,2024-11-30,810.0,3,2024-08
1181,2024-08-31,14000.0,19375.0,2024-12-07,805.0,4,2024-08
1181,2024-08-31,14000.0,19375.0,2024-12-14,805.0,4,2024-08
1181,2024-08-31,14000.0,19375.0,2024-12-21,810.0,4,2024-08
1181,2024-08-31,14000.0,19375.0,2024-12-28,810.0,4,2024-08
1181,2024-08-31,14000.0,19375.0,2025-01-04,805.0,5,2024-08
1181,2024-08-31,14000.0,19375.0,2025-01-11,810.0,5,2024-08
1181,2024-08-31,14000.0,19375.0,2025-01-18,805.0,5,2024-08
1181,2024-08-31,14000.0,19375.0,2025-01-25,810.0,5,2024-08
1181,2024-08-31,14000.0,19375.0,2025-02-01,805.0,6,2024-08
1181,2024-08-31,14000.0,19375.0,2025-02-08,805.0,6,2024-08
1181,2024-08-31,14000.0,19375.0,2025-02-16,805.0,6,2024-08
1182,2024-08-31,12320.0,17160.0,2024-09-07,715.0,1,2024-08
1182,2024-08-31,12320.0,17160.0,2024-09-14,715.0,1,2024-08
1182,2024-08-31,12320.0,17160.0,2024-09-21,715.0,1,2024-08
1182,2024-08-31,12320.0,17160.0,2024-09-28,715.0,1,2024-08
1182,2024-08-31,12320.0,17160.0,2024-10-05,715.0,2,2024-08
1182,2024-08-31,12320.0,17160.0,2024-10-12,715.0,2,2024-08
1182,2024-08-31,12320.0,17160.0,2024-10-19,500.0,2,2024-08
1182,2024-08-31,12320.0,17160.0,2024-10-28,930.0,2,2024-08
1182,2024-08-31,12320.0,17160.0,2024-11-03,400.0,3,2024-08
1182,2024-08-31,12320.0,17160.0,2024-11-09,530.0,3,2024-08
1182,2024-08-31,12320.0,17160.0,2024-11-16,2645.0,3,2024-08
1182,2024-08-31,12320.0,17160.0,2024-11-16,0.0,3,2024-08
1182,2024-08-31,12320.0,17160.0,2024-12-07,215.0,4,2024-08
1182,2024-08-31,12320.0,17160.0,2024-12-14,500.0,4,2024-08
1182,2024-08-31,12320.0,17160.0,2024-12-21,500.0,4,2024-08
1182,2024-08-31,12320.0,17160.0,2024-12-29,500.0,4,2024-08
1182,2024-08-31,12320.0,17160.0,2025-01-04,500.0,5,2024-08
1182,2024-08-31,12320.0,17160.0,2025-01-11,500.0,5,2024-08
1182,2024-08-31,12320.0,17160.0,2025-01-21,500.0,5,2024-08
1182,2024-08-31,12320.0,17160.0,2025-01-28,500.0,5,2024-08
1182,2024-08-31,12320.0,17160.0,2025-02-01,1420.0,6,2024-08
1182,2024-08-31,12320.0,17160.0,2025-02-12,2015.0,6,2024-08
1182,2024-08-31,12320.0,17160.0,2025-02-15,715.0,6,2024-08
1183,2024-08-31,14850.0,21060.0,2024-09-07,878.0,1,2024-08
1183,2024-08-31,14850.0,21060.0,2024-09-14,878.0,1,2024-08
1183,2024-08-31,14850.0,21060.0,2024-09-21,878.0,1,2024-08
1183,2024-08-31,14850.0,21060.0,2024-09-28,878.0,1,2024-08
1183,2024-08-31,14850.0,21060.0,2024-10-05,878.0,2,2024-08
1183,2024-08-31,14850.0,21060.0,2024-10-12,878.0,2,2024-08
1183,2024-08-31,14850.0,21060.0,2024-10-19,878.0,2,2024-08
1183,2024-08-31,14850.0,21060.0,2024-10-28,878.0,2,2024-08
1183,2024-08-31,14850.0,21060.0,2024-11-02,878.0,3,2024-08
1183,2024-08-31,14850.0,21060.0,2024-11-09,878.0,3,2024-08
1183,2024-08-31,14850.0,21060.0,2024-11-16,878.0,3,2024-08
1183,2024-08-31,14850.0,21060.0,2024-11-23,878.0,3,2024-08
1183,2024-08-31,14850.0,21060.0,2024-11-30,878.0,3,2024-08
1183,2024-08-31,14850.0,21060.0,2024-12-07,871.0,4,2024-08
1183,2024-08-31,14850.0,21060.0,2024-12-14,877.0,4,2024-08
1183,2024-08-31,14850.0,21060.0,2024-12-21,878.0,4,2024-08
1183,2024-08-31,14850.0,21060.0,2024-12-28,877.0,4,2024-08
1183,2024-08-31,14850.0,21060.0,2025-01-04,878.0,5,2024-08
1183,2024-08-31,14850.0,21060.0,2025-01-11,878.0,5,2024-08
1183,2024-08-31,14850.0,21060.0,2025-01-18,877.0,5,2024-08
1183,2024-08-31,14850.0,21060.0,2025-01-25,878.0,5,2024-08
1183,2024-08-31,14850.0,21060.0,2025-02-01,877.0,6,2024-08
1183,2024-08-31,14850.0,21060.0,2025-02-08,877.0,6,2024-08
1183,2024-08-31,14850.0,21060.0,2025-02-16,878.0,6,2024-08
1184,2024-09-01,8460.0,11880.0,2024-09-08,1980.0,0,2024-09
1184,2024-09-01,8460.0,11880.0,2024-09-15,0.0,0,2024-09
1184,2024-09-01,8460.0,11880.0,2024-09-22,0.0,0,2024-09
1184,2024-09-01,8460.0,11880.0,2024-09-29,0.0,0,2024-09
1184,2024-09-01,8460.0,11880.0,2024-10-06,1980.0,1,2024-09
1184,2024-09-01,8460.0,11880.0,2024-10-13,0.0,1,2024-09
1184,2024-09-01,8460.0,11880.0,2024-10-20,0.0,1,2024-09
1184,2024-09-01,8460.0,11880.0,2024-10-27,0.0,1,2024-09
1184,2024-09-01,8460.0,11880.0,2024-11-03,495.0,2,2024-09
1184,2024-09-01,8460.0,11880.0,2024-11-09,1485.0,2,2024-09
1184,2024-09-01,8460.0,11880.0,2024-11-09,0.0,2,2024-09
1184,2024-09-01,8460.0,11880.0,2024-12-01,495.0,3,2024-09
1184,2024-09-01,8460.0,11880.0,2024-12-08,1485.0,3,2024-09
1184,2024-09-01,8460.0,11880.0,2024-12-08,0.0,3,2024-09
1184,2024-09-01,8460.0,11880.0,2024-12-29,495.0,3,2024-09
1184,2024-09-01,8460.0,11880.0,2025-01-05,1485.0,4,2024-09
1184,2024-09-01,8460.0,11880.0,2025-01-05,0.0,4,2024-09
1184,2024-09-01,8460.0,11880.0,2025-01-26,495.0,4,2024-09
1184,2024-09-01,8460.0,11880.0,2025-02-02,495.0,5,2024-09
1184,2024-09-01,8460.0,11880.0,2025-02-09,500.0,5,2024-09
1184,2024-09-01,8460.0,11880.0,2025-02-16,490.0,5,2024-09
1185,2024-09-01,13750.0,19500.0,2024-09-08,813.0,0,2024-09
1185,2024-09-01,13750.0,19500.0,2024-09-15,813.0,0,2024-09
1185,2024-09-01,13750.0,19500.0,2024-09-22,813.0,0,2024-09
1185,2024-09-01,13750.0,19500.0,2024-09-29,813.0,0,2024-09
1185,2024-09-01,13750.0,19500.0,2024-10-06,813.0,1,2024-09
1185,2024-09-01,13750.0,19500.0,2024-10-13,813.0,1,2024-09
1185,2024-09-01,13750.0,19500.0,2024-10-20,813.0,1,2024-09
1185,2024-09-01,13750.0,19500.0,2024-10-28,813.0,1,2024-09
1185,2024-09-01,13750.0,19500.0,2024-11-03,813.0,2,2024-09
1185,2024-09-01,13750.0,19500.0,2024-11-10,813.0,2,2024-09
1185,2024-09-01,13750.0,19500.0,2024-11-17,813.0,2,2024-09
1185,2024-09-01,13750.0,19500.0,2024-11-24,808.0,2,2024-09
1185,2024-09-01,13750.0,19500.0,2024-12-01,812.0,3,2024-09
1185,2024-09-01,13750.0,19500.0,2024-12-08,813.0,3,2024-09
1185,2024-09-01,13750.0,19500.0,2024-12-15,812.0,3,2024-09
1185,2024-09-01,13750.0,19500.0,2024-12-22,813.0,3,2024-09
1185,2024-09-01,13750.0,19500.0,2024-12-31,813.0,3,2024-09
1185,2024-09-01,13750.0,19500.0,2025-01-05,812.0,4,2024-09
1185,2024-09-01,13750.0,19500.0,2025-01-12,813.0,4,2024-09
1185,2024-09-01,13750.0,19500.0,2025-01-19,813.0,4,2024-09
1185,2024-09-01,13750.0,19500.0,2025-01-26,814.0,4,2024-09
1185,2024-09-01,13750.0,19500.0,2025-02-03,812.0,5,2024-09
1185,2024-09-01,13750.0,19500.0,2025-02-09,810.0,5,2024-09
1185,2024-09-01,13750.0,19500.0,2025-02-16,813.0,5,2024-09
1186,2024-09-02,15120.0,20925.0,2024-09-09,872.0,0,2024-09
1186,2024-09-02,15120.0,20925.0,2024-09-16,872.0,0,2024-09
1186,2024-09-02,15120.0,20925.0,2024-09-23,872.0,0,2024-09
1186,2024-09-02,15120.0,20925.0,2024-09-30,872.0,0,2024-09
1186,2024-09-02,15120.0,20925.0,2024-10-07,872.0,1,2024-09
1186,2024-09-02,15120.0,20925.0,2024-10-14,872.0,1,2024-09
1186,2024-09-02,15120.0,20925.0,2024-10-21,872.0,1,2024-09
1186,2024-09-02,15120.0,20925.0,2024-10-28,872.0,1,2024-09
1186,2024-09-02,15120.0,20925.0,2024-11-04,872.0,2,2024-09
1186,2024-09-02,15120.0,20925.0,2024-11-12,872.0,2,2024-09
1186,2024-09-02,15120.0,20925.0,2024-11-18,800.0,2,2024-09
1186,2024-09-02,15120.0,20925.0,2024-11-26,900.0,2,2024-09
1186,2024-09-02,15120.0,20925.0,2024-12-02,800.0,3,2024-09
1186,2024-09-02,15120.0,20925.0,2024-12-09,850.0,3,2024-09
1186,2024-09-02,15120.0,20925.0,2024-12-17,900.0,3,2024-09
1186,2024-09-02,15120.0,20925.0,2024-12-24,900.0,3,2024-09
1186,2024-09-02,15120.0,20925.0,2024-12-30,850.0,3,2024-09
1186,2024-09-02,15120.0,20925.0,2025-01-06,850.0,4,2024-09
1186,2024-09-02,15120.0,20925.0,2025-01-13,900.0,4,2024-09
1186,2024-09-02,15120.0,20925.0,2025-01-20,900.0,4,2024-09
1186,2024-09-02,15120.0,20925.0,2025-01-27,850.0,4,2024-09
1186,2024-09-02,15120.0,20925.0,2025-02-03,900.0,5,2024-09
1186,2024-09-02,15120.0,20925.0,2025-02-10,850.0,5,2024-09
1186,2024-09-02,15120.0,20925.0,2025-02-17,956.0,5,2024-09
1189,2024-09-03,9690.0,13715.0,2024-09-10,565.0,0,2024-09
1189,2024-09-03,9690.0,13715.0,2024-09-17,257.0,0,2024-09
1189,2024-09-03,9690.0,13715.0,2024-09-24,500.0,0,2024-09
1189,2024-09-03,9690.0,13715.0,2024-10-01,850.0,1,2024-09
1189,2024-09-03,9690.0,13715.0,2024-10-08,400.0,1,2024-09
1189,2024-09-03,9690.0,13715.0,2024-10-15,500.0,1,2024-09
1189,2024-09-03,9690.0,13715.0,2024-10-28,0.0,1,2024-09
1189,2024-09-03,9690.0,13715.0,2024-10-29,0.0,1,2024-09
1189,2024-09-03,9690.0,13715.0,2024-11-05,0.0,2,2024-09
1189,2024-09-03,9690.0,13715.0,2024-11-12,0.0,2,2024-09
1189,2024-09-03,9690.0,13715.0,2024-11-19,0.0,2,2024-09
1189,2024-09-03,9690.0,13715.0,2024-11-26,0.0,2,2024-09
1189,2024-09-03,9690.0,13715.0,2024-12-07,4300.0,3,2024-09
1189,2024-09-03,9690.0,13715.0,2024-12-11,500.0,3,2024-09
1189,2024-09-03,9690.0,13715.0,2024-12-18,500.0,3,2024-09
1189,2024-09-03,9690.0,13715.0,2024-12-24,500.0,3,2024-09
1189,2024-09-03,9690.0,13715.0,2025-01-05,500.0,4,2024-09
1189,2024-09-03,9690.0,13715.0,2025-01-07,0.0,4,2024-09
1189,2024-09-03,9690.0,13715.0,2025-01-14,0.0,4,2024-09
1189,2024-09-03,9690.0,13715.0,2025-01-21,1500.0,4,2024-09
1189,2024-09-03,9690.0,13715.0,2025-01-28,500.0,4,2024-09
1189,2024-09-03,9690.0,13715.0,2025-02-04,0.0,5,2024-09
1189,2024-09-03,9690.0,13715.0,2025-02-11,0.0,5,2024-09
1189,2024-09-03,9690.0,13715.0,2025-02-13,900.0,5,2024-09
1189,2024-09-03,9690.0,13715.0,2025-02-27,0.0,5,2024-09
1189,2024-09-03,9690.0,13715.0,2025-03-01,1445.0,6,2024-09
1190,2024-09-03,14000.0,19375.0,2024-09-10,807.0,0,2024-09
1190,2024-09-03,14000.0,19375.0,2024-09-17,808.0,0,2024-09
1190,2024-09-03,14000.0,19375.0,2024-09-24,807.0,0,2024-09
1190,2024-09-03,14000.0,19375.0,2024-10-01,807.0,1,2024-09
1190,2024-09-03,14000.0,19375.0,2024-10-08,807.0,1,2024-09
1190,2024-09-03,14000.0,19375.0,2024-10-15,807.0,1,2024-09
1190,2024-09-03,14000.0,19375.0,2024-10-22,808.0,1,2024-09
1190,2024-09-03,14000.0,19375.0,2024-10-29,807.0,1,2024-09
1190,2024-09-03,14000.0,19375.0,2024-11-05,808.0,2,2024-09
1190,2024-09-03,14000.0,19375.0,2024-11-12,807.0,2,2024-09
1190,2024-09-03,14000.0,19375.0,2024-11-19,807.0,2,2024-09
1190,2024-09-03,14000.0,19375.0,2024-11-26,807.0,2,2024-09
1190,2024-09-03,14000.0,19375.0,2024-12-03,807.0,3,2024-09
1190,2024-09-03,14000.0,19375.0,2024-12-10,807.0,3,2024-09
1190,2024-09-03,14000.0,19375.0,2024-12-17,807.0,3,2024-09
1190,2024-09-03,14000.0,19375.0,2024-12-24,808.0,3,2024-09
1190,2024-09-03,14000.0,19375.0,2024-12-31,808.0,3,2024-09
1190,2024-09-03,14000.0,19375.0,2025-01-08,807.0,4,2024-09
1190,2024-09-03,14000.0,19375.0,2025-01-14,808.0,4,2024-09
1190,2024-09-03,14000.0,19375.0,2025-01-21,804.0,4,2024-09
1190,2024-09-03,14000.0,19375.0,2025-01-28,810.0,4,2024-09
1190,2024-09-03,14000.0,19375.0,2025-02-04,807.0,5,2024-09
1190,2024-09-03,14000.0,19375.0,2025-02-11,808.0,5,2024-09
1190,2024-09-03,14000.0,19375.0,2025-02-18,807.0,5,2024-09
1191,2024-09-03,13110.0,18170.0,2024-09-10,760.0,0,2024-09
1191,2024-09-03,13110.0,18170.0,2024-09-17,760.0,0,2024-09
1191,2024-09-03,13110.0,18170.0,2024-09-24,760.0,0,2024-09
1191,2024-09-03,13110.0,18170.0,2024-10-01,757.0,1,2024-09
1191,2024-09-03,13110.0,18170.0,2024-10-08,757.0,1,2024-09
1191,2024-09-03,13110.0,18170.0,2024-10-15,757.0,1,2024-09
1191,2024-09-03,13110.0,18170.0,2024-10-22,757.0,1,2024-09
1191,2024-09-03,13110.0,18170.0,2024-10-29,757.0,1,2024-09
1191,2024-09-03,13110.0,18170.0,2024-11-05,757.0,2,2024-09
1191,2024-09-03,13110.0,18170.0,2024-11-12,757.0,2,2024-09
1191,2024-09-03,13110.0,18170.0,2024-11-19,749.0,2,2024-09
1191,2024-09-03,13110.0,18170.0,2024-11-26,757.0,2,2024-09
1191,2024-09-03,13110.0,18170.0,2024-12-03,757.0,3,2024-09
1191,2024-09-03,13110.0,18170.0,2024-12-10,757.0,3,2024-09
1191,2024-09-03,13110.0,18170.0,2024-12-17,757.0,3,2024-09
1191,2024-09-03,13110.0,18170.0,2024-12-24,757.0,3,2024-09
1191,2024-09-03,13110.0,18170.0,2024-12-31,757.0,3,2024-09
1191,2024-09-03,13110.0,18170.0,2025-01-07,757.0,4,2024-09
1191,2024-09-03,13110.0,18170.0,2025-01-14,757.0,4,2024-09
1191,2024-09-03,13110.0,18170.0,2025-01-21,757.0,4,2024-09
1191,2024-09-03,13110.0,18170.0,2025-01-28,757.0,4,2024-09
1191,2024-09-03,13110.0,18170.0,2025-02-04,757.0,5,2024-09
1191,2024-09-03,13110.0,18170.0,2025-02-11,757.0,5,2024-09
1191,2024-09-03,13110.0,18170.0,2025-02-18,757.0,5,2024-09
1192,2024-09-03,15120.0,26125.0,2025-02-18,872.0,5,2024-09
1192,2024-09-03,15120.0,26125.0,2025-02-18,0.0,5,2024-09
1192,2024-09-03,15120.0,26125.0,2025-02-18,2700.0,5,2024-09
1192,2024-09-03,15120.0,26125.0,2025-02-25,0.0,5,2024-09
1192,2024-09-03,15120.0,26125.0,2025-03-02,6000.0,6,2024-09
1192,2024-09-03,15120.0,26125.0,2025-03-11,0.0,6,2024-09
1192,2024-09-03,15120.0,26125.0,2025-03-18,0.0,6,2024-09
1192,2024-09-03,15120.0,26125.0,2025-03-25,0.0,6,2024-09
1192,2024-09-03,15120.0,26125.0,2025-04-06,0.0,7,2024-09
1192,2024-09-03,15120.0,26125.0,2025-04-08,0.0,7,2024-09
1192,2024-09-03,15120.0,26125.0,2025-04-15,0.0,7,2024-09
1192,2024-09-03,15120.0,26125.0,2025-04-22,0.0,7,2024-09
1192,2024-09-03,15120.0,26125.0,2025-04-29,0.0,7,2024-09
1192,2024-09-03,15120.0,26125.0,2025-05-06,0.0,8,2024-09
1192,2024-09-03,15120.0,26125.0,2025-05-17,2800.0,8,2024-09
1192,2024-09-03,15120.0,26125.0,2025-05-20,200.0,8,2024-09
1192,2024-09-03,15120.0,26125.0,2025-05-27,1000.0,8,2024-09
1192,2024-09-03,15120.0,26125.0,2025-06-03,600.0,9,2024-09
1192,2024-09-03,15120.0,26125.0,2025-09-27,0.0,12,2024-09
1192,2024-09-03,15120.0,26125.0,2025-10-01,0.0,13,2024-09
1192,2024-09-03,15120.0,26125.0,2025-10-08,2000.0,13,2024-09
1192,2024-09-03,15120.0,26125.0,2025-10-15,1000.0,13,2024-09
1192,2024-09-03,15120.0,26125.0,2025-10-22,1000.0,13,2024-09
1192,2024-09-03,15120.0,26125.0,2025-10-29,0.0,13,2024-09
1192,2024-09-03,15120.0,26125.0,2025-11-12,0.0,14,2024-09
1192,2024-09-03,15120.0,26125.0,2025-11-13,1000.0,14,2024-09
1192,2024-09-03,15120.0,26125.0,2025-11-19,0.0,14,2024-09
1192,2024-09-03,15120.0,26125.0,2025-12-01,0.0,15,2024-09
1192,2024-09-03,15120.0,26125.0,2025-12-08,0.0,15,2024-09
1192,2024-09-03,15120.0,26125.0,2025-12-15,0.0,15,2024-09
1192,2024-09-03,15120.0,26125.0,2025-12-22,0.0,15,2024-09
1192,2024-09-03,15120.0,26125.0,2025-12-29,0.0,15,2024-09
1192,2024-09-03,15120.0,26125.0,2026-01-05,0.0,16,2024-09
1192,2024-09-03,15120.0,26125.0,2026-01-12,0.0,16,2024-09
1192,2024-09-03,15120.0,26125.0,2026-01-19,0.0,16,2024-09
1192,2024-09-03,15120.0,26125.0,2026-01-26,0.0,16,2024-09
1192,2024-09-03,15120.0,26125.0,2026-02-02,0.0,17,2024-09
1192,2024-09-03,15120.0,26125.0,2026-02-03,1000.0,17,2024-09
1193,2024-09-05,6840.0,9600.0,2024-09-12,400.0,0,2024-09
1193,2024-09-05,6840.0,9600.0,2024-09-19,400.0,0,2024-09
1193,2024-09-05,6840.0,9600.0,2024-09-26,400.0,0,2024-09
1193,2024-09-05,6840.0,9600.0,2024-10-03,400.0,1,2024-09
1193,2024-09-05,6840.0,9600.0,2024-10-10,800.0,1,2024-09
1193,2024-09-05,6840.0,9600.0,2024-10-17,0.0,1,2024-09
1193,2024-09-05,6840.0,9600.0,2024-10-28,400.0,1,2024-09
1193,2024-09-05,6840.0,9600.0,2024-10-31,400.0,1,2024-09
1193,2024-09-05,6840.0,9600.0,2024-11-07,1200.0,2,2024-09
1193,2024-09-05,6840.0,9600.0,2024-11-07,0.0,2,2024-09
1193,2024-09-05,6840.0,9600.0,2024-11-28,400.0,2,2024-09
1193,2024-09-05,6840.0,9600.0,2024-12-05,2000.0,3,2024-09
1193,2024-09-05,6840.0,9600.0,2024-12-05,0.0,3,2024-09
1193,2024-09-05,6840.0,9600.0,2025-01-11,1200.0,4,2024-09
1193,2024-09-05,6840.0,9600.0,2025-01-11,0.0,4,2024-09
1193,2024-09-05,6840.0,9600.0,2025-01-30,800.0,4,2024-09
1193,2024-09-05,6840.0,9600.0,2025-01-30,0.0,4,2024-09
1193,2024-09-05,6840.0,9600.0,2025-02-06,800.0,5,2024-09
1193,2024-09-05,6840.0,9600.0,2025-02-06,0.0,5,2024-09
1194,2024-09-07,14000.0,19375.0,2024-09-14,808.0,0,2024-09
1194,2024-09-07,14000.0,19375.0,2024-09-21,808.0,0,2024-09
1194,2024-09-07,14000.0,19375.0,2024-09-28,808.0,0,2024-09
1194,2024-09-07,14000.0,19375.0,2024-10-05,808.0,1,2024-09
1194,2024-09-07,14000.0,19375.0,2024-10-12,808.0,1,2024-09
1194,2024-09-07,14000.0,19375.0,2024-10-19,808.0,1,2024-09
1194,2024-09-07,14000.0,19375.0,2024-10-28,808.0,1,2024-09
1194,2024-09-07,14000.0,19375.0,2024-11-02,808.0,2,2024-09
1194,2024-09-07,14000.0,19375.0,2024-11-09,808.0,2,2024-09
1194,2024-09-07,14000.0,19375.0,2024-11-16,808.0,2,2024-09
1194,2024-09-07,14000.0,19375.0,2024-11-23,800.0,2,2024-09
1194,2024-09-07,14000.0,19375.0,2024-11-30,807.0,2,2024-09
1194,2024-09-07,14000.0,19375.0,2024-12-07,808.0,3,2024-09
1194,2024-09-07,14000.0,19375.0,2024-12-14,808.0,3,2024-09
1194,2024-09-07,14000.0,19375.0,2024-12-21,806.0,3,2024-09
1194,2024-09-07,14000.0,19375.0,2024-12-28,807.0,3,2024-09
1194,2024-09-07,14000.0,19375.0,2025-01-04,808.0,4,2024-09
1194,2024-09-07,14000.0,19375.0,2025-01-11,807.0,4,2024-09
1194,2024-09-07,14000.0,19375.0,2025-01-18,807.0,4,2024-09
1194,2024-09-07,14000.0,19375.0,2025-01-25,807.0,4,2024-09
1194,2024-09-07,14000.0,19375.0,2025-02-02,807.0,5,2024-09
1194,2024-09-07,14000.0,19375.0,2025-02-08,808.0,5,2024-09
1194,2024-09-07,14000.0,19375.0,2025-02-16,807.0,5,2024-09
1194,2024-09-07,14000.0,19375.0,2025-02-22,807.0,5,2024-09
1196,2024-09-07,15120.0,26425.0,2024-09-14,872.0,0,2024-09
1196,2024-09-07,15120.0,26425.0,2024-09-21,872.0,0,2024-09
1196,2024-09-07,15120.0,26425.0,2024-09-28,800.0,0,2024-09
1196,2024-09-07,15120.0,26425.0,2024-10-05,800.0,1,2024-09
1196,2024-09-07,15120.0,26425.0,2024-10-12,800.0,1,2024-09
1196,2024-09-07,15120.0,26425.0,2024-10-19,700.0,1,2024-09
1196,2024-09-07,15120.0,26425.0,2024-10-28,700.0,1,2024-09
1196,2024-09-07,15120.0,26425.0,2024-11-02,400.0,2,2024-09
1196,2024-09-07,15120.0,26425.0,2024-11-09,200.0,2,2024-09
1196,2024-09-07,15120.0,26425.0,2024-11-18,1000.0,2,2024-09
1196,2024-09-07,15120.0,26425.0,2024-11-23,0.0,2,2024-09
1196,2024-09-07,15120.0,26425.0,2024-11-30,0.0,2,2024-09
1196,2024-09-07,15120.0,26425.0,2024-12-07,0.0,3,2024-09
1196,2024-09-07,15120.0,26425.0,2024-12-14,0.0,3,2024-09
1196,2024-09-07,15120.0,26425.0,2024-12-21,0.0,3,2024-09
1196,2024-09-07,15120.0,26425.0,2024-12-28,0.0,3,2024-09
1196,2024-09-07,15120.0,26425.0,2025-01-04,0.0,4,2024-09
1196,2024-09-07,15120.0,26425.0,2025-01-11,0.0,4,2024-09
1196,2024-09-07,15120.0,26425.0,2025-01-18,0.0,4,2024-09
1196,2024-09-07,15120.0,26425.0,2025-01-25,0.0,4,2024-09
1196,2024-09-07,15120.0,26425.0,2025-02-01,0.0,5,2024-09
1196,2024-09-07,15120.0,26425.0,2025-02-08,0.0,5,2024-09
1196,2024-09-07,15120.0,26425.0,2025-02-16,0.0,5,2024-09
1196,2024-09-07,15120.0,26425.0,2025-02-22,0.0,5,2024-09
1196,2024-09-07,15120.0,26425.0,2025-03-01,0.0,6,2024-09
1196,2024-09-07,15120.0,26425.0,2025-03-08,0.0,6,2024-09
1196,2024-09-07,15120.0,26425.0,2025-03-15,0.0,6,2024-09
1196,2024-09-07,15120.0,26425.0,2025-03-25,0.0,6,2024-09
1196,2024-09-07,15120.0,26425.0,2025-04-06,0.0,7,2024-09
1196,2024-09-07,15120.0,26425.0,2025-04-07,0.0,7,2024-09
1196,2024-09-07,15120.0,26425.0,2025-04-12,0.0,7,2024-09
1196,2024-09-07,15120.0,26425.0,2025-04-19,1000.0,7,2024-09
1196,2024-09-07,15120.0,26425.0,2025-04-26,1000.0,7,2024-09
1196,2024-09-07,15120.0,26425.0,2025-05-04,1000.0,8,2024-09
1196,2024-09-07,15120.0,26425.0,2025-05-10,1000.0,8,2024-09
1196,2024-09-07,15120.0,26425.0,2025-05-18,1000.0,8,2024-09
1196,2024-09-07,15120.0,26425.0,2025-05-24,0.0,8,2024-09
1196,2024-09-07,15120.0,26425.0,2025-05-31,0.0,8,2024-09
1196,2024-09-07,15120.0,26425.0,2025-07-26,0.0,10,2024-09
1196,2024-09-07,15120.0,26425.0,2025-07-26,1000.0,10,2024-09
1196,2024-09-07,15120.0,26425.0,2025-08-02,0.0,11,2024-09
1196,2024-09-07,15120.0,26425.0,2025-08-09,0.0,11,2024-09
1196,2024-09-07,15120.0,26425.0,2025-08-16,0.0,11,2024-09
1196,2024-09-07,15120.0,26425.0,2025-08-23,0.0,11,2024-09
1196,2024-09-07,15120.0,26425.0,2025-08-30,0.0,11,2024-09
1196,2024-09-07,15120.0,26425.0,2025-09-06,0.0,12,2024-09
1196,2024-09-07,15120.0,26425.0,2025-09-14,0.0,12,2024-09
1196,2024-09-07,15120.0,26425.0,2025-09-27,0.0,12,2024-09
1196,2024-09-07,15120.0,26425.0,2025-09-28,0.0,12,2024-09
1196,2024-09-07,15120.0,26425.0,2025-10-05,0.0,13,2024-09
1196,2024-09-07,15120.0,26425.0,2025-10-12,0.0,13,2024-09
1196,2024-09-07,15120.0,26425.0,2025-10-19,0.0,13,2024-09
1196,2024-09-07,15120.0,26425.0,2025-10-26,0.0,13,2024-09
1196,2024-09-07,15120.0,26425.0,2025-11-02,0.0,14,2024-09
1196,2024-09-07,15120.0,26425.0,2025-11-08,3000.0,14,2024-09
1196,2024-09-07,15120.0,26425.0,2025-11-16,0.0,14,2024-09
1196,2024-09-07,15120.0,26425.0,2025-11-23,0.0,14,2024-09
1196,2024-09-07,15120.0,26425.0,2025-12-05,0.0,15,2024-09
1196,2024-09-07,15120.0,26425.0,2025-12-12,0.0,15,2024-09
1196,2024-09-07,15120.0,26425.0,2025-12-19,0.0,15,2024-09
1196,2024-09-07,15120.0,26425.0,2025-12-26,0.0,15,2024-09
1196,2024-09-07,15120.0,26425.0,2026-01-02,0.0,16,2024-09
1196,2024-09-07,15120.0,26425.0,2026-01-09,0.0,16,2024-09
1196,2024-09-07,15120.0,26425.0,2026-01-18,0.0,16,2024-09
1196,2024-09-07,15120.0,26425.0,2026-01-23,0.0,16,2024-09
1196,2024-09-07,15120.0,26425.0,2026-01-30,0.0,16,2024-09
1196,2024-09-07,15120.0,26425.0,2026-02-06,0.0,17,2024-09
1196,2024-09-07,15120.0,26425.0,2026-02-13,0.0,17,2024-09
1196,2024-09-07,15120.0,26425.0,2026-02-20,0.0,17,2024-09
1196,2024-09-07,15120.0,26425.0,2026-02-27,0.0,17,2024-09
1196,2024-09-07,15120.0,26425.0,2026-03-06,0.0,18,2024-09
1196,2024-09-07,15120.0,26425.0,2026-03-13,0.0,18,2024-09
1196,2024-09-07,15120.0,26425.0,2026-03-20,0.0,18,2024-09
1196,2024-09-07,15120.0,26425.0,2026-03-27,0.0,18,2024-09
1204,2024-09-12,12320.0,17260.0,2024-09-19,715.0,0,2024-09
1204,2024-09-12,12320.0,17260.0,2024-09-26,715.0,0,2024-09
1204,2024-09-12,12320.0,17260.0,2024-10-03,715.0,1,2024-09
1204,2024-09-12,12320.0,17260.0,2024-10-10,715.0,1,2024-09
1204,2024-09-12,12320.0,17260.0,2024-10-17,715.0,1,2024-09
1204,2024-09-12,12320.0,17260.0,2024-10-28,715.0,1,2024-09
1204,2024-09-12,12320.0,17260.0,2024-10-31,715.0,1,2024-09
1204,2024-09-12,12320.0,17260.0,2024-11-07,715.0,2,2024-09
1204,2024-09-12,12320.0,17260.0,2024-11-14,715.0,2,2024-09
1204,2024-09-12,12320.0,17260.0,2024-11-21,715.0,2,2024-09
1204,2024-09-12,12320.0,17260.0,2024-11-30,600.0,2,2024-09
1204,2024-09-12,12320.0,17260.0,2024-12-05,715.0,3,2024-09
1204,2024-09-12,12320.0,17260.0,2024-12-12,715.0,3,2024-09
1204,2024-09-12,12320.0,17260.0,2024-12-23,715.0,3,2024-09
1204,2024-09-12,12320.0,17260.0,2024-12-26,715.0,3,2024-09
1204,2024-09-12,12320.0,17260.0,2025-01-02,715.0,4,2024-09
1204,2024-09-12,12320.0,17260.0,2025-01-09,0.0,4,2024-09
1204,2024-09-12,12320.0,17260.0,2025-01-16,0.0,4,2024-09
1204,2024-09-12,12320.0,17260.0,2025-01-23,0.0,4,2024-09
1204,2024-09-12,12320.0,17260.0,2025-01-30,0.0,4,2024-09
1204,2024-09-12,12320.0,17260.0,2025-02-06,0.0,5,2024-09
1204,2024-09-12,12320.0,17260.0,2025-02-13,0.0,5,2024-09
1204,2024-09-12,12320.0,17260.0,2025-02-20,0.0,5,2024-09
1204,2024-09-12,12320.0,17260.0,2025-03-02,0.0,6,2024-09
1204,2024-09-12,12320.0,17260.0,2025-03-06,1430.0,6,2024-09
1204,2024-09-12,12320.0,17260.0,2025-03-13,4505.0,6,2024-09
1205,2024-09-12,11000.0,21300.0,2024-09-19,650.0,0,2024-09
1205,2024-09-12,11000.0,21300.0,2024-09-26,650.0,0,2024-09
1205,2024-09-12,11000.0,21300.0,2024-10-03,650.0,1,2024-09
1205,2024-09-12,11000.0,21300.0,2024-10-10,650.0,1,2024-09
1205,2024-09-12,11000.0,21300.0,2024-10-28,0.0,1,2024-09
1205,2024-09-12,11000.0,21300.0,2024-10-31,0.0,1,2024-09
1205,2024-09-12,11000.0,21300.0,2024-11-07,0.0,2,2024-09
1205,2024-09-12,11000.0,21300.0,2024-11-14,0.0,2,2024-09
1205,2024-09-12,11000.0,21300.0,2024-11-21,0.0,2,2024-09
1205,2024-09-12,11000.0,21300.0,2024-11-28,0.0,2,2024-09
1205,2024-09-12,11000.0,21300.0,2024-12-05,0.0,3,2024-09
1205,2024-09-12,11000.0,21300.0,2024-12-12,0.0,3,2024-09
1205,2024-09-12,11000.0,21300.0,2024-12-19,0.0,3,2024-09
1205,2024-09-12,11000.0,21300.0,2024-12-26,0.0,3,2024-09
1205,2024-09-12,11000.0,21300.0,2025-01-02,0.0,4,2024-09
1205,2024-09-12,11000.0,21300.0,2025-01-09,0.0,4,2024-09
1205,2024-09-12,11000.0,21300.0,2025-01-16,0.0,4,2024-09
1205,2024-09-12,11000.0,21300.0,2025-01-23,0.0,4,2024-09
1205,2024-09-12,11000.0,21300.0,2025-01-30,0.0,4,2024-09
1205,2024-09-12,11000.0,21300.0,2025-02-06,0.0,5,2024-09
1205,2024-09-12,11000.0,21300.0,2025-02-13,0.0,5,2024-09
1205,2024-09-12,11000.0,21300.0,2025-02-20,0.0,5,2024-09
1205,2024-09-12,11000.0,21300.0,2025-03-02,0.0,6,2024-09
1205,2024-09-12,11000.0,21300.0,2025-03-06,0.0,6,2024-09
1205,2024-09-12,11000.0,21300.0,2025-03-13,0.0,6,2024-09
1205,2024-09-12,11000.0,21300.0,2025-03-24,0.0,6,2024-09
1205,2024-09-12,11000.0,21300.0,2025-03-27,0.0,6,2024-09
1205,2024-09-12,11000.0,21300.0,2025-04-06,0.0,7,2024-09
1205,2024-09-12,11000.0,21300.0,2025-04-10,0.0,7,2024-09
1205,2024-09-12,11000.0,21300.0,2025-04-17,0.0,7,2024-09
1205,2024-09-12,11000.0,21300.0,2025-04-24,0.0,7,2024-09
1205,2024-09-12,11000.0,21300.0,2025-05-08,0.0,8,2024-09
1205,2024-09-12,11000.0,21300.0,2025-05-15,0.0,8,2024-09
1205,2024-09-12,11000.0,21300.0,2025-05-22,0.0,8,2024-09
1205,2024-09-12,11000.0,21300.0,2025-05-29,0.0,8,2024-09
1205,2024-09-12,11000.0,21300.0,2025-06-05,0.0,9,2024-09
1205,2024-09-12,11000.0,21300.0,2025-10-05,0.0,13,2024-09
1205,2024-09-12,11000.0,21300.0,2025-10-10,0.0,13,2024-09
1205,2024-09-12,11000.0,21300.0,2025-10-17,0.0,13,2024-09
1205,2024-09-12,11000.0,21300.0,2025-10-24,0.0,13,2024-09
1205,2024-09-12,11000.0,21300.0,2025-10-31,0.0,13,2024-09
1205,2024-09-12,11000.0,21300.0,2025-11-07,0.0,14,2024-09
1205,2024-09-12,11000.0,21300.0,2025-11-14,0.0,14,2024-09
1205,2024-09-12,11000.0,21300.0,2025-11-21,0.0,14,2024-09
1205,2024-09-12,11000.0,21300.0,2025-12-03,0.0,15,2024-09
1205,2024-09-12,11000.0,21300.0,2025-12-10,0.0,15,2024-09
1205,2024-09-12,11000.0,21300.0,2025-12-17,0.0,15,2024-09
1205,2024-09-12,11000.0,21300.0,2025-12-24,0.0,15,2024-09
1205,2024-09-12,11000.0,21300.0,2025-12-31,0.0,15,2024-09
1205,2024-09-12,11000.0,21300.0,2026-01-07,0.0,16,2024-09
1205,2024-09-12,11000.0,21300.0,2026-01-14,0.0,16,2024-09
1205,2024-09-12,11000.0,21300.0,2026-01-21,0.0,16,2024-09
1205,2024-09-12,11000.0,21300.0,2026-01-28,0.0,16,2024-09
1205,2024-09-12,11000.0,21300.0,2026-02-04,0.0,17,2024-09
1205,2024-09-12,11000.0,21300.0,2026-02-11,0.0,17,2024-09
1205,2024-09-12,11000.0,21300.0,2026-02-18,0.0,17,2024-09
1205,2024-09-12,11000.0,21300.0,2026-02-25,0.0,17,2024-09
1205,2024-09-12,11000.0,21300.0,2026-03-04,0.0,18,2024-09
1205,2024-09-12,11000.0,21300.0,2026-03-11,0.0,18,2024-09
1205,2024-09-12,11000.0,21300.0,2026-03-18,0.0,18,2024-09
1205,2024-09-12,11000.0,21300.0,2026-03-25,0.0,18,2024-09
1207,2024-09-14,9000.0,12725.0,2024-09-21,527.0,0,2024-09
1207,2024-09-14,9000.0,12725.0,2024-09-28,530.0,0,2024-09
1207,2024-09-14,9000.0,12725.0,2024-10-05,527.0,1,2024-09
1207,2024-09-14,9000.0,12725.0,2024-10-12,530.0,1,2024-09
1207,2024-09-14,9000.0,12725.0,2024-10-19,527.0,1,2024-09
1207,2024-09-14,9000.0,12725.0,2024-10-28,530.0,1,2024-09
1207,2024-09-14,9000.0,12725.0,2024-11-02,527.0,2,2024-09
1207,2024-09-14,9000.0,12725.0,2024-11-09,516.0,2,2024-09
1207,2024-09-14,9000.0,12725.0,2024-11-16,521.0,2,2024-09
1207,2024-09-14,9000.0,12725.0,2024-11-23,526.0,2,2024-09
1207,2024-09-14,9000.0,12725.0,2024-11-30,526.0,2,2024-09
1207,2024-09-14,9000.0,12725.0,2024-12-07,526.0,3,2024-09
1207,2024-09-14,9000.0,12725.0,2024-12-14,526.0,3,2024-09
1207,2024-09-14,9000.0,12725.0,2024-12-21,526.0,3,2024-09
1207,2024-09-14,9000.0,12725.0,2024-12-28,526.0,3,2024-09
1207,2024-09-14,9000.0,12725.0,2025-01-04,526.0,4,2024-09
1207,2024-09-14,9000.0,12725.0,2025-01-11,526.0,4,2024-09
1207,2024-09-14,9000.0,12725.0,2025-01-18,526.0,4,2024-09
1207,2024-09-14,9000.0,12725.0,2025-01-25,527.0,4,2024-09
1207,2024-09-14,9000.0,12725.0,2025-02-01,530.0,5,2024-09
1207,2024-09-14,9000.0,12725.0,2025-02-08,530.0,5,2024-09
1207,2024-09-14,9000.0,12725.0,2025-02-12,517.0,5,2024-09
1207,2024-09-14,9000.0,12725.0,2025-03-01,527.0,6,2024-09
1207,2024-09-14,9000.0,12725.0,2025-03-01,100.0,6,2024-09
1208,2024-09-14,14000.0,19375.0,2024-09-21,808.0,0,2024-09
1208,2024-09-14,14000.0,19375.0,2024-09-28,807.0,0,2024-09
1208,2024-09-14,14000.0,19375.0,2024-10-05,807.0,1,2024-09
1208,2024-09-14,14000.0,19375.0,2024-10-12,1614.0,1,2024-09
1208,2024-09-14,14000.0,19375.0,2024-10-19,0.0,1,2024-09
1208,2024-09-14,14000.0,19375.0,2024-10-28,807.0,1,2024-09
1208,2024-09-14,14000.0,19375.0,2024-11-02,808.0,2,2024-09
1208,2024-09-14,14000.0,19375.0,2024-11-09,404.0,2,2024-09
1208,2024-09-14,14000.0,19375.0,2024-11-16,807.0,2,2024-09
1208,2024-09-14,14000.0,19375.0,2024-11-24,1211.0,2,2024-09
1208,2024-09-14,14000.0,19375.0,2024-11-30,807.0,2,2024-09
1208,2024-09-14,14000.0,19375.0,2024-12-07,807.0,3,2024-09
1208,2024-09-14,14000.0,19375.0,2024-12-14,807.0,3,2024-09
1208,2024-09-14,14000.0,19375.0,2024-12-21,807.0,3,2024-09
1208,2024-09-14,14000.0,19375.0,2024-12-28,807.0,3,2024-09
1208,2024-09-14,14000.0,19375.0,2025-01-04,0.0,4,2024-09
1208,2024-09-14,14000.0,19375.0,2025-01-05,1616.0,4,2024-09
1208,2024-09-14,14000.0,19375.0,2025-01-18,807.0,4,2024-09
1208,2024-09-14,14000.0,19375.0,2025-01-25,807.0,4,2024-09
1208,2024-09-14,14000.0,19375.0,2025-02-02,807.0,5,2024-09
1208,2024-09-14,14000.0,19375.0,2025-02-08,807.0,5,2024-09
1208,2024-09-14,14000.0,19375.0,2025-02-15,808.0,5,2024-09
1208,2024-09-14,14000.0,19375.0,2025-02-22,807.0,5,2024-09
1208,2024-09-14,14000.0,19375.0,2025-03-01,807.0,6,2024-09
1209,2024-09-14,9690.0,13515.0,2024-09-21,564.0,0,2024-09
1209,2024-09-14,9690.0,13515.0,2024-09-28,564.0,0,2024-09
1209,2024-09-14,9690.0,13515.0,2024-10-05,564.0,1,2024-09
1209,2024-09-14,9690.0,13515.0,2024-10-12,564.0,1,2024-09
1209,2024-09-14,9690.0,13515.0,2024-10-19,563.0,1,2024-09
1209,2024-09-14,9690.0,13515.0,2024-10-28,563.0,1,2024-09
1209,2024-09-14,9690.0,13515.0,2024-11-04,563.0,2,2024-09
1209,2024-09-14,9690.0,13515.0,2024-11-09,563.0,2,2024-09
1209,2024-09-14,9690.0,13515.0,2024-11-16,563.0,2,2024-09
1209,2024-09-14,9690.0,13515.0,2024-11-23,563.0,2,2024-09
1209,2024-09-14,9690.0,13515.0,2024-11-30,560.0,2,2024-09
1209,2024-09-14,9690.0,13515.0,2024-12-07,564.0,3,2024-09
1209,2024-09-14,9690.0,13515.0,2024-12-14,300.0,3,2024-09
1209,2024-09-14,9690.0,13515.0,2024-12-21,826.0,3,2024-09
1209,2024-09-14,9690.0,13515.0,2025-01-02,563.0,4,2024-09
1209,2024-09-14,9690.0,13515.0,2025-01-04,300.0,4,2024-09
1209,2024-09-14,9690.0,13515.0,2025-01-11,826.0,4,2024-09
1209,2024-09-14,9690.0,13515.0,2025-01-22,564.0,4,2024-09
1209,2024-09-14,9690.0,13515.0,2025-01-25,300.0,4,2024-09
1209,2024-09-14,9690.0,13515.0,2025-02-01,350.0,5,2024-09
1209,2024-09-14,9690.0,13515.0,2025-02-08,700.0,5,2024-09
1209,2024-09-14,9690.0,13515.0,2025-02-15,500.0,5,2024-09
1209,2024-09-14,9690.0,13515.0,2025-02-22,500.0,5,2024-09
1209,2024-09-14,9690.0,13515.0,2025-03-01,1028.0,6,2024-09
1212,2024-09-17,17200.0,26531.0,2024-09-24,1106.0,0,2024-09
1212,2024-09-17,17200.0,26531.0,2024-10-01,1105.0,1,2024-09
1212,2024-09-17,17200.0,26531.0,2024-10-08,1105.0,1,2024-09
1212,2024-09-17,17200.0,26531.0,2024-10-15,1105.0,1,2024-09
1212,2024-09-17,17200.0,26531.0,2024-10-22,1105.0,1,2024-09
1212,2024-09-17,17200.0,26531.0,2024-10-29,1105.0,1,2024-09
1212,2024-09-17,17200.0,26531.0,2024-11-05,1105.0,2,2024-09
1212,2024-09-17,17200.0,26531.0,2024-11-12,1105.0,2,2024-09
1212,2024-09-17,17200.0,26531.0,2024-11-19,1105.0,2,2024-09
1212,2024-09-17,17200.0,26531.0,2024-11-26,1105.0,2,2024-09
1212,2024-09-17,17200.0,26531.0,2024-12-03,1105.0,3,2024-09
1212,2024-09-17,17200.0,26531.0,2024-12-10,1105.0,3,2024-09
1212,2024-09-17,17200.0,26531.0,2024-12-17,1090.0,3,2024-09
1212,2024-09-17,17200.0,26531.0,2024-12-24,1105.0,3,2024-09
1212,2024-09-17,17200.0,26531.0,2024-12-31,1105.0,3,2024-09
1212,2024-09-17,17200.0,26531.0,2025-01-07,1105.0,4,2024-09
1212,2024-09-17,17200.0,26531.0,2025-01-14,1105.0,4,2024-09
1212,2024-09-17,17200.0,26531.0,2025-01-21,1105.0,4,2024-09
1212,2024-09-17,17200.0,26531.0,2025-01-28,1105.0,4,2024-09
1212,2024-09-17,17200.0,26531.0,2025-02-04,1105.0,5,2024-09
1212,2024-09-17,17200.0,26531.0,2025-02-11,1105.0,5,2024-09
1212,2024-09-17,17200.0,26531.0,2025-02-18,1105.0,5,2024-09
1212,2024-09-17,17200.0,26531.0,2025-02-25,1105.0,5,2024-09
1212,2024-09-17,17200.0,26531.0,2025-03-04,1130.0,6,2024-09
1213,2024-09-17,11920.0,16645.0,2024-09-24,600.0,0,2024-09
1213,2024-09-17,11920.0,16645.0,2024-10-01,700.0,1,2024-09
1213,2024-09-17,11920.0,16645.0,2024-10-08,3033.0,1,2024-09
1213,2024-09-17,11920.0,16645.0,2024-10-15,0.0,1,2024-09
1213,2024-09-17,11920.0,16645.0,2024-10-22,0.0,1,2024-09
1213,2024-09-17,11920.0,16645.0,2024-10-29,0.0,1,2024-09
1213,2024-09-17,11920.0,16645.0,2024-11-05,696.0,2,2024-09
1213,2024-09-17,11920.0,16645.0,2024-11-12,695.0,2,2024-09
1213,2024-09-17,11920.0,16645.0,2024-11-19,518.0,2,2024-09
1213,2024-09-17,11920.0,16645.0,2024-11-26,694.0,2,2024-09
1213,2024-09-17,11920.0,16645.0,2024-12-03,693.0,3,2024-09
1213,2024-09-17,11920.0,16645.0,2024-12-10,693.0,3,2024-09
1213,2024-09-17,11920.0,16645.0,2024-12-17,696.0,3,2024-09
1213,2024-09-17,11920.0,16645.0,2024-12-24,691.0,3,2024-09
1213,2024-09-17,11920.0,16645.0,2024-12-31,696.0,3,2024-09
1213,2024-09-17,11920.0,16645.0,2025-01-07,655.0,4,2024-09
1213,2024-09-17,11920.0,16645.0,2025-01-14,730.0,4,2024-09
1213,2024-09-17,11920.0,16645.0,2025-01-21,692.0,4,2024-09
1213,2024-09-17,11920.0,16645.0,2025-01-25,1394.0,4,2024-09
1213,2024-09-17,11920.0,16645.0,2025-01-25,0.0,4,2024-09
1213,2024-09-17,11920.0,16645.0,2025-02-11,700.0,5,2024-09
1213,2024-09-17,11920.0,16645.0,2025-02-18,700.0,5,2024-09
1213,2024-09-17,11920.0,16645.0,2025-02-26,700.0,5,2024-09
1213,2024-09-17,11920.0,16645.0,2025-03-04,670.0,6,2024-09
1214,2024-09-17,6125.0,8688.0,2024-09-24,362.0,0,2024-09
1214,2024-09-17,6125.0,8688.0,2024-10-01,362.0,1,2024-09
1214,2024-09-17,6125.0,8688.0,2024-10-08,362.0,1,2024-09
1214,2024-09-17,6125.0,8688.0,2024-10-15,362.0,1,2024-09
1214,2024-09-17,6125.0,8688.0,2024-10-22,362.0,1,2024-09
1214,2024-09-17,6125.0,8688.0,2024-10-29,362.0,1,2024-09
1214,2024-09-17,6125.0,8688.0,2024-11-05,362.0,2,2024-09
1214,2024-09-17,6125.0,8688.0,2024-11-12,362.0,2,2024-09
1214,2024-09-17,6125.0,8688.0,2024-11-19,362.0,2,2024-09
1214,2024-09-17,6125.0,8688.0,2024-11-26,362.0,2,2024-09
1214,2024-09-17,6125.0,8688.0,2024-12-03,362.0,3,2024-09
1214,2024-09-17,6125.0,8688.0,2024-12-10,362.0,3,2024-09
1214,2024-09-17,6125.0,8688.0,2024-12-17,362.0,3,2024-09
1214,2024-09-17,6125.0,8688.0,2024-12-24,362.0,3,2024-09
1214,2024-09-17,6125.0,8688.0,2024-12-31,362.0,3,2024-09
1214,2024-09-17,6125.0,8688.0,2025-01-07,362.0,4,2024-09
1214,2024-09-17,6125.0,8688.0,2025-01-14,362.0,4,2024-09
1214,2024-09-17,6125.0,8688.0,2025-01-21,362.0,4,2024-09
1214,2024-09-17,6125.0,8688.0,2025-01-28,362.0,4,2024-09
1214,2024-09-17,6125.0,8688.0,2025-02-04,362.0,5,2024-09
1214,2024-09-17,6125.0,8688.0,2025-02-11,362.0,5,2024-09
1214,2024-09-17,6125.0,8688.0,2025-02-18,362.0,5,2024-09
1214,2024-09-17,6125.0,8688.0,2025-02-25,362.0,5,2024-09
1214,2024-09-17,6125.0,8688.0,2025-03-04,362.0,6,2024-09
1215,2024-09-17,8700.0,12405.0,2024-09-24,505.0,0,2024-09
1215,2024-09-17,8700.0,12405.0,2024-10-01,505.0,1,2024-09
1215,2024-09-17,8700.0,12405.0,2024-10-08,505.0,1,2024-09
1215,2024-09-17,8700.0,12405.0,2024-10-15,505.0,1,2024-09
1215,2024-09-17,8700.0,12405.0,2024-10-22,504.0,1,2024-09
1215,2024-09-17,8700.0,12405.0,2024-10-29,504.0,1,2024-09
1215,2024-09-17,8700.0,12405.0,2024-11-05,504.0,2,2024-09
1215,2024-09-17,8700.0,12405.0,2024-11-12,504.0,2,2024-09
1215,2024-09-17,8700.0,12405.0,2024-11-19,503.0,2,2024-09
1215,2024-09-17,8700.0,12405.0,2024-11-26,504.0,2,2024-09
1215,2024-09-17,8700.0,12405.0,2024-12-03,504.0,3,2024-09
1215,2024-09-17,8700.0,12405.0,2024-12-10,504.0,3,2024-09
1215,2024-09-17,8700.0,12405.0,2024-12-17,504.0,3,2024-09
1215,2024-09-17,8700.0,12405.0,2024-12-24,504.0,3,2024-09
1215,2024-09-17,8700.0,12405.0,2024-12-31,260.0,3,2024-09
1215,2024-09-17,8700.0,12405.0,2025-01-07,749.0,4,2024-09
1215,2024-09-17,8700.0,12405.0,2025-01-14,504.0,4,2024-09
1215,2024-09-17,8700.0,12405.0,2025-01-21,504.0,4,2024-09
1215,2024-09-17,8700.0,12405.0,2025-01-28,504.0,4,2024-09
1215,2024-09-17,8700.0,12405.0,2025-02-04,250.0,5,2024-09
1215,2024-09-17,8700.0,12405.0,2025-02-11,380.0,5,2024-09
1215,2024-09-17,8700.0,12405.0,2025-02-18,500.0,5,2024-09
1215,2024-09-17,8700.0,12405.0,2025-02-26,300.0,5,2024-09
1215,2024-09-17,8700.0,12405.0,2025-03-04,300.0,6,2024-09
1215,2024-09-17,8700.0,12405.0,2025-03-11,200.0,6,2024-09
1215,2024-09-17,8700.0,12405.0,2025-03-18,200.0,6,2024-09
1215,2024-09-17,8700.0,12405.0,2025-03-20,692.0,6,2024-09
1216,2024-09-17,9200.0,12900.0,2024-09-24,538.0,0,2024-09
1216,2024-09-17,9200.0,12900.0,2024-10-01,538.0,1,2024-09
1216,2024-09-17,9200.0,12900.0,2024-10-08,538.0,1,2024-09
1216,2024-09-17,9200.0,12900.0,2024-10-15,538.0,1,2024-09
1216,2024-09-17,9200.0,12900.0,2024-10-22,538.0,1,2024-09
1216,2024-09-17,9200.0,12900.0,2024-10-31,538.0,1,2024-09
1216,2024-09-17,9200.0,12900.0,2024-11-05,538.0,2,2024-09
1216,2024-09-17,9200.0,12900.0,2024-11-12,538.0,2,2024-09
1216,2024-09-17,9200.0,12900.0,2024-11-19,538.0,2,2024-09
1216,2024-09-17,9200.0,12900.0,2024-11-27,538.0,2,2024-09
1216,2024-09-17,9200.0,12900.0,2024-12-04,538.0,3,2024-09
1216,2024-09-17,9200.0,12900.0,2024-12-11,538.0,3,2024-09
1216,2024-09-17,9200.0,12900.0,2024-12-21,538.0,3,2024-09
1216,2024-09-17,9200.0,12900.0,2024-12-24,531.0,3,2024-09
1216,2024-09-17,9200.0,12900.0,2024-12-31,538.0,3,2024-09
1216,2024-09-17,9200.0,12900.0,2025-01-07,538.0,4,2024-09
1216,2024-09-17,9200.0,12900.0,2025-01-14,538.0,4,2024-09
1216,2024-09-17,9200.0,12900.0,2025-01-22,538.0,4,2024-09
1216,2024-09-17,9200.0,12900.0,2025-01-28,537.0,4,2024-09
1216,2024-09-17,9200.0,12900.0,2025-02-04,538.0,5,2024-09
1216,2024-09-17,9200.0,12900.0,2025-02-11,0.0,5,2024-09
1216,2024-09-17,9200.0,12900.0,2025-02-20,1075.0,5,2024-09
1216,2024-09-17,9200.0,12900.0,2025-02-25,538.0,5,2024-09
1216,2024-09-17,9200.0,12900.0,2025-03-04,538.0,6,2024-09
1217,2024-09-18,6270.0,9000.0,2024-09-25,367.0,0,2024-09
1217,2024-09-18,6270.0,9000.0,2024-10-02,367.0,1,2024-09
1217,2024-09-18,6270.0,9000.0,2024-10-09,367.0,1,2024-09
1217,2024-09-18,6270.0,9000.0,2024-10-16,367.0,1,2024-09
1217,2024-09-18,6270.0,9000.0,2024-10-23,367.0,1,2024-09
1217,2024-09-18,6270.0,9000.0,2024-10-30,367.0,1,2024-09
1217,2024-09-18,6270.0,9000.0,2024-11-07,367.0,2,2024-09
1217,2024-09-18,6270.0,9000.0,2024-11-13,367.0,2,2024-09
1217,2024-09-18,6270.0,9000.0,2024-11-20,364.0,2,2024-09
1217,2024-09-18,6270.0,9000.0,2024-11-27,367.0,2,2024-09
1217,2024-09-18,6270.0,9000.0,2024-12-04,366.0,3,2024-09
1217,2024-09-18,6270.0,9000.0,2024-12-11,367.0,3,2024-09
1217,2024-09-18,6270.0,9000.0,2024-12-18,366.0,3,2024-09
1217,2024-09-18,6270.0,9000.0,2024-12-25,367.0,3,2024-09
1217,2024-09-18,6270.0,9000.0,2025-01-02,367.0,4,2024-09
1217,2024-09-18,6270.0,9000.0,2025-01-09,367.0,4,2024-09
1217,2024-09-18,6270.0,9000.0,2025-01-15,366.0,4,2024-09
1217,2024-09-18,6270.0,9000.0,2025-01-22,367.0,4,2024-09
1217,2024-09-18,6270.0,9000.0,2025-01-29,367.0,4,2024-09
1217,2024-09-18,6270.0,9000.0,2025-02-05,0.0,5,2024-09
1217,2024-09-18,6270.0,9000.0,2025-02-12,0.0,5,2024-09
1217,2024-09-18,6270.0,9000.0,2025-02-19,0.0,5,2024-09
1217,2024-09-18,6270.0,9000.0,2025-03-02,0.0,6,2024-09
1217,2024-09-18,6270.0,9000.0,2025-03-05,0.0,6,2024-09
1217,2024-09-18,6270.0,9000.0,2025-03-15,1000.0,6,2024-09
1219,2024-09-19,9491.0,16170.0,2024-09-26,615.0,0,2024-09
1219,2024-09-19,9491.0,16170.0,2024-10-03,616.0,1,2024-09
1219,2024-09-19,9491.0,16170.0,2024-10-10,615.0,1,2024-09
1219,2024-09-19,9491.0,16170.0,2024-10-17,2464.0,1,2024-09
1219,2024-09-19,9491.0,16170.0,2024-10-24,0.0,1,2024-09
1219,2024-09-19,9491.0,16170.0,2024-10-31,0.0,1,2024-09
1219,2024-09-19,9491.0,16170.0,2024-11-07,0.0,2,2024-09
1219,2024-09-19,9491.0,16170.0,2024-11-14,0.0,2,2024-09
1219,2024-09-19,9491.0,16170.0,2024-11-14,1230.0,2,2024-09
1219,2024-09-19,9491.0,16170.0,2024-11-28,1230.0,2,2024-09
1219,2024-09-19,9491.0,16170.0,2024-11-28,0.0,2,2024-09
1219,2024-09-19,9491.0,16170.0,2024-12-12,0.0,3,2024-09
1219,2024-09-19,9491.0,16170.0,2024-12-19,1260.0,3,2024-09
1219,2024-09-19,9491.0,16170.0,2024-12-26,400.0,3,2024-09
1219,2024-09-19,9491.0,16170.0,2025-01-02,0.0,4,2024-09
1219,2024-09-19,9491.0,16170.0,2025-01-09,0.0,4,2024-09
1219,2024-09-19,9491.0,16170.0,2025-01-16,0.0,4,2024-09
1219,2024-09-19,9491.0,16170.0,2025-01-23,0.0,4,2024-09
1219,2024-09-19,9491.0,16170.0,2025-01-30,0.0,4,2024-09
1219,2024-09-19,9491.0,16170.0,2025-02-06,0.0,5,2024-09
1219,2024-09-19,9491.0,16170.0,2025-02-13,0.0,5,2024-09
1219,2024-09-19,9491.0,16170.0,2025-02-20,0.0,5,2024-09
1219,2024-09-19,9491.0,16170.0,2025-03-02,0.0,6,2024-09
1219,2024-09-19,9491.0,16170.0,2025-03-06,0.0,6,2024-09
1219,2024-09-19,9491.0,16170.0,2025-03-13,0.0,6,2024-09
1219,2024-09-19,9491.0,16170.0,2025-03-24,0.0,6,2024-09
1219,2024-09-19,9491.0,16170.0,2025-03-27,0.0,6,2024-09
1219,2024-09-19,9491.0,16170.0,2025-04-06,0.0,7,2024-09
1219,2024-09-19,9491.0,16170.0,2025-04-10,0.0,7,2024-09
1219,2024-09-19,9491.0,16170.0,2025-04-17,0.0,7,2024-09
1219,2024-09-19,9491.0,16170.0,2025-04-27,3500.0,7,2024-09
1219,2024-09-19,9491.0,16170.0,2025-05-05,0.0,8,2024-09
1219,2024-09-19,9491.0,16170.0,2025-05-10,1200.0,8,2024-09
1219,2024-09-19,9491.0,16170.0,2025-05-14,1000.0,8,2024-09
1219,2024-09-19,9491.0,16170.0,2025-05-22,300.0,8,2024-09
1219,2024-09-19,9491.0,16170.0,2025-05-29,0.0,8,2024-09
1219,2024-09-19,9491.0,16170.0,2025-06-06,1500.0,9,2024-09
1220,2024-09-21,7125.0,9938.0,2024-09-28,415.0,0,2024-09
1220,2024-09-21,7125.0,9938.0,2024-10-05,414.0,1,2024-09
1220,2024-09-21,7125.0,9938.0,2024-10-12,414.0,1,2024-09
1220,2024-09-21,7125.0,9938.0,2024-10-19,414.0,1,2024-09
1220,2024-09-21,7125.0,9938.0,2024-10-28,414.0,1,2024-09
1220,2024-09-21,7125.0,9938.0,2024-11-03,414.0,2,2024-09
1220,2024-09-21,7125.0,9938.0,2024-11-09,414.0,2,2024-09
1220,2024-09-21,7125.0,9938.0,2024-11-17,414.0,2,2024-09
1220,2024-09-21,7125.0,9938.0,2024-11-23,0.0,2,2024-09
1220,2024-09-21,7125.0,9938.0,2024-11-30,830.0,2,2024-09
1220,2024-09-21,7125.0,9938.0,2024-12-07,0.0,3,2024-09
1220,2024-09-21,7125.0,9938.0,2024-12-14,0.0,3,2024-09
1220,2024-09-21,7125.0,9938.0,2024-12-21,0.0,3,2024-09
1220,2024-09-21,7125.0,9938.0,2024-12-28,0.0,3,2024-09
1220,2024-09-21,7125.0,9938.0,2025-01-04,0.0,4,2024-09
1220,2024-09-21,7125.0,9938.0,2025-01-11,0.0,4,2024-09
1220,2024-09-21,7125.0,9938.0,2025-01-18,0.0,4,2024-09
1220,2024-09-21,7125.0,9938.0,2025-01-25,0.0,4,2024-09
1220,2024-09-21,7125.0,9938.0,2025-02-01,0.0,5,2024-09
1220,2024-09-21,7125.0,9938.0,2025-02-08,0.0,5,2024-09
1220,2024-09-21,7125.0,9938.0,2025-02-16,0.0,5,2024-09
1220,2024-09-21,7125.0,9938.0,2025-02-22,828.0,5,2024-09
1220,2024-09-21,7125.0,9938.0,2025-03-03,3250.0,6,2024-09
1220,2024-09-21,7125.0,9938.0,2025-03-08,0.0,6,2024-09
1220,2024-09-21,7125.0,9938.0,2025-03-14,1717.0,6,2024-09
1222,2024-09-23,10191.0,18158.0,2024-11-26,1200.0,2,2024-09
1222,2024-09-23,10191.0,18158.0,2024-11-26,200.0,2,2024-09
1222,2024-09-23,10191.0,18158.0,2024-11-26,1360.0,2,2024-09
1222,2024-09-23,10191.0,18158.0,2024-11-26,0.0,2,2024-09
1222,2024-09-23,10191.0,18158.0,2024-11-26,682.0,2,2024-09
1222,2024-09-23,10191.0,18158.0,2024-11-26,646.0,2,2024-09
1222,2024-09-23,10191.0,18158.0,2024-12-02,0.0,3,2024-09
1222,2024-09-23,10191.0,18158.0,2024-12-09,0.0,3,2024-09
1222,2024-09-23,10191.0,18158.0,2024-12-17,0.0,3,2024-09
1222,2024-09-23,10191.0,18158.0,2024-12-21,2727.0,3,2024-09
1222,2024-09-23,10191.0,18158.0,2024-12-30,0.0,3,2024-09
1222,2024-09-23,10191.0,18158.0,2025-01-06,0.0,4,2024-09
1222,2024-09-23,10191.0,18158.0,2025-01-14,0.0,4,2024-09
1222,2024-09-23,10191.0,18158.0,2025-01-20,0.0,4,2024-09
1222,2024-09-23,10191.0,18158.0,2025-01-27,0.0,4,2024-09
1222,2024-09-23,10191.0,18158.0,2025-02-03,0.0,5,2024-09
1222,2024-09-23,10191.0,18158.0,2025-02-10,1500.0,5,2024-09
1222,2024-09-23,10191.0,18158.0,2025-02-17,0.0,5,2024-09
1222,2024-09-23,10191.0,18158.0,2025-02-24,0.0,5,2024-09
1222,2024-09-23,10191.0,18158.0,2025-03-03,0.0,6,2024-09
1222,2024-09-23,10191.0,18158.0,2025-03-10,0.0,6,2024-09
1222,2024-09-23,10191.0,18158.0,2025-03-17,0.0,6,2024-09
1222,2024-09-23,10191.0,18158.0,2025-03-25,1500.0,6,2024-09
1222,2024-09-23,10191.0,18158.0,2025-04-06,0.0,7,2024-09
1222,2024-09-23,10191.0,18158.0,2025-04-07,0.0,7,2024-09
1222,2024-09-23,10191.0,18158.0,2025-04-20,0.0,7,2024-09
1222,2024-09-23,10191.0,18158.0,2025-04-20,2000.0,7,2024-09
1222,2024-09-23,10191.0,18158.0,2025-04-28,0.0,7,2024-09
1222,2024-09-23,10191.0,18158.0,2025-05-05,0.0,8,2024-09
1222,2024-09-23,10191.0,18158.0,2025-05-12,0.0,8,2024-09
1222,2024-09-23,10191.0,18158.0,2025-05-19,0.0,8,2024-09
1222,2024-09-23,10191.0,18158.0,2025-05-26,0.0,8,2024-09
1222,2024-09-23,10191.0,18158.0,2025-06-02,0.0,9,2024-09
1222,2024-09-23,10191.0,18158.0,2025-06-15,1800.0,9,2024-09
1222,2024-09-23,10191.0,18158.0,2025-06-17,500.0,9,2024-09
1222,2024-09-23,10191.0,18158.0,2025-07-07,0.0,10,2024-09
1222,2024-09-23,10191.0,18158.0,2025-07-07,1000.0,10,2024-09
1223,2024-09-24,6170.0,11610.0,2024-10-01,368.0,1,2024-09
1223,2024-09-24,6170.0,11610.0,2024-10-08,367.0,1,2024-09
1223,2024-09-24,6170.0,11610.0,2024-10-15,367.0,1,2024-09
1223,2024-09-24,6170.0,11610.0,2024-10-22,367.0,1,2024-09
1223,2024-09-24,6170.0,11610.0,2024-10-29,367.0,1,2024-09
1223,2024-09-24,6170.0,11610.0,2024-11-05,320.0,2,2024-09
1223,2024-09-24,6170.0,11610.0,2024-11-12,415.0,2,2024-09
1223,2024-09-24,6170.0,11610.0,2024-11-19,185.0,2,2024-09
1223,2024-09-24,6170.0,11610.0,2024-11-26,245.0,2,2024-09
1223,2024-09-24,6170.0,11610.0,2024-12-03,400.0,3,2024-09
1223,2024-09-24,6170.0,11610.0,2024-12-10,400.0,3,2024-09
1223,2024-09-24,6170.0,11610.0,2024-12-18,367.0,3,2024-09
1223,2024-09-24,6170.0,11610.0,2024-12-24,250.0,3,2024-09
1223,2024-09-24,6170.0,11610.0,2024-12-31,367.0,3,2024-09
1223,2024-09-24,6170.0,11610.0,2025-01-07,0.0,4,2024-09
1223,2024-09-24,6170.0,11610.0,2025-01-14,0.0,4,2024-09
1223,2024-09-24,6170.0,11610.0,2025-01-21,0.0,4,2024-09
1223,2024-09-24,6170.0,11610.0,2025-01-28,0.0,4,2024-09
1223,2024-09-24,6170.0,11610.0,2025-02-04,0.0,5,2024-09
1223,2024-09-24,6170.0,11610.0,2025-02-11,0.0,5,2024-09
1223,2024-09-24,6170.0,11610.0,2025-02-18,0.0,5,2024-09
1223,2024-09-24,6170.0,11610.0,2025-02-25,0.0,5,2024-09
1223,2024-09-24,6170.0,11610.0,2025-03-04,0.0,6,2024-09
1223,2024-09-24,6170.0,11610.0,2025-03-12,1500.0,6,2024-09
1223,2024-09-24,6170.0,11610.0,2025-03-18,0.0,6,2024-09
1223,2024-09-24,6170.0,11610.0,2025-03-25,0.0,6,2024-09
1223,2024-09-24,6170.0,11610.0,2025-04-06,0.0,7,2024-09
1223,2024-09-24,6170.0,11610.0,2025-04-08,0.0,7,2024-09
1223,2024-09-24,6170.0,11610.0,2025-04-15,0.0,7,2024-09
1223,2024-09-24,6170.0,11610.0,2025-05-24,0.0,8,2024-09
1223,2024-09-24,6170.0,11610.0,2025-05-27,0.0,8,2024-09
1223,2024-09-24,6170.0,11610.0,2025-06-03,0.0,9,2024-09
1223,2024-09-24,6170.0,11610.0,2025-06-19,0.0,9,2024-09
1223,2024-09-24,6170.0,11610.0,2025-06-25,0.0,9,2024-09
1223,2024-09-24,6170.0,11610.0,2025-07-01,0.0,10,2024-09
1223,2024-09-24,6170.0,11610.0,2025-07-08,0.0,10,2024-09
1223,2024-09-24,6170.0,11610.0,2025-07-15,0.0,10,2024-09
1223,2024-09-24,6170.0,11610.0,2025-07-23,1000.0,10,2024-09
1223,2024-09-24,6170.0,11610.0,2025-07-29,0.0,10,2024-09
1223,2024-09-24,6170.0,11610.0,2025-08-05,0.0,11,2024-09
1223,2024-09-24,6170.0,11610.0,2025-08-12,0.0,11,2024-09
1223,2024-09-24,6170.0,11610.0,2025-08-19,0.0,11,2024-09
1223,2024-09-24,6170.0,11610.0,2025-08-26,0.0,11,2024-09
1223,2024-09-24,6170.0,11610.0,2025-09-02,0.0,12,2024-09
1223,2024-09-24,6170.0,11610.0,2025-09-09,0.0,12,2024-09
1223,2024-09-24,6170.0,11610.0,2025-09-23,0.0,12,2024-09
1223,2024-09-24,6170.0,11610.0,2025-09-23,4325.0,12,2024-09
1224,2024-09-24,7125.0,10125.0,2024-10-28,422.0,1,2024-09
1224,2024-09-24,7125.0,10125.0,2024-10-29,422.0,1,2024-09
1224,2024-09-24,7125.0,10125.0,2024-11-04,422.0,2,2024-09
1224,2024-09-24,7125.0,10125.0,2024-11-12,422.0,2,2024-09
1224,2024-09-24,7125.0,10125.0,2024-11-19,422.0,2,2024-09
1224,2024-09-24,7125.0,10125.0,2024-11-26,422.0,2,2024-09
1224,2024-09-24,7125.0,10125.0,2024-12-03,422.0,3,2024-09
1224,2024-09-24,7125.0,10125.0,2024-12-10,422.0,3,2024-09
1224,2024-09-24,7125.0,10125.0,2024-12-17,422.0,3,2024-09
1224,2024-09-24,7125.0,10125.0,2024-12-24,422.0,3,2024-09
1224,2024-09-24,7125.0,10125.0,2024-12-31,422.0,3,2024-09
1224,2024-09-24,7125.0,10125.0,2025-01-07,422.0,4,2024-09
1224,2024-09-24,7125.0,10125.0,2025-01-14,422.0,4,2024-09
1224,2024-09-24,7125.0,10125.0,2025-01-21,422.0,4,2024-09
1224,2024-09-24,7125.0,10125.0,2025-01-28,422.0,4,2024-09
1224,2024-09-24,7125.0,10125.0,2025-02-04,422.0,5,2024-09
1224,2024-09-24,7125.0,10125.0,2025-02-11,422.0,5,2024-09
1224,2024-09-24,7125.0,10125.0,2025-02-18,422.0,5,2024-09
1224,2024-09-24,7125.0,10125.0,2025-02-25,422.0,5,2024-09
1224,2024-09-24,7125.0,10125.0,2025-03-04,422.0,6,2024-09
1224,2024-09-24,7125.0,10125.0,2025-03-11,422.0,6,2024-09
1225,2024-09-25,9200.0,13000.0,2024-10-02,550.0,1,2024-09
1225,2024-09-25,9200.0,13000.0,2024-10-09,550.0,1,2024-09
1225,2024-09-25,9200.0,13000.0,2024-10-16,550.0,1,2024-09
1225,2024-09-25,9200.0,13000.0,2024-10-23,550.0,1,2024-09
1225,2024-09-25,9200.0,13000.0,2024-10-30,550.0,1,2024-09
1225,2024-09-25,9200.0,13000.0,2024-11-06,550.0,2,2024-09
1225,2024-09-25,9200.0,13000.0,2024-11-13,492.0,2,2024-09
1225,2024-09-25,9200.0,13000.0,2024-11-21,608.0,2,2024-09
1225,2024-09-25,9200.0,13000.0,2024-11-27,475.0,2,2024-09
1225,2024-09-25,9200.0,13000.0,2024-12-04,542.0,3,2024-09
1225,2024-09-25,9200.0,13000.0,2024-12-12,550.0,3,2024-09
1225,2024-09-25,9200.0,13000.0,2024-12-18,550.0,3,2024-09
1225,2024-09-25,9200.0,13000.0,2024-12-26,550.0,3,2024-09
1225,2024-09-25,9200.0,13000.0,2025-01-02,550.0,4,2024-09
1225,2024-09-25,9200.0,13000.0,2025-01-08,550.0,4,2024-09
1225,2024-09-25,9200.0,13000.0,2025-01-15,540.0,4,2024-09
1225,2024-09-25,9200.0,13000.0,2025-01-22,540.0,4,2024-09
1225,2024-09-25,9200.0,13000.0,2025-01-29,540.0,4,2024-09
1225,2024-09-25,9200.0,13000.0,2025-02-05,550.0,5,2024-09
1225,2024-09-25,9200.0,13000.0,2025-02-13,540.0,5,2024-09
1225,2024-09-25,9200.0,13000.0,2025-02-19,550.0,5,2024-09
1225,2024-09-25,9200.0,13000.0,2025-02-26,550.0,5,2024-09
1225,2024-09-25,9200.0,13000.0,2025-03-05,1030.0,6,2024-09
1225,2024-09-25,9200.0,13000.0,2025-03-05,0.0,6,2024-09
1226,2024-09-25,13991.0,22354.0,2024-10-02,931.0,1,2024-09
1226,2024-09-25,13991.0,22354.0,2024-10-09,932.0,1,2024-09
1226,2024-09-25,13991.0,22354.0,2024-10-16,931.0,1,2024-09
1226,2024-09-25,13991.0,22354.0,2024-10-23,932.0,1,2024-09
1226,2024-09-25,13991.0,22354.0,2024-10-30,931.0,1,2024-09
1226,2024-09-25,13991.0,22354.0,2024-11-06,931.0,2,2024-09
1226,2024-09-25,13991.0,22354.0,2024-11-13,931.0,2,2024-09
1226,2024-09-25,13991.0,22354.0,2024-11-21,932.0,2,2024-09
1226,2024-09-25,13991.0,22354.0,2024-11-27,932.0,2,2024-09
1226,2024-09-25,13991.0,22354.0,2024-12-04,932.0,3,2024-09
1226,2024-09-25,13991.0,22354.0,2024-12-11,932.0,3,2024-09
1226,2024-09-25,13991.0,22354.0,2024-12-18,930.0,3,2024-09
1226,2024-09-25,13991.0,22354.0,2024-12-26,932.0,3,2024-09
1226,2024-09-25,13991.0,22354.0,2025-01-02,930.0,4,2024-09
1226,2024-09-25,13991.0,22354.0,2025-01-08,930.0,4,2024-09
1226,2024-09-25,13991.0,22354.0,2025-01-15,932.0,4,2024-09
1226,2024-09-25,13991.0,22354.0,2025-01-22,932.0,4,2024-09
1226,2024-09-25,13991.0,22354.0,2025-01-29,932.0,4,2024-09
1226,2024-09-25,13991.0,22354.0,2025-02-05,932.0,5,2024-09
1226,2024-09-25,13991.0,22354.0,2025-02-12,931.0,5,2024-09
1226,2024-09-25,13991.0,22354.0,2025-02-19,931.0,5,2024-09
1226,2024-09-25,13991.0,22354.0,2025-03-01,931.0,6,2024-09
1226,2024-09-25,13991.0,22354.0,2025-03-05,931.0,6,2024-09
1226,2024-09-25,13991.0,22354.0,2025-03-12,932.0,6,2024-09
1227,2024-09-25,8291.0,13473.0,2024-10-02,562.0,1,2024-09
1227,2024-09-25,8291.0,13473.0,2024-10-09,562.0,1,2024-09
1227,2024-09-25,8291.0,13473.0,2024-10-16,562.0,1,2024-09
1227,2024-09-25,8291.0,13473.0,2024-10-23,562.0,1,2024-09
1227,2024-09-25,8291.0,13473.0,2024-10-31,562.0,1,2024-09
1227,2024-09-25,8291.0,13473.0,2024-11-07,562.0,2,2024-09
1227,2024-09-25,8291.0,13473.0,2024-11-13,600.0,2,2024-09
1227,2024-09-25,8291.0,13473.0,2024-11-21,562.0,2,2024-09
1227,2024-09-25,8291.0,13473.0,2024-11-27,562.0,2,2024-09
1227,2024-09-25,8291.0,13473.0,2024-12-04,600.0,3,2024-09
1227,2024-09-25,8291.0,13473.0,2024-12-11,520.0,3,2024-09
1227,2024-09-25,8291.0,13473.0,2024-12-18,550.0,3,2024-09
1227,2024-09-25,8291.0,13473.0,2024-12-26,550.0,3,2024-09
1227,2024-09-25,8291.0,13473.0,2025-01-02,550.0,4,2024-09
1227,2024-09-25,8291.0,13473.0,2025-01-08,555.0,4,2024-09
1227,2024-09-25,8291.0,13473.0,2025-01-15,600.0,4,2024-09
1227,2024-09-25,8291.0,13473.0,2025-01-22,600.0,4,2024-09
1227,2024-09-25,8291.0,13473.0,2025-01-29,600.0,4,2024-09
1227,2024-09-25,8291.0,13473.0,2025-02-09,500.0,5,2024-09
1227,2024-09-25,8291.0,13473.0,2025-02-12,510.0,5,2024-09
1227,2024-09-25,8291.0,13473.0,2025-02-19,565.0,5,2024-09
1227,2024-09-25,8291.0,13473.0,2025-03-01,600.0,6,2024-09
1227,2024-09-25,8291.0,13473.0,2025-03-05,600.0,6,2024-09
1227,2024-09-25,8291.0,13473.0,2025-03-12,477.0,6,2024-09
1228,2024-09-26,6791.0,11005.0,2024-10-03,459.0,1,2024-09
1228,2024-09-26,6791.0,11005.0,2024-10-10,459.0,1,2024-09
1228,2024-09-26,6791.0,11005.0,2024-10-17,459.0,1,2024-09
1228,2024-09-26,6791.0,11005.0,2024-10-28,459.0,1,2024-09
1228,2024-09-26,6791.0,11005.0,2024-10-31,459.0,1,2024-09
1228,2024-09-26,6791.0,11005.0,2024-11-07,459.0,2,2024-09
1228,2024-09-26,6791.0,11005.0,2024-11-14,459.0,2,2024-09
1228,2024-09-26,6791.0,11005.0,2024-11-21,459.0,2,2024-09
1228,2024-09-26,6791.0,11005.0,2024-11-28,459.0,2,2024-09
1228,2024-09-26,6791.0,11005.0,2024-12-07,459.0,3,2024-09
1228,2024-09-26,6791.0,11005.0,2024-12-12,454.0,3,2024-09
1228,2024-09-26,6791.0,11005.0,2024-12-21,459.0,3,2024-09
1228,2024-09-26,6791.0,11005.0,2024-12-24,458.0,3,2024-09
1228,2024-09-26,6791.0,11005.0,2025-01-05,459.0,4,2024-09
1228,2024-09-26,6791.0,11005.0,2025-01-12,459.0,4,2024-09
1228,2024-09-26,6791.0,11005.0,2025-01-16,0.0,4,2024-09
1228,2024-09-26,6791.0,11005.0,2025-01-23,0.0,4,2024-09
1228,2024-09-26,6791.0,11005.0,2025-02-01,459.0,5,2024-09
1228,2024-09-26,6791.0,11005.0,2025-02-08,459.0,5,2024-09
1228,2024-09-26,6791.0,11005.0,2025-02-13,459.0,5,2024-09
1228,2024-09-26,6791.0,11005.0,2025-02-21,459.0,5,2024-09
1228,2024-09-26,6791.0,11005.0,2025-03-02,0.0,6,2024-09
1228,2024-09-26,6791.0,11005.0,2025-03-10,918.0,6,2024-09
1228,2024-09-26,6791.0,11005.0,2025-03-11,1370.0,6,2024-09
1229,2024-09-26,14000.0,19375.0,2024-10-03,808.0,1,2024-09
1229,2024-09-26,14000.0,19375.0,2024-10-10,808.0,1,2024-09
1229,2024-09-26,14000.0,19375.0,2024-10-17,808.0,1,2024-09
1229,2024-09-26,14000.0,19375.0,2024-10-28,808.0,1,2024-09
1229,2024-09-26,14000.0,19375.0,2024-10-31,808.0,1,2024-09
1229,2024-09-26,14000.0,19375.0,2024-11-07,808.0,2,2024-09
1229,2024-09-26,14000.0,19375.0,2024-11-14,808.0,2,2024-09
1229,2024-09-26,14000.0,19375.0,2024-11-21,808.0,2,2024-09
1229,2024-09-26,14000.0,19375.0,2024-11-28,808.0,2,2024-09
1229,2024-09-26,14000.0,19375.0,2024-12-05,808.0,3,2024-09
1229,2024-09-26,14000.0,19375.0,2024-12-12,808.0,3,2024-09
1229,2024-09-26,14000.0,19375.0,2024-12-19,808.0,3,2024-09
1229,2024-09-26,14000.0,19375.0,2024-12-26,808.0,3,2024-09
1229,2024-09-26,14000.0,19375.0,2025-01-02,808.0,4,2024-09
1229,2024-09-26,14000.0,19375.0,2025-01-09,808.0,4,2024-09
1229,2024-09-26,14000.0,19375.0,2025-01-16,808.0,4,2024-09
1229,2024-09-26,14000.0,19375.0,2025-01-23,808.0,4,2024-09
1229,2024-09-26,14000.0,19375.0,2025-01-30,808.0,4,2024-09
1229,2024-09-26,14000.0,19375.0,2025-02-06,808.0,5,2024-09
1229,2024-09-26,14000.0,19375.0,2025-02-13,808.0,5,2024-09
1229,2024-09-26,14000.0,19375.0,2025-02-20,808.0,5,2024-09
1229,2024-09-26,14000.0,19375.0,2025-02-27,792.0,5,2024-09
1229,2024-09-26,14000.0,19375.0,2025-03-06,808.0,6,2024-09
1229,2024-09-26,14000.0,19375.0,2025-03-13,808.0,6,2024-09
1230,2024-09-26,6580.0,9396.0,2024-10-03,388.0,1,2024-09
1230,2024-09-26,6580.0,9396.0,2024-10-10,388.0,1,2024-09
1230,2024-09-26,6580.0,9396.0,2024-10-17,388.0,1,2024-09
1230,2024-09-26,6580.0,9396.0,2024-10-28,388.0,1,2024-09
1230,2024-09-26,6580.0,9396.0,2024-10-31,388.0,1,2024-09
1230,2024-09-26,6580.0,9396.0,2024-11-06,388.0,2,2024-09
1230,2024-09-26,6580.0,9396.0,2024-11-14,388.0,2,2024-09
1230,2024-09-26,6580.0,9396.0,2024-11-21,383.0,2,2024-09
1230,2024-09-26,6580.0,9396.0,2024-11-28,387.0,2,2024-09
1230,2024-09-26,6580.0,9396.0,2024-12-05,387.0,3,2024-09
1230,2024-09-26,6580.0,9396.0,2024-12-12,387.0,3,2024-09
1230,2024-09-26,6580.0,9396.0,2024-12-19,387.0,3,2024-09
1230,2024-09-26,6580.0,9396.0,2024-12-26,387.0,3,2024-09
1230,2024-09-26,6580.0,9396.0,2025-01-02,387.0,4,2024-09
1230,2024-09-26,6580.0,9396.0,2025-01-09,387.0,4,2024-09
1230,2024-09-26,6580.0,9396.0,2025-01-16,387.0,4,2024-09
1230,2024-09-26,6580.0,9396.0,2025-01-23,388.0,4,2024-09
1230,2024-09-26,6580.0,9396.0,2025-01-30,388.0,4,2024-09
1230,2024-09-26,6580.0,9396.0,2025-02-06,388.0,5,2024-09
1230,2024-09-26,6580.0,9396.0,2025-02-15,390.0,5,2024-09
1230,2024-09-26,6580.0,9396.0,2025-02-20,388.0,5,2024-09
1230,2024-09-26,6580.0,9396.0,2025-03-02,0.0,6,2024-09
1230,2024-09-26,6580.0,9396.0,2025-03-06,0.0,6,2024-09
1230,2024-09-26,6580.0,9396.0,2025-03-13,388.0,6,2024-09
1230,2024-09-26,6580.0,9396.0,2025-03-20,870.0,6,2024-09
1232,2024-09-28,15120.0,20925.0,2024-10-05,872.0,1,2024-09
1232,2024-09-28,15120.0,20925.0,2024-10-12,872.0,1,2024-09
1232,2024-09-28,15120.0,20925.0,2024-10-19,872.0,1,2024-09
1232,2024-09-28,15120.0,20925.0,2024-10-28,872.0,1,2024-09
1232,2024-09-28,15120.0,20925.0,2024-11-02,872.0,2,2024-09
1232,2024-09-28,15120.0,20925.0,2024-11-09,872.0,2,2024-09
1232,2024-09-28,15120.0,20925.0,2024-11-16,872.0,2,2024-09
1232,2024-09-28,15120.0,20925.0,2024-11-23,872.0,2,2024-09
1232,2024-09-28,15120.0,20925.0,2024-11-30,871.0,2,2024-09
1232,2024-09-28,15120.0,20925.0,2024-12-07,871.0,3,2024-09
1232,2024-09-28,15120.0,20925.0,2024-12-14,871.0,3,2024-09
1232,2024-09-28,15120.0,20925.0,2024-12-21,874.0,3,2024-09
1232,2024-09-28,15120.0,20925.0,2024-12-28,0.0,3,2024-09
1232,2024-09-28,15120.0,20925.0,2024-12-28,1744.0,3,2024-09
1232,2024-09-28,15120.0,20925.0,2025-01-11,872.0,4,2024-09
1232,2024-09-28,15120.0,20925.0,2025-01-18,872.0,4,2024-09
1232,2024-09-28,15120.0,20925.0,2025-01-25,872.0,4,2024-09
1232,2024-09-28,15120.0,20925.0,2025-02-01,872.0,5,2024-09
1232,2024-09-28,15120.0,20925.0,2025-02-08,0.0,5,2024-09
1232,2024-09-28,15120.0,20925.0,2025-02-08,1744.0,5,2024-09
1232,2024-09-28,15120.0,20925.0,2025-02-22,872.0,5,2024-09
1232,2024-09-28,15120.0,20925.0,2025-03-01,872.0,6,2024-09
1232,2024-09-28,15120.0,20925.0,2025-03-08,872.0,6,2024-09
1232,2024-09-28,15120.0,20925.0,2025-03-15,872.0,6,2024-09
1234,2024-09-29,11391.0,17696.0,2024-11-28,737.0,2,2024-09
1234,2024-09-29,11391.0,17696.0,2024-11-28,500.0,2,2024-09
1234,2024-09-29,11391.0,17696.0,2024-11-28,750.0,2,2024-09
1234,2024-09-29,11391.0,17696.0,2024-11-28,1200.0,2,2024-09
1234,2024-09-29,11391.0,17696.0,2024-12-01,500.0,3,2024-09
1234,2024-09-29,11391.0,17696.0,2024-12-08,700.0,3,2024-09
1234,2024-09-29,11391.0,17696.0,2024-12-14,737.0,3,2024-09
1234,2024-09-29,11391.0,17696.0,2024-12-22,500.0,3,2024-09
1234,2024-09-29,11391.0,17696.0,2024-12-29,500.0,3,2024-09
1234,2024-09-29,11391.0,17696.0,2025-01-06,500.0,4,2024-09
1234,2024-09-29,11391.0,17696.0,2025-01-12,500.0,4,2024-09
1234,2024-09-29,11391.0,17696.0,2025-01-26,1500.0,4,2024-09
1234,2024-09-29,11391.0,17696.0,2025-02-02,737.0,5,2024-09
1234,2024-09-29,11391.0,17696.0,2025-02-09,737.0,5,2024-09
1234,2024-09-29,11391.0,17696.0,2025-02-16,737.0,5,2024-09
1234,2024-09-29,11391.0,17696.0,2025-02-23,1000.0,5,2024-09
1234,2024-09-29,11391.0,17696.0,2025-03-02,1000.0,6,2024-09
1234,2024-09-29,11391.0,17696.0,2025-03-09,2124.0,6,2024-09
1234,2024-09-29,11391.0,17696.0,2025-03-09,0.0,6,2024-09
1235,2024-09-29,17191.0,26520.0,2024-10-06,1105.0,1,2024-09
1235,2024-09-29,17191.0,26520.0,2024-10-13,1105.0,1,2024-09
1235,2024-09-29,17191.0,26520.0,2024-10-20,1105.0,1,2024-09
1235,2024-09-29,17191.0,26520.0,2024-10-28,1105.0,1,2024-09
1235,2024-09-29,17191.0,26520.0,2024-11-03,1110.0,2,2024-09
1235,2024-09-29,17191.0,26520.0,2024-11-10,1105.0,2,2024-09
1235,2024-09-29,17191.0,26520.0,2024-11-17,1100.0,2,2024-09
1235,2024-09-29,17191.0,26520.0,2024-11-24,1105.0,2,2024-09
1235,2024-09-29,17191.0,26520.0,2024-12-01,1105.0,3,2024-09
1235,2024-09-29,17191.0,26520.0,2024-12-08,1105.0,3,2024-09
1235,2024-09-29,17191.0,26520.0,2024-12-15,1105.0,3,2024-09
1235,2024-09-29,17191.0,26520.0,2024-12-22,1105.0,3,2024-09
1235,2024-09-29,17191.0,26520.0,2024-12-29,1105.0,3,2024-09
1235,2024-09-29,17191.0,26520.0,2025-01-05,1105.0,4,2024-09
1235,2024-09-29,17191.0,26520.0,2025-01-12,1105.0,4,2024-09
1235,2024-09-29,17191.0,26520.0,2025-01-19,1105.0,4,2024-09
1235,2024-09-29,17191.0,26520.0,2025-01-26,1105.0,4,2024-09
1235,2024-09-29,17191.0,26520.0,2025-02-02,1105.0,5,2024-09
1235,2024-09-29,17191.0,26520.0,2025-02-09,1105.0,5,2024-09
1235,2024-09-29,17191.0,26520.0,2025-02-16,1105.0,5,2024-09
1235,2024-09-29,17191.0,26520.0,2025-02-23,1105.0,5,2024-09
1235,2024-09-29,17191.0,26520.0,2025-03-02,1105.0,6,2024-09
1235,2024-09-29,17191.0,26520.0,2025-03-09,1105.0,6,2024-09
1235,2024-09-29,17191.0,26520.0,2025-03-16,1105.0,6,2024-09
1236,2024-09-29,10194.0,15835.0,2024-10-06,660.0,1,2024-09
1236,2024-09-29,10194.0,15835.0,2024-10-13,670.0,1,2024-09
1236,2024-09-29,10194.0,15835.0,2024-10-20,660.0,1,2024-09
1236,2024-09-29,10194.0,15835.0,2024-10-28,660.0,1,2024-09
1236,2024-09-29,10194.0,15835.0,2024-11-03,650.0,2,2024-09
1236,2024-09-29,10194.0,15835.0,2024-11-10,650.0,2,2024-09
1236,2024-09-29,10194.0,15835.0,2024-11-17,650.0,2,2024-09
1236,2024-09-29,10194.0,15835.0,2024-11-24,650.0,2,2024-09
1236,2024-09-29,10194.0,15835.0,2024-12-01,640.0,3,2024-09
1236,2024-09-29,10194.0,15835.0,2024-12-08,660.0,3,2024-09
1236,2024-09-29,10194.0,15835.0,2024-12-15,660.0,3,2024-09
1236,2024-09-29,10194.0,15835.0,2024-12-22,660.0,3,2024-09
1236,2024-09-29,10194.0,15835.0,2024-12-29,660.0,3,2024-09
1236,2024-09-29,10194.0,15835.0,2025-01-06,650.0,4,2024-09
1236,2024-09-29,10194.0,15835.0,2025-01-12,660.0,4,2024-09
1236,2024-09-29,10194.0,15835.0,2025-01-19,660.0,4,2024-09
1236,2024-09-29,10194.0,15835.0,2025-01-26,650.0,4,2024-09
1236,2024-09-29,10194.0,15835.0,2025-02-03,650.0,5,2024-09
1236,2024-09-29,10194.0,15835.0,2025-02-10,660.0,5,2024-09
1236,2024-09-29,10194.0,15835.0,2025-02-16,660.0,5,2024-09
1236,2024-09-29,10194.0,15835.0,2025-02-23,660.0,5,2024-09
1236,2024-09-29,10194.0,15835.0,2025-03-05,660.0,6,2024-09
1236,2024-09-29,10194.0,15835.0,2025-03-09,0.0,6,2024-09
1236,2024-09-29,10194.0,15835.0,2025-03-10,1395.0,6,2024-09
1237,2024-09-29,14820.0,20410.0,2024-10-06,850.0,1,2024-09
1237,2024-09-29,14820.0,20410.0,2024-10-13,850.0,1,2024-09
1237,2024-09-29,14820.0,20410.0,2024-10-20,850.0,1,2024-09
1237,2024-09-29,14820.0,20410.0,2024-10-28,850.0,1,2024-09
1237,2024-09-29,14820.0,20410.0,2024-11-04,850.0,2,2024-09
1237,2024-09-29,14820.0,20410.0,2024-11-10,850.0,2,2024-09
1237,2024-09-29,14820.0,20410.0,2024-11-17,850.0,2,2024-09
1237,2024-09-29,14820.0,20410.0,2024-11-24,850.0,2,2024-09
1237,2024-09-29,14820.0,20410.0,2024-12-01,850.0,3,2024-09
1237,2024-09-29,14820.0,20410.0,2024-12-08,850.0,3,2024-09
1237,2024-09-29,14820.0,20410.0,2024-12-15,850.0,3,2024-09
1237,2024-09-29,14820.0,20410.0,2024-12-22,850.0,3,2024-09
1237,2024-09-29,14820.0,20410.0,2024-12-29,850.0,3,2024-09
1237,2024-09-29,14820.0,20410.0,2025-01-05,855.0,4,2024-09
1237,2024-09-29,14820.0,20410.0,2025-01-12,850.0,4,2024-09
1237,2024-09-29,14820.0,20410.0,2025-01-19,850.0,4,2024-09
1237,2024-09-29,14820.0,20410.0,2025-01-26,852.0,4,2024-09
1237,2024-09-29,14820.0,20410.0,2025-02-02,850.0,5,2024-09
1237,2024-09-29,14820.0,20410.0,2025-02-09,850.0,5,2024-09
1237,2024-09-29,14820.0,20410.0,2025-02-16,851.0,5,2024-09
1237,2024-09-29,14820.0,20410.0,2025-02-23,850.0,5,2024-09
1237,2024-09-29,14820.0,20410.0,2025-03-03,851.0,6,2024-09
1237,2024-09-29,14820.0,20410.0,2025-03-09,851.0,6,2024-09
1237,2024-09-29,14820.0,20410.0,2025-03-16,850.0,6,2024-09
1238,2024-10-02,14000.0,19375.0,2024-10-09,808.0,0,2024-10
1238,2024-10-02,14000.0,19375.0,2024-10-16,808.0,0,2024-10
1238,2024-10-02,14000.0,19375.0,2024-10-23,808.0,0,2024-10
1238,2024-10-02,14000.0,19375.0,2024-10-30,808.0,0,2024-10
1238,2024-10-02,14000.0,19375.0,2024-11-06,808.0,1,2024-10
1238,2024-10-02,14000.0,19375.0,2024-11-13,808.0,1,2024-10
1238,2024-10-02,14000.0,19375.0,2024-11-21,805.0,1,2024-10
1238,2024-10-02,14000.0,19375.0,2024-11-27,806.0,1,2024-10
1238,2024-10-02,14000.0,19375.0,2024-12-04,808.0,2,2024-10
1238,2024-10-02,14000.0,19375.0,2024-12-11,806.0,2,2024-10
1238,2024-10-02,14000.0,19375.0,2024-12-18,808.0,2,2024-10
1238,2024-10-02,14000.0,19375.0,2024-12-26,807.0,2,2024-10
1238,2024-10-02,14000.0,19375.0,2025-01-01,807.0,3,2024-10
1238,2024-10-02,14000.0,19375.0,2025-01-08,808.0,3,2024-10
1238,2024-10-02,14000.0,19375.0,2025-01-15,807.0,3,2024-10
1238,2024-10-02,14000.0,19375.0,2025-01-22,808.0,3,2024-10
1238,2024-10-02,14000.0,19375.0,2025-01-29,807.0,3,2024-10
1238,2024-10-02,14000.0,19375.0,2025-02-05,808.0,4,2024-10
1238,2024-10-02,14000.0,19375.0,2025-02-12,808.0,4,2024-10
1238,2024-10-02,14000.0,19375.0,2025-02-19,808.0,4,2024-10
1238,2024-10-02,14000.0,19375.0,2025-02-26,810.0,4,2024-10
1238,2024-10-02,14000.0,19375.0,2025-03-05,805.0,5,2024-10
1238,2024-10-02,14000.0,19375.0,2025-03-12,1620.0,5,2024-10
1238,2024-10-02,14000.0,19375.0,2025-03-12,0.0,5,2024-10
1239,2024-10-02,11250.0,15750.0,2024-10-09,2000.0,0,2024-10
1239,2024-10-02,11250.0,15750.0,2024-10-16,0.0,0,2024-10
1239,2024-10-02,11250.0,15750.0,2024-10-23,0.0,0,2024-10
1239,2024-10-02,11250.0,15750.0,2024-10-30,1000.0,0,2024-10
1239,2024-10-02,11250.0,15750.0,2024-11-06,1000.0,1,2024-10
1239,2024-10-02,11250.0,15750.0,2024-11-06,0.0,1,2024-10
1239,2024-10-02,11250.0,15750.0,2024-11-21,600.0,1,2024-10
1239,2024-10-02,11250.0,15750.0,2024-11-28,650.0,1,2024-10
1239,2024-10-02,11250.0,15750.0,2024-12-04,660.0,2,2024-10
1239,2024-10-02,11250.0,15750.0,2024-12-11,653.0,2,2024-10
1239,2024-10-02,11250.0,15750.0,2024-12-18,656.0,2,2024-10
1239,2024-10-02,11250.0,15750.0,2024-12-26,657.0,2,2024-10
1239,2024-10-02,11250.0,15750.0,2025-01-02,656.0,3,2024-10
1239,2024-10-02,11250.0,15750.0,2025-01-08,656.0,3,2024-10
1239,2024-10-02,11250.0,15750.0,2025-01-15,656.0,3,2024-10
1239,2024-10-02,11250.0,15750.0,2025-01-22,657.0,3,2024-10
1239,2024-10-02,11250.0,15750.0,2025-01-29,656.0,3,2024-10
1239,2024-10-02,11250.0,15750.0,2025-02-04,657.0,4,2024-10
1239,2024-10-02,11250.0,15750.0,2025-02-12,655.0,4,2024-10
1239,2024-10-02,11250.0,15750.0,2025-02-19,656.0,4,2024-10
1239,2024-10-02,11250.0,15750.0,2025-02-27,656.0,4,2024-10
1239,2024-10-02,11250.0,15750.0,2025-03-12,657.0,5,2024-10
1239,2024-10-02,11250.0,15750.0,2025-03-19,656.0,5,2024-10
1240,2024-10-02,14850.0,20520.0,2024-10-09,855.0,0,2024-10
1240,2024-10-02,14850.0,20520.0,2024-10-16,855.0,0,2024-10
1240,2024-10-02,14850.0,20520.0,2024-11-05,855.0,1,2024-10
1240,2024-10-02,14850.0,20520.0,2024-11-05,1710.0,1,2024-10
1240,2024-10-02,14850.0,20520.0,2024-11-05,0.0,1,2024-10
1240,2024-10-02,14850.0,20520.0,2024-11-13,855.0,1,2024-10
1240,2024-10-02,14850.0,20520.0,2024-11-21,0.0,1,2024-10
1240,2024-10-02,14850.0,20520.0,2024-11-27,1710.0,1,2024-10
1240,2024-10-02,14850.0,20520.0,2024-12-05,855.0,2,2024-10
1240,2024-10-02,14850.0,20520.0,2024-12-12,855.0,2,2024-10
1240,2024-10-02,14850.0,20520.0,2024-12-18,855.0,2,2024-10
1240,2024-10-02,14850.0,20520.0,2024-12-26,855.0,2,2024-10
1240,2024-10-02,14850.0,20520.0,2025-01-02,855.0,3,2024-10
1240,2024-10-02,14850.0,20520.0,2025-01-08,855.0,3,2024-10
1240,2024-10-02,14850.0,20520.0,2025-01-20,855.0,3,2024-10
1240,2024-10-02,14850.0,20520.0,2025-01-23,855.0,3,2024-10
1240,2024-10-02,14850.0,20520.0,2025-01-29,855.0,3,2024-10
1240,2024-10-02,14850.0,20520.0,2025-02-05,855.0,4,2024-10
1240,2024-10-02,14850.0,20520.0,2025-02-12,855.0,4,2024-10
1240,2024-10-02,14850.0,20520.0,2025-02-19,855.0,4,2024-10
1240,2024-10-02,14850.0,20520.0,2025-03-01,855.0,5,2024-10
1240,2024-10-02,14850.0,20520.0,2025-03-06,855.0,5,2024-10
1240,2024-10-02,14850.0,20520.0,2025-03-12,855.0,5,2024-10
1240,2024-10-02,14850.0,20520.0,2025-03-24,855.0,5,2024-10
1242,2024-10-03,10194.0,17835.0,2024-10-10,660.0,0,2024-10
1242,2024-10-03,10194.0,17835.0,2024-10-17,660.0,0,2024-10
1242,2024-10-03,10194.0,17835.0,2024-10-28,660.0,0,2024-10
1242,2024-10-03,10194.0,17835.0,2024-10-31,660.0,0,2024-10
1242,2024-10-03,10194.0,17835.0,2024-11-07,660.0,1,2024-10
1242,2024-10-03,10194.0,17835.0,2024-11-14,659.0,1,2024-10
1242,2024-10-03,10194.0,17835.0,2024-11-21,660.0,1,2024-10
1242,2024-10-03,10194.0,17835.0,2024-11-28,660.0,1,2024-10
1242,2024-10-03,10194.0,17835.0,2024-12-05,660.0,2,2024-10
1242,2024-10-03,10194.0,17835.0,2024-12-12,660.0,2,2024-10
1242,2024-10-03,10194.0,17835.0,2024-12-23,660.0,2,2024-10
1242,2024-10-03,10194.0,17835.0,2024-12-25,660.0,2,2024-10
1242,2024-10-03,10194.0,17835.0,2025-01-02,0.0,3,2024-10
1242,2024-10-03,10194.0,17835.0,2025-01-08,1320.0,3,2024-10
1242,2024-10-03,10194.0,17835.0,2025-01-16,660.0,3,2024-10
1242,2024-10-03,10194.0,17835.0,2025-01-23,660.0,3,2024-10
1242,2024-10-03,10194.0,17835.0,2025-02-01,660.0,4,2024-10
1242,2024-10-03,10194.0,17835.0,2025-02-08,660.0,4,2024-10
1242,2024-10-03,10194.0,17835.0,2025-02-13,0.0,4,2024-10
1242,2024-10-03,10194.0,17835.0,2025-02-20,0.0,4,2024-10
1242,2024-10-03,10194.0,17835.0,2025-03-02,0.0,5,2024-10
1242,2024-10-03,10194.0,17835.0,2025-03-06,0.0,5,2024-10
1242,2024-10-03,10194.0,17835.0,2025-03-13,0.0,5,2024-10
1242,2024-10-03,10194.0,17835.0,2025-03-24,0.0,5,2024-10
1242,2024-10-03,10194.0,17835.0,2025-03-27,0.0,5,2024-10
1242,2024-10-03,10194.0,17835.0,2025-04-06,0.0,6,2024-10
1242,2024-10-03,10194.0,17835.0,2025-04-10,0.0,6,2024-10
1242,2024-10-03,10194.0,17835.0,2025-04-17,0.0,6,2024-10
1242,2024-10-03,10194.0,17835.0,2025-04-24,0.0,6,2024-10
1242,2024-10-03,10194.0,17835.0,2025-05-08,0.0,7,2024-10
1242,2024-10-03,10194.0,17835.0,2025-05-15,0.0,7,2024-10
1242,2024-10-03,10194.0,17835.0,2025-05-22,0.0,7,2024-10
1242,2024-10-03,10194.0,17835.0,2025-05-29,0.0,7,2024-10
1242,2024-10-03,10194.0,17835.0,2025-06-05,0.0,8,2024-10
1242,2024-10-03,10194.0,17835.0,2025-07-10,0.0,9,2024-10
1242,2024-10-03,10194.0,17835.0,2025-07-16,1000.0,9,2024-10
1242,2024-10-03,10194.0,17835.0,2025-07-24,0.0,9,2024-10
1242,2024-10-03,10194.0,17835.0,2025-08-04,1000.0,10,2024-10
1242,2024-10-03,10194.0,17835.0,2025-08-07,2000.0,10,2024-10
1244,2024-10-05,15120.0,21925.0,2024-10-12,872.0,0,2024-10
1244,2024-10-05,15120.0,21925.0,2024-10-19,872.0,0,2024-10
1244,2024-10-05,15120.0,21925.0,2024-10-28,875.0,0,2024-10
1244,2024-10-05,15120.0,21925.0,2024-11-02,872.0,1,2024-10
1244,2024-10-05,15120.0,21925.0,2024-11-10,872.0,1,2024-10
1244,2024-10-05,15120.0,21925.0,2024-11-17,872.0,1,2024-10
1244,2024-10-05,15120.0,21925.0,2024-11-23,0.0,1,2024-10
1244,2024-10-05,15120.0,21925.0,2024-11-30,1000.0,1,2024-10
1244,2024-10-05,15120.0,21925.0,2024-12-08,1000.0,2,2024-10
1244,2024-10-05,15120.0,21925.0,2024-12-14,872.0,2,2024-10
1244,2024-10-05,15120.0,21925.0,2024-12-22,872.0,2,2024-10
1244,2024-10-05,15120.0,21925.0,2024-12-28,872.0,2,2024-10
1244,2024-10-05,15120.0,21925.0,2025-01-04,872.0,3,2024-10
1244,2024-10-05,15120.0,21925.0,2025-01-11,872.0,3,2024-10
1244,2024-10-05,15120.0,21925.0,2025-01-18,0.0,3,2024-10
1244,2024-10-05,15120.0,21925.0,2025-01-25,1600.0,3,2024-10
1244,2024-10-05,15120.0,21925.0,2025-02-02,872.0,4,2024-10
1244,2024-10-05,15120.0,21925.0,2025-02-12,872.0,4,2024-10
1244,2024-10-05,15120.0,21925.0,2025-02-17,872.0,4,2024-10
1244,2024-10-05,15120.0,21925.0,2025-02-24,872.0,4,2024-10
1244,2024-10-05,15120.0,21925.0,2025-03-01,872.0,5,2024-10
1244,2024-10-05,15120.0,21925.0,2025-03-10,872.0,5,2024-10
1244,2024-10-05,15120.0,21925.0,2025-03-15,872.0,5,2024-10
1244,2024-10-05,15120.0,21925.0,2025-03-28,0.0,5,2024-10
1244,2024-10-05,15120.0,21925.0,2025-04-06,0.0,6,2024-10
1244,2024-10-05,15120.0,21925.0,2025-04-12,0.0,6,2024-10
1244,2024-10-05,15120.0,21925.0,2025-04-19,0.0,6,2024-10
1244,2024-10-05,15120.0,21925.0,2025-04-26,1000.0,6,2024-10
1244,2024-10-05,15120.0,21925.0,2025-05-03,0.0,7,2024-10
1244,2024-10-05,15120.0,21925.0,2025-05-10,0.0,7,2024-10
1244,2024-10-05,15120.0,21925.0,2025-05-17,0.0,7,2024-10
1244,2024-10-05,15120.0,21925.0,2025-05-21,1000.0,7,2024-10
1247,2024-10-05,16420.0,27865.0,2024-10-12,950.0,0,2024-10
1247,2024-10-05,16420.0,27865.0,2024-10-19,950.0,0,2024-10
1247,2024-10-05,16420.0,27865.0,2024-10-28,200.0,0,2024-10
1247,2024-10-05,16420.0,27865.0,2024-11-02,200.0,1,2024-10
1247,2024-10-05,16420.0,27865.0,2024-11-09,0.0,1,2024-10
1247,2024-10-05,16420.0,27865.0,2024-11-16,950.0,1,2024-10
1247,2024-10-05,16420.0,27865.0,2024-11-23,1000.0,1,2024-10
1247,2024-10-05,16420.0,27865.0,2024-11-30,0.0,1,2024-10
1247,2024-10-05,16420.0,27865.0,2024-12-07,1000.0,2,2024-10
1247,2024-10-05,16420.0,27865.0,2024-12-14,0.0,2,2024-10
1247,2024-10-05,16420.0,27865.0,2024-12-21,0.0,2,2024-10
1247,2024-10-05,16420.0,27865.0,2024-12-28,0.0,2,2024-10
1247,2024-10-05,16420.0,27865.0,2025-01-04,0.0,3,2024-10
1247,2024-10-05,16420.0,27865.0,2025-01-11,0.0,3,2024-10
1247,2024-10-05,16420.0,27865.0,2025-01-18,0.0,3,2024-10
1247,2024-10-05,16420.0,27865.0,2025-01-25,1000.0,3,2024-10
1247,2024-10-05,16420.0,27865.0,2025-02-01,0.0,4,2024-10
1247,2024-10-05,16420.0,27865.0,2025-02-08,0.0,4,2024-10
1247,2024-10-05,16420.0,27865.0,2025-02-16,0.0,4,2024-10
1247,2024-10-05,16420.0,27865.0,2025-02-22,0.0,4,2024-10
1247,2024-10-05,16420.0,27865.0,2025-03-01,0.0,5,2024-10
1247,2024-10-05,16420.0,27865.0,2025-03-08,0.0,5,2024-10
1247,2024-10-05,16420.0,27865.0,2025-03-15,0.0,5,2024-10
1247,2024-10-05,16420.0,27865.0,2025-03-25,0.0,5,2024-10
1247,2024-10-05,16420.0,27865.0,2025-04-06,0.0,6,2024-10
1247,2024-10-05,16420.0,27865.0,2025-04-12,0.0,6,2024-10
1247,2024-10-05,16420.0,27865.0,2025-04-22,1000.0,6,2024-10
1247,2024-10-05,16420.0,27865.0,2025-04-26,500.0,6,2024-10
1247,2024-10-05,16420.0,27865.0,2025-05-03,0.0,7,2024-10
1247,2024-10-05,16420.0,27865.0,2025-05-10,0.0,7,2024-10
1247,2024-10-05,16420.0,27865.0,2025-05-17,0.0,7,2024-10
1247,2024-10-05,16420.0,27865.0,2025-05-24,0.0,7,2024-10
1247,2024-10-05,16420.0,27865.0,2025-05-31,0.0,7,2024-10
1247,2024-10-05,16420.0,27865.0,2025-07-22,0.0,9,2024-10
1247,2024-10-05,16420.0,27865.0,2025-07-22,500.0,9,2024-10
1247,2024-10-05,16420.0,27865.0,2025-07-26,0.0,9,2024-10
1247,2024-10-05,16420.0,27865.0,2025-08-02,0.0,10,2024-10
1247,2024-10-05,16420.0,27865.0,2025-08-09,0.0,10,2024-10
1247,2024-10-05,16420.0,27865.0,2025-08-16,0.0,10,2024-10
1247,2024-10-05,16420.0,27865.0,2025-08-23,0.0,10,2024-10
1247,2024-10-05,16420.0,27865.0,2025-08-30,0.0,10,2024-10
1247,2024-10-05,16420.0,27865.0,2025-09-06,0.0,11,2024-10
1247,2024-10-05,16420.0,27865.0,2025-09-14,0.0,11,2024-10
1247,2024-10-05,16420.0,27865.0,2025-09-27,0.0,11,2024-10
1247,2024-10-05,16420.0,27865.0,2025-09-28,0.0,11,2024-10
1247,2024-10-05,16420.0,27865.0,2025-10-05,0.0,12,2024-10
1247,2024-10-05,16420.0,27865.0,2025-10-12,0.0,12,2024-10
1247,2024-10-05,16420.0,27865.0,2025-10-19,0.0,12,2024-10
1247,2024-10-05,16420.0,27865.0,2025-10-26,0.0,12,2024-10
1247,2024-10-05,16420.0,27865.0,2025-11-02,0.0,13,2024-10
1247,2024-10-05,16420.0,27865.0,2025-11-09,0.0,13,2024-10
1247,2024-10-05,16420.0,27865.0,2025-11-16,0.0,13,2024-10
1247,2024-10-05,16420.0,27865.0,2025-11-23,0.0,13,2024-10
1247,2024-10-05,16420.0,27865.0,2025-12-05,0.0,14,2024-10
1247,2024-10-05,16420.0,27865.0,2025-12-12,0.0,14,2024-10
1247,2024-10-05,16420.0,27865.0,2025-12-19,0.0,14,2024-10
1247,2024-10-05,16420.0,27865.0,2025-12-26,0.0,14,2024-10
1247,2024-10-05,16420.0,27865.0,2026-01-02,0.0,15,2024-10
1247,2024-10-05,16420.0,27865.0,2026-01-09,0.0,15,2024-10
1247,2024-10-05,16420.0,27865.0,2026-01-18,0.0,15,2024-10
1247,2024-10-05,16420.0,27865.0,2026-01-23,0.0,15,2024-10
1247,2024-10-05,16420.0,27865.0,2026-01-30,0.0,15,2024-10
1247,2024-10-05,16420.0,27865.0,2026-02-06,0.0,16,2024-10
1247,2024-10-05,16420.0,27865.0,2026-02-13,0.0,16,2024-10
1247,2024-10-05,16420.0,27865.0,2026-02-20,0.0,16,2024-10
1247,2024-10-05,16420.0,27865.0,2026-02-27,0.0,16,2024-10
1247,2024-10-05,16420.0,27865.0,2026-03-06,0.0,17,2024-10
1247,2024-10-05,16420.0,27865.0,2026-03-13,0.0,17,2024-10
1247,2024-10-05,16420.0,27865.0,2026-03-20,0.0,17,2024-10
1247,2024-10-05,16420.0,27865.0,2026-03-27,0.0,17,2024-10
1250,2024-10-07,10495.0,18088.0,2024-10-14,1360.0,0,2024-10
1250,2024-10-07,10495.0,18088.0,2024-10-21,0.0,0,2024-10
1250,2024-10-07,10495.0,18088.0,2024-10-28,679.0,0,2024-10
1250,2024-10-07,10495.0,18088.0,2024-11-04,200.0,1,2024-10
1250,2024-10-07,10495.0,18088.0,2024-11-11,1154.0,1,2024-10
1250,2024-10-07,10495.0,18088.0,2024-11-18,300.0,1,2024-10
1250,2024-10-07,10495.0,18088.0,2024-11-25,1057.0,1,2024-10
1250,2024-10-07,10495.0,18088.0,2024-12-02,200.0,2,2024-10
1250,2024-10-07,10495.0,18088.0,2024-12-09,1158.0,2,2024-10
1250,2024-10-07,10495.0,18088.0,2024-12-17,200.0,2,2024-10
1250,2024-10-07,10495.0,18088.0,2024-12-23,1158.0,2,2024-10
1250,2024-10-07,10495.0,18088.0,2024-12-30,200.0,2,2024-10
1250,2024-10-07,10495.0,18088.0,2025-01-06,1157.0,3,2024-10
1250,2024-10-07,10495.0,18088.0,2025-01-14,200.0,3,2024-10
1250,2024-10-07,10495.0,18088.0,2025-01-20,500.0,3,2024-10
1250,2024-10-07,10495.0,18088.0,2025-01-27,1100.0,3,2024-10
1250,2024-10-07,10495.0,18088.0,2025-02-03,200.0,4,2024-10
1250,2024-10-07,10495.0,18088.0,2025-02-11,700.0,4,2024-10
1250,2024-10-07,10495.0,18088.0,2025-02-17,700.0,4,2024-10
1250,2024-10-07,10495.0,18088.0,2025-02-24,700.0,4,2024-10
1250,2024-10-07,10495.0,18088.0,2025-03-03,0.0,5,2024-10
1250,2024-10-07,10495.0,18088.0,2025-03-10,1000.0,5,2024-10
1250,2024-10-07,10495.0,18088.0,2025-03-17,0.0,5,2024-10
1250,2024-10-07,10495.0,18088.0,2025-03-24,0.0,5,2024-10
1250,2024-10-07,10495.0,18088.0,2025-04-06,0.0,6,2024-10
1250,2024-10-07,10495.0,18088.0,2025-04-07,0.0,6,2024-10
1250,2024-10-07,10495.0,18088.0,2025-05-24,0.0,7,2024-10
1250,2024-10-07,10495.0,18088.0,2025-05-26,0.0,7,2024-10
1250,2024-10-07,10495.0,18088.0,2025-06-02,0.0,8,2024-10
1250,2024-10-07,10495.0,18088.0,2025-07-13,2004.0,9,2024-10
1250,2024-10-07,10495.0,18088.0,2025-07-14,0.0,9,2024-10
1250,2024-10-07,10495.0,18088.0,2025-07-21,0.0,9,2024-10
1250,2024-10-07,10495.0,18088.0,2025-07-24,1000.0,9,2024-10
1252,2024-10-08,7625.0,15825.0,2024-10-15,443.0,0,2024-10
1252,2024-10-08,7625.0,15825.0,2024-10-22,443.0,0,2024-10
1252,2024-10-08,7625.0,15825.0,2024-10-29,443.0,0,2024-10
1252,2024-10-08,7625.0,15825.0,2024-11-05,443.0,1,2024-10
1252,2024-10-08,7625.0,15825.0,2024-11-12,443.0,1,2024-10
1252,2024-10-08,7625.0,15825.0,2024-11-19,441.0,1,2024-10
1252,2024-10-08,7625.0,15825.0,2024-11-26,443.0,1,2024-10
1252,2024-10-08,7625.0,15825.0,2024-12-03,443.0,2,2024-10
1252,2024-10-08,7625.0,15825.0,2024-12-10,443.0,2,2024-10
1252,2024-10-08,7625.0,15825.0,2024-12-17,443.0,2,2024-10
1252,2024-10-08,7625.0,15825.0,2024-12-24,443.0,2,2024-10
1252,2024-10-08,7625.0,15825.0,2024-12-31,442.0,2,2024-10
1252,2024-10-08,7625.0,15825.0,2025-01-07,443.0,3,2024-10
1252,2024-10-08,7625.0,15825.0,2025-01-14,443.0,3,2024-10
1252,2024-10-08,7625.0,15825.0,2025-01-21,0.0,3,2024-10
1252,2024-10-08,7625.0,15825.0,2025-01-28,0.0,3,2024-10
1252,2024-10-08,7625.0,15825.0,2025-02-04,0.0,4,2024-10
1252,2024-10-08,7625.0,15825.0,2025-02-11,0.0,4,2024-10
1252,2024-10-08,7625.0,15825.0,2025-02-18,0.0,4,2024-10
1252,2024-10-08,7625.0,15825.0,2025-02-25,0.0,4,2024-10
1252,2024-10-08,7625.0,15825.0,2025-03-04,0.0,5,2024-10
1252,2024-10-08,7625.0,15825.0,2025-03-11,0.0,5,2024-10
1252,2024-10-08,7625.0,15825.0,2025-03-18,0.0,5,2024-10
1252,2024-10-08,7625.0,15825.0,2025-03-25,0.0,5,2024-10
1252,2024-10-08,7625.0,15825.0,2025-04-06,0.0,6,2024-10
1252,2024-10-08,7625.0,15825.0,2025-04-08,0.0,6,2024-10
1252,2024-10-08,7625.0,15825.0,2025-04-15,0.0,6,2024-10
1252,2024-10-08,7625.0,15825.0,2025-04-22,0.0,6,2024-10
1252,2024-10-08,7625.0,15825.0,2025-05-24,0.0,7,2024-10
1252,2024-10-08,7625.0,15825.0,2025-05-27,0.0,7,2024-10
1252,2024-10-08,7625.0,15825.0,2025-06-03,0.0,8,2024-10
1252,2024-10-08,7625.0,15825.0,2025-07-08,0.0,9,2024-10
1252,2024-10-08,7625.0,15825.0,2025-07-22,0.0,9,2024-10
1252,2024-10-08,7625.0,15825.0,2025-07-29,0.0,9,2024-10
1252,2024-10-08,7625.0,15825.0,2025-08-03,1000.0,10,2024-10
1252,2024-10-08,7625.0,15825.0,2025-08-12,0.0,10,2024-10
1252,2024-10-08,7625.0,15825.0,2025-08-19,0.0,10,2024-10
1252,2024-10-08,7625.0,15825.0,2025-08-26,0.0,10,2024-10
1252,2024-10-08,7625.0,15825.0,2025-09-02,0.0,11,2024-10
1252,2024-10-08,7625.0,15825.0,2025-09-09,0.0,11,2024-10
1252,2024-10-08,7625.0,15825.0,2025-09-23,0.0,11,2024-10
1252,2024-10-08,7625.0,15825.0,2025-09-24,0.0,11,2024-10
1252,2024-10-08,7625.0,15825.0,2025-10-01,0.0,12,2024-10
1252,2024-10-08,7625.0,15825.0,2025-10-08,0.0,12,2024-10
1252,2024-10-08,7625.0,15825.0,2025-10-15,0.0,12,2024-10
1252,2024-10-08,7625.0,15825.0,2025-10-22,0.0,12,2024-10
1252,2024-10-08,7625.0,15825.0,2025-10-29,0.0,12,2024-10
1252,2024-10-08,7625.0,15825.0,2025-11-12,0.0,13,2024-10
1252,2024-10-08,7625.0,15825.0,2025-11-19,0.0,13,2024-10
1252,2024-10-08,7625.0,15825.0,2025-12-01,0.0,14,2024-10
1252,2024-10-08,7625.0,15825.0,2025-12-08,0.0,14,2024-10
1252,2024-10-08,7625.0,15825.0,2025-12-15,0.0,14,2024-10
1252,2024-10-08,7625.0,15825.0,2025-12-22,0.0,14,2024-10
1252,2024-10-08,7625.0,15825.0,2025-12-29,0.0,14,2024-10
1252,2024-10-08,7625.0,15825.0,2026-01-05,0.0,15,2024-10
1252,2024-10-08,7625.0,15825.0,2026-01-12,0.0,15,2024-10
1252,2024-10-08,7625.0,15825.0,2026-01-19,0.0,15,2024-10
1252,2024-10-08,7625.0,15825.0,2026-01-26,0.0,15,2024-10
1252,2024-10-08,7625.0,15825.0,2026-02-02,0.0,16,2024-10
1252,2024-10-08,7625.0,15825.0,2026-02-09,0.0,16,2024-10
1252,2024-10-08,7625.0,15825.0,2026-02-16,0.0,16,2024-10
1252,2024-10-08,7625.0,15825.0,2026-02-23,0.0,16,2024-10
1252,2024-10-08,7625.0,15825.0,2026-03-02,0.0,17,2024-10
1252,2024-10-08,7625.0,15825.0,2026-03-09,0.0,17,2024-10
1252,2024-10-08,7625.0,15825.0,2026-03-16,0.0,17,2024-10
1252,2024-10-08,7625.0,15825.0,2026-03-23,0.0,17,2024-10
1259,2024-10-12,8994.0,17516.0,2024-10-19,584.0,0,2024-10
1259,2024-10-12,8994.0,17516.0,2024-10-28,584.0,0,2024-10
1259,2024-10-12,8994.0,17516.0,2024-11-02,584.0,1,2024-10
1259,2024-10-12,8994.0,17516.0,2024-11-09,584.0,1,2024-10
1259,2024-10-12,8994.0,17516.0,2024-11-16,584.0,1,2024-10
1259,2024-10-12,8994.0,17516.0,2024-11-23,584.0,1,2024-10
1259,2024-10-12,8994.0,17516.0,2024-11-30,584.0,1,2024-10
1259,2024-10-12,8994.0,17516.0,2024-12-07,100.0,2,2024-10
1259,2024-10-12,8994.0,17516.0,2024-12-14,584.0,2,2024-10
1259,2024-10-12,8994.0,17516.0,2024-12-21,583.0,2,2024-10
1259,2024-10-12,8994.0,17516.0,2024-12-28,183.0,2,2024-10
1259,2024-10-12,8994.0,17516.0,2025-01-04,483.0,3,2024-10
1259,2024-10-12,8994.0,17516.0,2025-01-11,584.0,3,2024-10
1259,2024-10-12,8994.0,17516.0,2025-01-18,584.0,3,2024-10
1259,2024-10-12,8994.0,17516.0,2025-01-25,584.0,3,2024-10
1259,2024-10-12,8994.0,17516.0,2025-02-01,584.0,4,2024-10
1259,2024-10-12,8994.0,17516.0,2025-02-08,584.0,4,2024-10
1259,2024-10-12,8994.0,17516.0,2025-02-22,286.0,4,2024-10
1259,2024-10-12,8994.0,17516.0,2025-02-22,0.0,4,2024-10
1259,2024-10-12,8994.0,17516.0,2025-03-01,583.0,5,2024-10
1259,2024-10-12,8994.0,17516.0,2025-03-08,200.0,5,2024-10
1259,2024-10-12,8994.0,17516.0,2025-03-15,583.0,5,2024-10
1259,2024-10-12,8994.0,17516.0,2025-03-28,0.0,5,2024-10
1259,2024-10-12,8994.0,17516.0,2025-04-06,0.0,6,2024-10
1259,2024-10-12,8994.0,17516.0,2025-04-06,583.0,6,2024-10
1259,2024-10-12,8994.0,17516.0,2025-04-12,583.0,6,2024-10
1259,2024-10-12,8994.0,17516.0,2025-04-19,583.0,6,2024-10
1259,2024-10-12,8994.0,17516.0,2025-04-26,0.0,6,2024-10
1259,2024-10-12,8994.0,17516.0,2025-05-03,0.0,7,2024-10
1259,2024-10-12,8994.0,17516.0,2025-05-10,200.0,7,2024-10
1259,2024-10-12,8994.0,17516.0,2025-05-17,0.0,7,2024-10
1259,2024-10-12,8994.0,17516.0,2025-05-24,0.0,7,2024-10
1259,2024-10-12,8994.0,17516.0,2025-05-31,0.0,7,2024-10
1259,2024-10-12,8994.0,17516.0,2025-07-12,2.0,9,2024-10
1259,2024-10-12,8994.0,17516.0,2025-06-14,0.0,8,2024-10
1259,2024-10-12,8994.0,17516.0,2025-06-21,0.0,8,2024-10
1259,2024-10-12,8994.0,17516.0,2025-06-28,0.0,8,2024-10
1259,2024-10-12,8994.0,17516.0,2025-07-05,0.0,9,2024-10
1259,2024-10-12,8994.0,17516.0,2025-07-12,0.0,9,2024-10
1259,2024-10-12,8994.0,17516.0,2025-07-19,0.0,9,2024-10
1259,2024-10-12,8994.0,17516.0,2025-07-26,0.0,9,2024-10
1259,2024-10-12,8994.0,17516.0,2025-08-02,0.0,10,2024-10
1259,2024-10-12,8994.0,17516.0,2025-08-09,0.0,10,2024-10
1259,2024-10-12,8994.0,17516.0,2025-08-16,0.0,10,2024-10
1259,2024-10-12,8994.0,17516.0,2025-08-23,0.0,10,2024-10
1259,2024-10-12,8994.0,17516.0,2025-08-30,0.0,10,2024-10
1259,2024-10-12,8994.0,17516.0,2025-09-06,0.0,11,2024-10
1259,2024-10-12,8994.0,17516.0,2025-09-13,0.0,11,2024-10
1259,2024-10-12,8994.0,17516.0,2025-09-20,0.0,11,2024-10
1259,2024-10-12,8994.0,17516.0,2025-09-27,0.0,11,2024-10
1259,2024-10-12,8994.0,17516.0,2025-10-04,0.0,12,2024-10
1259,2024-10-12,8994.0,17516.0,2025-10-11,0.0,12,2024-10
1259,2024-10-12,8994.0,17516.0,2025-10-18,0.0,12,2024-10
1259,2024-10-12,8994.0,17516.0,2025-10-25,0.0,12,2024-10
1259,2024-10-12,8994.0,17516.0,2025-11-01,0.0,13,2024-10
1259,2024-10-12,8994.0,17516.0,2025-11-11,1800.0,13,2024-10
1259,2024-10-12,8994.0,17516.0,2025-11-16,0.0,13,2024-10
1259,2024-10-12,8994.0,17516.0,2025-11-23,0.0,13,2024-10
1261,2024-10-12,10191.0,15832.0,2024-10-28,660.0,0,2024-10
1261,2024-10-12,10191.0,15832.0,2024-11-02,660.0,1,2024-10
1261,2024-10-12,10191.0,15832.0,2024-11-09,660.0,1,2024-10
1261,2024-10-12,10191.0,15832.0,2024-11-16,660.0,1,2024-10
1261,2024-10-12,10191.0,15832.0,2024-11-23,660.0,1,2024-10
1261,2024-10-12,10191.0,15832.0,2024-11-30,658.0,1,2024-10
1261,2024-10-12,10191.0,15832.0,2024-12-07,660.0,2,2024-10
1261,2024-10-12,10191.0,15832.0,2024-12-14,660.0,2,2024-10
1261,2024-10-12,10191.0,15832.0,2024-12-21,0.0,2,2024-10
1261,2024-10-12,10191.0,15832.0,2024-12-21,1319.0,2,2024-10
1261,2024-10-12,10191.0,15832.0,2025-01-04,660.0,3,2024-10
1261,2024-10-12,10191.0,15832.0,2025-01-11,660.0,3,2024-10
1261,2024-10-12,10191.0,15832.0,2025-01-18,660.0,3,2024-10
1261,2024-10-12,10191.0,15832.0,2025-01-25,660.0,3,2024-10
1261,2024-10-12,10191.0,15832.0,2025-02-01,660.0,4,2024-10
1261,2024-10-12,10191.0,15832.0,2025-02-08,660.0,4,2024-10
1261,2024-10-12,10191.0,15832.0,2025-02-15,660.0,4,2024-10
1261,2024-10-12,10191.0,15832.0,2025-02-22,660.0,4,2024-10
1261,2024-10-12,10191.0,15832.0,2025-03-01,660.0,5,2024-10
1261,2024-10-12,10191.0,15832.0,2025-03-08,660.0,5,2024-10
1261,2024-10-12,10191.0,15832.0,2025-03-15,660.0,5,2024-10
1261,2024-10-12,10191.0,15832.0,2025-03-27,660.0,5,2024-10
1261,2024-10-12,10191.0,15832.0,2025-04-06,0.0,6,2024-10
1261,2024-10-12,10191.0,15832.0,2025-04-08,660.0,6,2024-10
1266,2024-10-12,20991.0,32493.0,2024-10-19,1346.0,0,2024-10
1266,2024-10-12,20991.0,32493.0,2024-10-28,1346.0,0,2024-10
1266,2024-10-12,20991.0,32493.0,2024-11-02,1346.0,1,2024-10
1266,2024-10-12,20991.0,32493.0,2024-11-09,1346.0,1,2024-10
1266,2024-10-12,20991.0,32493.0,2024-11-14,1346.0,1,2024-10
1266,2024-10-12,20991.0,32493.0,2024-11-23,1000.0,1,2024-10
1266,2024-10-12,20991.0,32493.0,2024-11-30,1000.0,1,2024-10
1266,2024-10-12,20991.0,32493.0,2024-12-07,1266.0,2,2024-10
1266,2024-10-12,20991.0,32493.0,2024-12-14,1000.0,2,2024-10
1266,2024-10-12,20991.0,32493.0,2024-12-21,1000.0,2,2024-10
1266,2024-10-12,20991.0,32493.0,2024-12-28,1000.0,2,2024-10
1266,2024-10-12,20991.0,32493.0,2025-01-04,1000.0,3,2024-10
1266,2024-10-12,20991.0,32493.0,2025-01-11,1000.0,3,2024-10
1266,2024-10-12,20991.0,32493.0,2025-01-18,1000.0,3,2024-10
1266,2024-10-12,20991.0,32493.0,2025-01-26,1000.0,3,2024-10
1266,2024-10-12,20991.0,32493.0,2025-02-02,2500.0,4,2024-10
1266,2024-10-12,20991.0,32493.0,2025-02-08,1346.0,4,2024-10
1266,2024-10-12,20991.0,32493.0,2025-02-16,1000.0,4,2024-10
1266,2024-10-12,20991.0,32493.0,2025-02-22,1346.0,4,2024-10
1266,2024-10-12,20991.0,32493.0,2025-03-01,1346.0,5,2024-10
1266,2024-10-12,20991.0,32493.0,2025-03-08,1346.0,5,2024-10
1266,2024-10-12,20991.0,32493.0,2025-03-14,1346.0,5,2024-10
1266,2024-10-12,20991.0,32493.0,2025-03-25,1346.0,5,2024-10
1266,2024-10-12,20991.0,32493.0,2025-04-06,0.0,6,2024-10
1266,2024-10-12,20991.0,32493.0,2025-04-12,2000.0,6,2024-10
1266,2024-10-12,20991.0,32493.0,2025-04-19,1500.0,6,2024-10
1266,2024-10-12,20991.0,32493.0,2025-04-26,421.0,6,2024-10
1268,2024-10-14,10191.0,16632.0,2024-10-21,1320.0,0,2024-10
1268,2024-10-14,10191.0,16632.0,2024-10-28,0.0,0,2024-10
1268,2024-10-14,10191.0,16632.0,2024-11-04,1320.0,1,2024-10
1268,2024-10-14,10191.0,16632.0,2024-11-04,0.0,1,2024-10
1268,2024-10-14,10191.0,16632.0,2024-11-18,660.0,1,2024-10
1268,2024-10-14,10191.0,16632.0,2024-11-25,660.0,1,2024-10
1268,2024-10-14,10191.0,16632.0,2024-12-02,660.0,2,2024-10
1268,2024-10-14,10191.0,16632.0,2024-12-09,660.0,2,2024-10
1268,2024-10-14,10191.0,16632.0,2024-12-15,660.0,2,2024-10
1268,2024-10-14,10191.0,16632.0,2024-12-23,660.0,2,2024-10
1268,2024-10-14,10191.0,16632.0,2024-12-30,660.0,2,2024-10
1268,2024-10-14,10191.0,16632.0,2025-01-06,660.0,3,2024-10
1268,2024-10-14,10191.0,16632.0,2025-01-14,660.0,3,2024-10
1268,2024-10-14,10191.0,16632.0,2025-01-20,660.0,3,2024-10
1268,2024-10-14,10191.0,16632.0,2025-01-27,660.0,3,2024-10
1268,2024-10-14,10191.0,16632.0,2025-02-03,660.0,4,2024-10
1268,2024-10-14,10191.0,16632.0,2025-02-12,660.0,4,2024-10
1268,2024-10-14,10191.0,16632.0,2025-02-17,660.0,4,2024-10
1268,2024-10-14,10191.0,16632.0,2025-02-24,660.0,4,2024-10
1268,2024-10-14,10191.0,16632.0,2025-03-03,660.0,5,2024-10
1268,2024-10-14,10191.0,16632.0,2025-03-10,0.0,5,2024-10
1268,2024-10-14,10191.0,16632.0,2025-03-17,0.0,5,2024-10
1268,2024-10-14,10191.0,16632.0,2025-03-24,0.0,5,2024-10
1268,2024-10-14,10191.0,16632.0,2025-04-06,0.0,6,2024-10
1268,2024-10-14,10191.0,16632.0,2025-04-07,0.0,6,2024-10
1268,2024-10-14,10191.0,16632.0,2025-04-17,0.0,6,2024-10
1268,2024-10-14,10191.0,16632.0,2025-04-21,0.0,6,2024-10
1268,2024-10-14,10191.0,16632.0,2025-04-28,0.0,6,2024-10
1268,2024-10-14,10191.0,16632.0,2025-05-05,0.0,7,2024-10
1268,2024-10-14,10191.0,16632.0,2025-05-12,0.0,7,2024-10
1268,2024-10-14,10191.0,16632.0,2025-05-19,0.0,7,2024-10
1268,2024-10-14,10191.0,16632.0,2025-05-26,1000.0,7,2024-10
1270,2024-10-14,15120.0,22725.0,2024-10-21,872.0,0,2024-10
1270,2024-10-14,15120.0,22725.0,2024-10-28,872.0,0,2024-10
1270,2024-10-14,15120.0,22725.0,2024-11-04,872.0,1,2024-10
1270,2024-10-14,15120.0,22725.0,2024-11-12,872.0,1,2024-10
1270,2024-10-14,15120.0,22725.0,2024-11-18,871.0,1,2024-10
1270,2024-10-14,15120.0,22725.0,2024-11-25,872.0,1,2024-10
1270,2024-10-14,15120.0,22725.0,2024-12-03,872.0,2,2024-10
1270,2024-10-14,15120.0,22725.0,2024-12-09,872.0,2,2024-10
1270,2024-10-14,15120.0,22725.0,2024-12-16,872.0,2,2024-10
1270,2024-10-14,15120.0,22725.0,2024-12-23,872.0,2,2024-10
1270,2024-10-14,15120.0,22725.0,2024-12-30,872.0,2,2024-10
1270,2024-10-14,15120.0,22725.0,2025-01-06,872.0,3,2024-10
1270,2024-10-14,15120.0,22725.0,2025-01-13,872.0,3,2024-10
1270,2024-10-14,15120.0,22725.0,2025-01-20,0.0,3,2024-10
1270,2024-10-14,15120.0,22725.0,2025-01-20,1744.0,3,2024-10
1270,2024-10-14,15120.0,22725.0,2025-02-03,0.0,4,2024-10
1270,2024-10-14,15120.0,22725.0,2025-02-07,1744.0,4,2024-10
1270,2024-10-14,15120.0,22725.0,2025-02-17,0.0,4,2024-10
1270,2024-10-14,15120.0,22725.0,2025-02-18,1744.0,4,2024-10
1270,2024-10-14,15120.0,22725.0,2025-03-03,0.0,5,2024-10
1270,2024-10-14,15120.0,22725.0,2025-03-10,0.0,5,2024-10
1270,2024-10-14,15120.0,22725.0,2025-03-17,0.0,5,2024-10
1270,2024-10-14,15120.0,22725.0,2025-03-24,0.0,5,2024-10
1270,2024-10-14,15120.0,22725.0,2025-04-06,0.0,6,2024-10
1270,2024-10-14,15120.0,22725.0,2025-04-07,0.0,6,2024-10
1270,2024-10-14,15120.0,22725.0,2025-04-17,0.0,6,2024-10
1270,2024-10-14,15120.0,22725.0,2025-04-21,0.0,6,2024-10
1270,2024-10-14,15120.0,22725.0,2025-04-28,0.0,6,2024-10
1270,2024-10-14,15120.0,22725.0,2025-05-05,0.0,7,2024-10
1270,2024-10-14,15120.0,22725.0,2025-05-12,0.0,7,2024-10
1270,2024-10-14,15120.0,22725.0,2025-05-19,0.0,7,2024-10
1270,2024-10-14,15120.0,22725.0,2025-05-26,0.0,7,2024-10
1270,2024-10-14,15120.0,22725.0,2025-06-02,0.0,8,2024-10
1270,2024-10-14,15120.0,22725.0,2025-07-07,0.0,9,2024-10
1270,2024-10-14,15120.0,22725.0,2025-07-14,0.0,9,2024-10
1270,2024-10-14,15120.0,22725.0,2025-07-21,0.0,9,2024-10
1270,2024-10-14,15120.0,22725.0,2025-07-28,0.0,9,2024-10
1270,2024-10-14,15120.0,22725.0,2025-08-04,0.0,10,2024-10
1270,2024-10-14,15120.0,22725.0,2025-08-06,6159.0,10,2024-10
1271,2024-10-15,12594.0,19521.0,2024-10-22,814.0,0,2024-10
1271,2024-10-15,12594.0,19521.0,2024-10-28,814.0,0,2024-10
1271,2024-10-15,12594.0,19521.0,2024-11-04,814.0,1,2024-10
1271,2024-10-15,12594.0,19521.0,2024-11-12,815.0,1,2024-10
1271,2024-10-15,12594.0,19521.0,2024-11-18,815.0,1,2024-10
1271,2024-10-15,12594.0,19521.0,2024-11-26,814.0,1,2024-10
1271,2024-10-15,12594.0,19521.0,2024-12-03,814.0,2,2024-10
1271,2024-10-15,12594.0,19521.0,2024-12-10,814.0,2,2024-10
1271,2024-10-15,12594.0,19521.0,2024-12-17,814.0,2,2024-10
1271,2024-10-15,12594.0,19521.0,2024-12-24,814.0,2,2024-10
1271,2024-10-15,12594.0,19521.0,2024-12-31,814.0,2,2024-10
1271,2024-10-15,12594.0,19521.0,2025-01-07,814.0,3,2024-10
1271,2024-10-15,12594.0,19521.0,2025-01-14,814.0,3,2024-10
1271,2024-10-15,12594.0,19521.0,2025-01-21,814.0,3,2024-10
1271,2024-10-15,12594.0,19521.0,2025-01-28,814.0,3,2024-10
1271,2024-10-15,12594.0,19521.0,2025-02-04,814.0,4,2024-10
1271,2024-10-15,12594.0,19521.0,2025-02-11,805.0,4,2024-10
1271,2024-10-15,12594.0,19521.0,2025-02-18,814.0,4,2024-10
1271,2024-10-15,12594.0,19521.0,2025-02-25,809.0,4,2024-10
1271,2024-10-15,12594.0,19521.0,2025-03-04,815.0,5,2024-10
1271,2024-10-15,12594.0,19521.0,2025-03-11,812.0,5,2024-10
1271,2024-10-15,12594.0,19521.0,2025-03-18,813.0,5,2024-10
1271,2024-10-15,12594.0,19521.0,2025-03-25,814.0,5,2024-10
1271,2024-10-15,12594.0,19521.0,2025-04-06,0.0,6,2024-10
1271,2024-10-15,12594.0,19521.0,2025-04-08,813.0,6,2024-10
1272,2024-10-15,8994.0,14016.0,2024-10-22,584.0,0,2024-10
1272,2024-10-15,8994.0,14016.0,2024-10-31,584.0,0,2024-10
1272,2024-10-15,8994.0,14016.0,2024-11-05,0.0,1,2024-10
1272,2024-10-15,8994.0,14016.0,2024-11-12,0.0,1,2024-10
1272,2024-10-15,8994.0,14016.0,2024-11-19,584.0,1,2024-10
1272,2024-10-15,8994.0,14016.0,2024-11-26,0.0,1,2024-10
1272,2024-10-15,8994.0,14016.0,2024-12-03,0.0,2,2024-10
1272,2024-10-15,8994.0,14016.0,2024-12-10,3000.0,2,2024-10
1272,2024-10-15,8994.0,14016.0,2024-12-17,0.0,2,2024-10
1272,2024-10-15,8994.0,14016.0,2024-12-24,0.0,2,2024-10
1272,2024-10-15,8994.0,14016.0,2024-12-31,0.0,2,2024-10
1272,2024-10-15,8994.0,14016.0,2025-01-07,0.0,3,2024-10
1272,2024-10-15,8994.0,14016.0,2025-01-14,0.0,3,2024-10
1272,2024-10-15,8994.0,14016.0,2025-01-21,0.0,3,2024-10
1272,2024-10-15,8994.0,14016.0,2025-01-28,0.0,3,2024-10
1272,2024-10-15,8994.0,14016.0,2025-02-01,900.0,4,2024-10
1272,2024-10-15,8994.0,14016.0,2025-02-11,0.0,4,2024-10
1272,2024-10-15,8994.0,14016.0,2025-02-18,0.0,4,2024-10
1272,2024-10-15,8994.0,14016.0,2025-02-25,0.0,4,2024-10
1272,2024-10-15,8994.0,14016.0,2025-03-04,0.0,5,2024-10
1272,2024-10-15,8994.0,14016.0,2025-03-12,6615.0,5,2024-10
1272,2024-10-15,8994.0,14016.0,2025-03-19,640.0,5,2024-10
1272,2024-10-15,8994.0,14016.0,2025-03-25,640.0,5,2024-10
1272,2024-10-15,8994.0,14016.0,2025-04-05,470.0,6,2024-10
1275,2024-10-16,8994.0,14216.0,2024-10-23,584.0,0,2024-10
1275,2024-10-16,8994.0,14216.0,2024-10-30,584.0,0,2024-10
1275,2024-10-16,8994.0,14216.0,2024-11-06,600.0,1,2024-10
1275,2024-10-16,8994.0,14216.0,2024-11-13,584.0,1,2024-10
1275,2024-10-16,8994.0,14216.0,2024-11-20,568.0,1,2024-10
1275,2024-10-16,8994.0,14216.0,2024-11-27,584.0,1,2024-10
1275,2024-10-16,8994.0,14216.0,2024-12-04,584.0,2,2024-10
1275,2024-10-16,8994.0,14216.0,2024-12-11,600.0,2,2024-10
1275,2024-10-16,8994.0,14216.0,2024-12-18,600.0,2,2024-10
1275,2024-10-16,8994.0,14216.0,2024-12-26,600.0,2,2024-10
1275,2024-10-16,8994.0,14216.0,2025-01-02,600.0,3,2024-10
1275,2024-10-16,8994.0,14216.0,2025-01-08,600.0,3,2024-10
1275,2024-10-16,8994.0,14216.0,2025-01-15,600.0,3,2024-10
1275,2024-10-16,8994.0,14216.0,2025-01-23,600.0,3,2024-10
1275,2024-10-16,8994.0,14216.0,2025-01-29,600.0,3,2024-10
1275,2024-10-16,8994.0,14216.0,2025-02-05,600.0,4,2024-10
1275,2024-10-16,8994.0,14216.0,2025-02-12,600.0,4,2024-10
1275,2024-10-16,8994.0,14216.0,2025-02-19,600.0,4,2024-10
1275,2024-10-16,8994.0,14216.0,2025-03-02,0.0,5,2024-10
1275,2024-10-16,8994.0,14216.0,2025-03-05,0.0,5,2024-10
1275,2024-10-16,8994.0,14216.0,2025-03-12,0.0,5,2024-10
1275,2024-10-16,8994.0,14216.0,2025-03-24,0.0,5,2024-10
1275,2024-10-16,8994.0,14216.0,2025-03-28,0.0,5,2024-10
1275,2024-10-16,8994.0,14216.0,2025-04-06,0.0,6,2024-10
1275,2024-10-16,8994.0,14216.0,2025-04-09,0.0,6,2024-10
1275,2024-10-16,8994.0,14216.0,2025-04-11,3528.0,6,2024-10
1277,2024-10-16,10194.0,15835.0,2024-10-23,660.0,0,2024-10
1277,2024-10-16,10194.0,15835.0,2024-10-30,500.0,0,2024-10
1277,2024-10-16,10194.0,15835.0,2024-11-06,820.0,1,2024-10
1277,2024-10-16,10194.0,15835.0,2024-11-13,660.0,1,2024-10
1277,2024-10-16,10194.0,15835.0,2024-11-21,660.0,1,2024-10
1277,2024-10-16,10194.0,15835.0,2024-11-27,660.0,1,2024-10
1277,2024-10-16,10194.0,15835.0,2024-12-04,660.0,2,2024-10
1277,2024-10-16,10194.0,15835.0,2024-12-11,660.0,2,2024-10
1277,2024-10-16,10194.0,15835.0,2024-12-18,660.0,2,2024-10
1277,2024-10-16,10194.0,15835.0,2024-12-26,660.0,2,2024-10
1277,2024-10-16,10194.0,15835.0,2025-01-02,660.0,3,2024-10
1277,2024-10-16,10194.0,15835.0,2025-01-08,660.0,3,2024-10
1277,2024-10-16,10194.0,15835.0,2025-01-15,660.0,3,2024-10
1277,2024-10-16,10194.0,15835.0,2025-01-22,660.0,3,2024-10
1277,2024-10-16,10194.0,15835.0,2025-01-29,660.0,3,2024-10
1277,2024-10-16,10194.0,15835.0,2025-02-05,660.0,4,2024-10
1277,2024-10-16,10194.0,15835.0,2025-02-12,660.0,4,2024-10
1277,2024-10-16,10194.0,15835.0,2025-02-20,660.0,4,2024-10
1277,2024-10-16,10194.0,15835.0,2025-03-01,660.0,5,2024-10
1277,2024-10-16,10194.0,15835.0,2025-03-05,655.0,5,2024-10
1277,2024-10-16,10194.0,15835.0,2025-03-12,550.0,5,2024-10
1277,2024-10-16,10194.0,15835.0,2025-03-25,770.0,5,2024-10
1277,2024-10-16,10194.0,15835.0,2025-03-27,660.0,5,2024-10
1277,2024-10-16,10194.0,15835.0,2025-04-06,500.0,6,2024-10
1277,2024-10-16,10194.0,15835.0,2025-04-09,160.0,6,2024-10
1278,2024-10-17,6796.0,14771.0,2024-10-28,445.0,0,2024-10
1278,2024-10-17,6796.0,14771.0,2024-10-31,445.0,0,2024-10
1278,2024-10-17,6796.0,14771.0,2024-11-07,445.0,1,2024-10
1278,2024-10-17,6796.0,14771.0,2024-11-14,445.0,1,2024-10
1278,2024-10-17,6796.0,14771.0,2024-11-21,445.0,1,2024-10
1278,2024-10-17,6796.0,14771.0,2024-11-28,445.0,1,2024-10
1278,2024-10-17,6796.0,14771.0,2024-12-05,442.0,2,2024-10
1278,2024-10-17,6796.0,14771.0,2024-12-12,0.0,2,2024-10
1278,2024-10-17,6796.0,14771.0,2024-12-19,0.0,2,2024-10
1278,2024-10-17,6796.0,14771.0,2024-12-26,0.0,2,2024-10
1278,2024-10-17,6796.0,14771.0,2025-01-02,0.0,3,2024-10
1278,2024-10-17,6796.0,14771.0,2025-01-09,0.0,3,2024-10
1278,2024-10-17,6796.0,14771.0,2025-01-16,0.0,3,2024-10
1278,2024-10-17,6796.0,14771.0,2025-01-23,0.0,3,2024-10
1278,2024-10-17,6796.0,14771.0,2025-01-30,0.0,3,2024-10
1278,2024-10-17,6796.0,14771.0,2025-02-06,0.0,4,2024-10
1278,2024-10-17,6796.0,14771.0,2025-02-13,0.0,4,2024-10
1278,2024-10-17,6796.0,14771.0,2025-02-20,0.0,4,2024-10
1278,2024-10-17,6796.0,14771.0,2025-02-27,0.0,4,2024-10
1278,2024-10-17,6796.0,14771.0,2025-03-06,0.0,5,2024-10
1278,2024-10-17,6796.0,14771.0,2025-03-13,0.0,5,2024-10
1278,2024-10-17,6796.0,14771.0,2025-03-24,0.0,5,2024-10
1278,2024-10-17,6796.0,14771.0,2025-03-27,0.0,5,2024-10
1278,2024-10-17,6796.0,14771.0,2025-04-06,0.0,6,2024-10
1278,2024-10-17,6796.0,14771.0,2025-04-10,0.0,6,2024-10
1278,2024-10-17,6796.0,14771.0,2025-04-17,0.0,6,2024-10
1278,2024-10-17,6796.0,14771.0,2025-04-24,0.0,6,2024-10
1278,2024-10-17,6796.0,14771.0,2025-05-08,0.0,7,2024-10
1278,2024-10-17,6796.0,14771.0,2025-05-15,0.0,7,2024-10
1278,2024-10-17,6796.0,14771.0,2025-05-22,0.0,7,2024-10
1278,2024-10-17,6796.0,14771.0,2025-05-29,0.0,7,2024-10
1278,2024-10-17,6796.0,14771.0,2025-06-05,0.0,8,2024-10
1278,2024-10-17,6796.0,14771.0,2025-07-10,0.0,9,2024-10
1278,2024-10-17,6796.0,14771.0,2025-07-17,0.0,9,2024-10
1278,2024-10-17,6796.0,14771.0,2025-07-24,0.0,9,2024-10
1278,2024-10-17,6796.0,14771.0,2025-07-31,0.0,9,2024-10
1278,2024-10-17,6796.0,14771.0,2025-08-07,0.0,10,2024-10
1278,2024-10-17,6796.0,14771.0,2025-08-14,0.0,10,2024-10
1278,2024-10-17,6796.0,14771.0,2025-08-21,0.0,10,2024-10
1278,2024-10-17,6796.0,14771.0,2025-08-28,0.0,10,2024-10
1278,2024-10-17,6796.0,14771.0,2025-09-04,0.0,11,2024-10
1278,2024-10-17,6796.0,14771.0,2025-09-11,0.0,11,2024-10
1278,2024-10-17,6796.0,14771.0,2025-09-18,0.0,11,2024-10
1278,2024-10-17,6796.0,14771.0,2025-09-25,0.0,11,2024-10
1278,2024-10-17,6796.0,14771.0,2025-10-02,0.0,12,2024-10
1278,2024-10-17,6796.0,14771.0,2025-10-10,0.0,12,2024-10
1278,2024-10-17,6796.0,14771.0,2025-10-17,0.0,12,2024-10
1278,2024-10-17,6796.0,14771.0,2025-10-24,0.0,12,2024-10
1278,2024-10-17,6796.0,14771.0,2025-10-31,0.0,12,2024-10
1278,2024-10-17,6796.0,14771.0,2025-11-07,0.0,13,2024-10
1278,2024-10-17,6796.0,14771.0,2025-11-14,0.0,13,2024-10
1278,2024-10-17,6796.0,14771.0,2025-11-21,0.0,13,2024-10
1278,2024-10-17,6796.0,14771.0,2025-12-03,0.0,14,2024-10
1278,2024-10-17,6796.0,14771.0,2025-12-10,0.0,14,2024-10
1278,2024-10-17,6796.0,14771.0,2025-12-11,4000.0,14,2024-10
1278,2024-10-17,6796.0,14771.0,2025-12-24,0.0,14,2024-10
1278,2024-10-17,6796.0,14771.0,2025-12-31,0.0,14,2024-10
1278,2024-10-17,6796.0,14771.0,2026-01-07,0.0,15,2024-10
1278,2024-10-17,6796.0,14771.0,2026-01-10,2000.0,15,2024-10
1278,2024-10-17,6796.0,14771.0,2026-01-21,0.0,15,2024-10
1278,2024-10-17,6796.0,14771.0,2026-01-24,1560.0,15,2024-10
1280,2024-10-19,13920.0,20120.0,2024-10-28,805.0,0,2024-10
1280,2024-10-19,13920.0,20120.0,2024-11-02,805.0,1,2024-10
1280,2024-10-19,13920.0,20120.0,2024-11-09,805.0,1,2024-10
1280,2024-10-19,13920.0,20120.0,2024-11-16,805.0,1,2024-10
1280,2024-10-19,13920.0,20120.0,2024-11-23,805.0,1,2024-10
1280,2024-10-19,13920.0,20120.0,2024-11-30,805.0,1,2024-10
1280,2024-10-19,13920.0,20120.0,2024-12-07,805.0,2,2024-10
1280,2024-10-19,13920.0,20120.0,2024-12-14,805.0,2,2024-10
1280,2024-10-19,13920.0,20120.0,2024-12-21,805.0,2,2024-10
1280,2024-10-19,13920.0,20120.0,2024-12-28,805.0,2,2024-10
1280,2024-10-19,13920.0,20120.0,2025-01-04,805.0,3,2024-10
1280,2024-10-19,13920.0,20120.0,2025-01-11,805.0,3,2024-10
1280,2024-10-19,13920.0,20120.0,2025-01-18,805.0,3,2024-10
1280,2024-10-19,13920.0,20120.0,2025-01-26,805.0,3,2024-10
1280,2024-10-19,13920.0,20120.0,2025-02-01,805.0,4,2024-10
1280,2024-10-19,13920.0,20120.0,2025-02-09,805.0,4,2024-10
1280,2024-10-19,13920.0,20120.0,2025-02-16,805.0,4,2024-10
1280,2024-10-19,13920.0,20120.0,2025-02-22,805.0,4,2024-10
1280,2024-10-19,13920.0,20120.0,2025-03-07,805.0,5,2024-10
1280,2024-10-19,13920.0,20120.0,2025-03-10,805.0,5,2024-10
1280,2024-10-19,13920.0,20120.0,2025-03-15,0.0,5,2024-10
1280,2024-10-19,13920.0,20120.0,2025-03-25,0.0,5,2024-10
1280,2024-10-19,13920.0,20120.0,2025-04-06,0.0,6,2024-10
1280,2024-10-19,13920.0,20120.0,2025-04-12,0.0,6,2024-10
1280,2024-10-19,13920.0,20120.0,2025-04-19,0.0,6,2024-10
1280,2024-10-19,13920.0,20120.0,2025-04-26,0.0,6,2024-10
1280,2024-10-19,13920.0,20120.0,2025-05-03,0.0,7,2024-10
1280,2024-10-19,13920.0,20120.0,2025-05-10,0.0,7,2024-10
1280,2024-10-19,13920.0,20120.0,2025-05-17,0.0,7,2024-10
1280,2024-10-19,13920.0,20120.0,2025-05-24,0.0,7,2024-10
1280,2024-10-19,13920.0,20120.0,2025-05-27,4020.0,7,2024-10
1282,2024-10-19,16000.0,27150.0,2024-10-28,928.0,0,2024-10
1282,2024-10-19,16000.0,27150.0,2024-11-02,928.0,1,2024-10
1282,2024-10-19,16000.0,27150.0,2024-11-09,930.0,1,2024-10
1282,2024-10-19,16000.0,27150.0,2024-11-17,928.0,1,2024-10
1282,2024-10-19,16000.0,27150.0,2024-11-23,928.0,1,2024-10
1282,2024-10-19,16000.0,27150.0,2024-11-30,928.0,1,2024-10
1282,2024-10-19,16000.0,27150.0,2024-12-07,928.0,2,2024-10
1282,2024-10-19,16000.0,27150.0,2024-12-15,928.0,2,2024-10
1282,2024-10-19,16000.0,27150.0,2024-12-22,917.0,2,2024-10
1282,2024-10-19,16000.0,27150.0,2024-12-29,917.0,2,2024-10
1282,2024-10-19,16000.0,27150.0,2025-01-04,0.0,3,2024-10
1282,2024-10-19,16000.0,27150.0,2025-01-13,964.0,3,2024-10
1282,2024-10-19,16000.0,27150.0,2025-01-16,900.0,3,2024-10
1282,2024-10-19,16000.0,27150.0,2025-01-25,0.0,3,2024-10
1282,2024-10-19,16000.0,27150.0,2025-02-01,0.0,4,2024-10
1282,2024-10-19,16000.0,27150.0,2025-02-08,0.0,4,2024-10
1282,2024-10-19,16000.0,27150.0,2025-02-16,0.0,4,2024-10
1282,2024-10-19,16000.0,27150.0,2025-02-22,0.0,4,2024-10
1282,2024-10-19,16000.0,27150.0,2025-03-01,0.0,5,2024-10
1282,2024-10-19,16000.0,27150.0,2025-03-08,0.0,5,2024-10
1282,2024-10-19,16000.0,27150.0,2025-03-15,0.0,5,2024-10
1282,2024-10-19,16000.0,27150.0,2025-03-25,0.0,5,2024-10
1282,2024-10-19,16000.0,27150.0,2025-04-06,0.0,6,2024-10
1282,2024-10-19,16000.0,27150.0,2025-04-12,0.0,6,2024-10
1282,2024-10-19,16000.0,27150.0,2025-04-19,0.0,6,2024-10
1282,2024-10-19,16000.0,27150.0,2025-04-26,0.0,6,2024-10
1282,2024-10-19,16000.0,27150.0,2025-05-03,0.0,7,2024-10
1282,2024-10-19,16000.0,27150.0,2025-05-10,0.0,7,2024-10
1282,2024-10-19,16000.0,27150.0,2025-05-17,0.0,7,2024-10
1282,2024-10-19,16000.0,27150.0,2025-05-24,0.0,7,2024-10
1282,2024-10-19,16000.0,27150.0,2025-05-31,0.0,7,2024-10
1282,2024-10-19,16000.0,27150.0,2025-07-12,0.0,9,2024-10
1282,2024-10-19,16000.0,27150.0,2025-07-19,0.0,9,2024-10
1282,2024-10-19,16000.0,27150.0,2025-07-26,0.0,9,2024-10
1282,2024-10-19,16000.0,27150.0,2025-08-02,0.0,10,2024-10
1282,2024-10-19,16000.0,27150.0,2025-08-09,0.0,10,2024-10
1282,2024-10-19,16000.0,27150.0,2025-08-16,0.0,10,2024-10
1282,2024-10-19,16000.0,27150.0,2025-08-23,0.0,10,2024-10
1282,2024-10-19,16000.0,27150.0,2025-08-30,0.0,10,2024-10
1282,2024-10-19,16000.0,27150.0,2025-09-06,0.0,11,2024-10
1282,2024-10-19,16000.0,27150.0,2025-09-14,0.0,11,2024-10
1282,2024-10-19,16000.0,27150.0,2025-09-27,0.0,11,2024-10
1282,2024-10-19,16000.0,27150.0,2025-09-28,0.0,11,2024-10
1282,2024-10-19,16000.0,27150.0,2025-10-05,0.0,12,2024-10
1282,2024-10-19,16000.0,27150.0,2025-10-12,0.0,12,2024-10
1282,2024-10-19,16000.0,27150.0,2025-10-19,0.0,12,2024-10
1282,2024-10-19,16000.0,27150.0,2025-10-26,0.0,12,2024-10
1282,2024-10-19,16000.0,27150.0,2025-11-02,0.0,13,2024-10
1282,2024-10-19,16000.0,27150.0,2025-11-09,0.0,13,2024-10
1282,2024-10-19,16000.0,27150.0,2025-11-16,0.0,13,2024-10
1282,2024-10-19,16000.0,27150.0,2025-11-23,0.0,13,2024-10
1282,2024-10-19,16000.0,27150.0,2025-12-05,0.0,14,2024-10
1282,2024-10-19,16000.0,27150.0,2025-12-12,0.0,14,2024-10
1282,2024-10-19,16000.0,27150.0,2025-12-19,0.0,14,2024-10
1282,2024-10-19,16000.0,27150.0,2025-12-26,0.0,14,2024-10
1282,2024-10-19,16000.0,27150.0,2026-01-02,0.0,15,2024-10
1282,2024-10-19,16000.0,27150.0,2026-01-09,0.0,15,2024-10
1282,2024-10-19,16000.0,27150.0,2026-01-18,0.0,15,2024-10
1282,2024-10-19,16000.0,27150.0,2026-01-23,0.0,15,2024-10
1282,2024-10-19,16000.0,27150.0,2026-01-30,0.0,15,2024-10
1282,2024-10-19,16000.0,27150.0,2026-02-06,0.0,16,2024-10
1282,2024-10-19,16000.0,27150.0,2026-02-13,0.0,16,2024-10
1282,2024-10-19,16000.0,27150.0,2026-02-20,0.0,16,2024-10
1282,2024-10-19,16000.0,27150.0,2026-02-27,0.0,16,2024-10
1282,2024-10-19,16000.0,27150.0,2026-03-06,0.0,17,2024-10
1282,2024-10-19,16000.0,27150.0,2026-03-13,0.0,17,2024-10
1282,2024-10-19,16000.0,27150.0,2026-03-20,0.0,17,2024-10
1282,2024-10-19,16000.0,27150.0,2026-03-27,0.0,17,2024-10
1284,2024-10-21,8125.0,16563.0,2024-10-28,478.0,0,2024-10
1284,2024-10-21,8125.0,16563.0,2024-11-03,478.0,1,2024-10
1284,2024-10-21,8125.0,16563.0,2024-11-11,0.0,1,2024-10
1284,2024-10-21,8125.0,16563.0,2024-11-18,0.0,1,2024-10
1284,2024-10-21,8125.0,16563.0,2024-11-25,0.0,1,2024-10
1284,2024-10-21,8125.0,16563.0,2024-12-02,0.0,2,2024-10
1284,2024-10-21,8125.0,16563.0,2024-12-06,2387.0,2,2024-10
1284,2024-10-21,8125.0,16563.0,2024-12-07,478.0,2,2024-10
1284,2024-10-21,8125.0,16563.0,2024-12-17,478.0,2,2024-10
1284,2024-10-21,8125.0,16563.0,2025-01-07,955.0,3,2024-10
1284,2024-10-21,8125.0,16563.0,2025-01-07,477.0,3,2024-10
1284,2024-10-21,8125.0,16563.0,2025-01-19,0.0,3,2024-10
1284,2024-10-21,8125.0,16563.0,2025-01-27,0.0,3,2024-10
1284,2024-10-21,8125.0,16563.0,2025-02-08,956.0,4,2024-10
1284,2024-10-21,8125.0,16563.0,2025-02-15,477.0,4,2024-10
1284,2024-10-21,8125.0,16563.0,2025-02-22,478.0,4,2024-10
1284,2024-10-21,8125.0,16563.0,2025-02-24,0.0,4,2024-10
1284,2024-10-21,8125.0,16563.0,2025-03-03,0.0,5,2024-10
1284,2024-10-21,8125.0,16563.0,2025-03-10,0.0,5,2024-10
1284,2024-10-21,8125.0,16563.0,2025-03-17,0.0,5,2024-10
1284,2024-10-21,8125.0,16563.0,2025-03-24,0.0,5,2024-10
1284,2024-10-21,8125.0,16563.0,2025-04-06,0.0,6,2024-10
1284,2024-10-21,8125.0,16563.0,2025-04-07,0.0,6,2024-10
1284,2024-10-21,8125.0,16563.0,2025-04-17,0.0,6,2024-10
1284,2024-10-21,8125.0,16563.0,2025-04-21,0.0,6,2024-10
1284,2024-10-21,8125.0,16563.0,2025-04-28,0.0,6,2024-10
1284,2024-10-21,8125.0,16563.0,2025-05-05,0.0,7,2024-10
1284,2024-10-21,8125.0,16563.0,2025-05-12,0.0,7,2024-10
1284,2024-10-21,8125.0,16563.0,2025-05-19,0.0,7,2024-10
1284,2024-10-21,8125.0,16563.0,2025-05-26,0.0,7,2024-10
1284,2024-10-21,8125.0,16563.0,2025-06-02,0.0,8,2024-10
1284,2024-10-21,8125.0,16563.0,2025-06-24,0.0,8,2024-10
1284,2024-10-21,8125.0,16563.0,2025-06-24,1000.0,8,2024-10
1284,2024-10-21,8125.0,16563.0,2025-06-30,0.0,8,2024-10
1284,2024-10-21,8125.0,16563.0,2025-07-07,0.0,9,2024-10
1284,2024-10-21,8125.0,16563.0,2025-07-19,700.0,9,2024-10
1284,2024-10-21,8125.0,16563.0,2025-07-21,0.0,9,2024-10
1284,2024-10-21,8125.0,16563.0,2025-07-28,0.0,9,2024-10
1284,2024-10-21,8125.0,16563.0,2025-08-04,0.0,10,2024-10
1284,2024-10-21,8125.0,16563.0,2025-08-11,0.0,10,2024-10
1284,2024-10-21,8125.0,16563.0,2025-08-18,0.0,10,2024-10
1284,2024-10-21,8125.0,16563.0,2025-08-25,0.0,10,2024-10
1284,2024-10-21,8125.0,16563.0,2025-09-01,0.0,11,2024-10
1284,2024-10-21,8125.0,16563.0,2025-09-08,0.0,11,2024-10
1284,2024-10-21,8125.0,16563.0,2025-09-22,0.0,11,2024-10
1284,2024-10-21,8125.0,16563.0,2025-09-23,0.0,11,2024-10
1284,2024-10-21,8125.0,16563.0,2025-09-30,0.0,11,2024-10
1284,2024-10-21,8125.0,16563.0,2025-10-07,0.0,12,2024-10
1284,2024-10-21,8125.0,16563.0,2026-01-10,0.0,15,2024-10
1284,2024-10-21,8125.0,16563.0,2026-01-11,0.0,15,2024-10
1284,2024-10-21,8125.0,16563.0,2026-01-12,0.0,15,2024-10
1284,2024-10-21,8125.0,16563.0,2026-01-13,0.0,15,2024-10
1284,2024-10-21,8125.0,16563.0,2026-01-14,0.0,15,2024-10
1284,2024-10-21,8125.0,16563.0,2026-01-17,0.0,15,2024-10
1284,2024-10-21,8125.0,16563.0,2026-01-18,0.0,15,2024-10
1284,2024-10-21,8125.0,16563.0,2026-01-19,0.0,15,2024-10
1284,2024-10-21,8125.0,16563.0,2026-01-25,0.0,15,2024-10
1284,2024-10-21,8125.0,16563.0,2026-02-01,0.0,16,2024-10
1284,2024-10-21,8125.0,16563.0,2026-02-08,0.0,16,2024-10
1284,2024-10-21,8125.0,16563.0,2026-02-15,0.0,16,2024-10
1284,2024-10-21,8125.0,16563.0,2026-02-22,0.0,16,2024-10
1284,2024-10-21,8125.0,16563.0,2026-03-01,0.0,17,2024-10
1284,2024-10-21,8125.0,16563.0,2026-03-08,0.0,17,2024-10
1284,2024-10-21,8125.0,16563.0,2026-03-15,0.0,17,2024-10
1284,2024-10-21,8125.0,16563.0,2026-03-22,0.0,17,2024-10
1285,2024-10-21,18800.0,26300.0,2024-10-28,1096.0,0,2024-10
1285,2024-10-21,18800.0,26300.0,2024-11-04,1096.0,1,2024-10
1285,2024-10-21,18800.0,26300.0,2024-11-11,1096.0,1,2024-10
1285,2024-10-21,18800.0,26300.0,2024-11-18,1096.0,1,2024-10
1285,2024-10-21,18800.0,26300.0,2024-11-25,1096.0,1,2024-10
1285,2024-10-21,18800.0,26300.0,2024-12-02,1096.0,2,2024-10
1285,2024-10-21,18800.0,26300.0,2024-12-09,1096.0,2,2024-10
1285,2024-10-21,18800.0,26300.0,2024-12-17,1096.0,2,2024-10
1285,2024-10-21,18800.0,26300.0,2024-12-23,1096.0,2,2024-10
1285,2024-10-21,18800.0,26300.0,2024-12-31,1096.0,2,2024-10
1285,2024-10-21,18800.0,26300.0,2025-01-06,1096.0,3,2024-10
1285,2024-10-21,18800.0,26300.0,2025-01-14,1096.0,3,2024-10
1285,2024-10-21,18800.0,26300.0,2025-01-20,1096.0,3,2024-10
1285,2024-10-21,18800.0,26300.0,2025-01-27,1096.0,3,2024-10
1285,2024-10-21,18800.0,26300.0,2025-02-03,1096.0,4,2024-10
1285,2024-10-21,18800.0,26300.0,2025-02-10,1096.0,4,2024-10
1285,2024-10-21,18800.0,26300.0,2025-02-17,1096.0,4,2024-10
1285,2024-10-21,18800.0,26300.0,2025-02-24,1096.0,4,2024-10
1285,2024-10-21,18800.0,26300.0,2025-03-03,1096.0,5,2024-10
1285,2024-10-21,18800.0,26300.0,2025-03-10,1096.0,5,2024-10
1285,2024-10-21,18800.0,26300.0,2025-03-17,1096.0,5,2024-10
1285,2024-10-21,18800.0,26300.0,2025-03-24,1096.0,5,2024-10
1285,2024-10-21,18800.0,26300.0,2025-04-06,0.0,6,2024-10
1285,2024-10-21,18800.0,26300.0,2025-04-07,2192.0,6,2024-10
1286,2024-10-21,18800.0,31400.0,2024-10-28,1096.0,0,2024-10
1286,2024-10-21,18800.0,31400.0,2024-11-04,1096.0,1,2024-10
1286,2024-10-21,18800.0,31400.0,2024-11-11,1096.0,1,2024-10
1286,2024-10-21,18800.0,31400.0,2024-11-18,1096.0,1,2024-10
1286,2024-10-21,18800.0,31400.0,2024-11-25,1103.0,1,2024-10
1286,2024-10-21,18800.0,31400.0,2024-12-02,1087.0,2,2024-10
1286,2024-10-21,18800.0,31400.0,2024-12-09,1096.0,2,2024-10
1286,2024-10-21,18800.0,31400.0,2024-12-15,1096.0,2,2024-10
1286,2024-10-21,18800.0,31400.0,2024-12-23,1096.0,2,2024-10
1286,2024-10-21,18800.0,31400.0,2024-12-30,1096.0,2,2024-10
1286,2024-10-21,18800.0,31400.0,2025-01-07,1096.0,3,2024-10
1286,2024-10-21,18800.0,31400.0,2025-01-14,1096.0,3,2024-10
1286,2024-10-21,18800.0,31400.0,2025-01-22,1096.0,3,2024-10
1286,2024-10-21,18800.0,31400.0,2025-01-29,1095.0,3,2024-10
1286,2024-10-21,18800.0,31400.0,2025-02-05,1096.0,4,2024-10
1286,2024-10-21,18800.0,31400.0,2025-02-10,0.0,4,2024-10
1286,2024-10-21,18800.0,31400.0,2025-02-17,0.0,4,2024-10
1286,2024-10-21,18800.0,31400.0,2025-02-24,0.0,4,2024-10
1286,2024-10-21,18800.0,31400.0,2025-03-03,0.0,5,2024-10
1286,2024-10-21,18800.0,31400.0,2025-03-10,0.0,5,2024-10
1286,2024-10-21,18800.0,31400.0,2025-03-17,0.0,5,2024-10
1286,2024-10-21,18800.0,31400.0,2025-03-24,0.0,5,2024-10
1286,2024-10-21,18800.0,31400.0,2025-04-06,0.0,6,2024-10
1286,2024-10-21,18800.0,31400.0,2025-04-07,0.0,6,2024-10
1286,2024-10-21,18800.0,31400.0,2025-04-17,0.0,6,2024-10
1286,2024-10-21,18800.0,31400.0,2025-04-21,0.0,6,2024-10
1286,2024-10-21,18800.0,31400.0,2025-04-28,0.0,6,2024-10
1286,2024-10-21,18800.0,31400.0,2025-05-05,0.0,7,2024-10
1286,2024-10-21,18800.0,31400.0,2025-05-12,0.0,7,2024-10
1286,2024-10-21,18800.0,31400.0,2025-05-19,0.0,7,2024-10
1286,2024-10-21,18800.0,31400.0,2025-05-26,0.0,7,2024-10
1286,2024-10-21,18800.0,31400.0,2025-06-02,0.0,8,2024-10
1286,2024-10-21,18800.0,31400.0,2025-07-28,0.0,9,2024-10
1286,2024-10-21,18800.0,31400.0,2025-08-04,0.0,10,2024-10
1286,2024-10-21,18800.0,31400.0,2025-08-11,0.0,10,2024-10
1286,2024-10-21,18800.0,31400.0,2025-08-18,0.0,10,2024-10
1286,2024-10-21,18800.0,31400.0,2025-08-25,0.0,10,2024-10
1286,2024-10-21,18800.0,31400.0,2025-09-01,0.0,11,2024-10
1286,2024-10-21,18800.0,31400.0,2025-09-08,0.0,11,2024-10
1286,2024-10-21,18800.0,31400.0,2025-09-22,0.0,11,2024-10
1286,2024-10-21,18800.0,31400.0,2025-09-23,0.0,11,2024-10
1286,2024-10-21,18800.0,31400.0,2025-09-30,0.0,11,2024-10
1286,2024-10-21,18800.0,31400.0,2025-10-07,0.0,12,2024-10
1286,2024-10-21,18800.0,31400.0,2025-10-14,0.0,12,2024-10
1286,2024-10-21,18800.0,31400.0,2025-10-21,0.0,12,2024-10
1286,2024-10-21,18800.0,31400.0,2025-10-28,0.0,12,2024-10
1286,2024-10-21,18800.0,31400.0,2025-11-04,0.0,13,2024-10
1286,2024-10-21,18800.0,31400.0,2025-11-11,0.0,13,2024-10
1286,2024-10-21,18800.0,31400.0,2025-11-18,0.0,13,2024-10
1286,2024-10-21,18800.0,31400.0,2025-11-25,0.0,13,2024-10
1286,2024-10-21,18800.0,31400.0,2025-12-07,0.0,14,2024-10
1286,2024-10-21,18800.0,31400.0,2025-12-14,0.0,14,2024-10
1286,2024-10-21,18800.0,31400.0,2025-12-21,0.0,14,2024-10
1286,2024-10-21,18800.0,31400.0,2025-12-28,0.0,14,2024-10
1286,2024-10-21,18800.0,31400.0,2026-01-04,0.0,15,2024-10
1286,2024-10-21,18800.0,31400.0,2026-01-11,0.0,15,2024-10
1286,2024-10-21,18800.0,31400.0,2026-01-18,0.0,15,2024-10
1286,2024-10-21,18800.0,31400.0,2026-01-25,0.0,15,2024-10
1286,2024-10-21,18800.0,31400.0,2026-02-01,0.0,16,2024-10
1286,2024-10-21,18800.0,31400.0,2026-02-08,0.0,16,2024-10
1286,2024-10-21,18800.0,31400.0,2026-02-15,0.0,16,2024-10
1286,2024-10-21,18800.0,31400.0,2026-02-22,0.0,16,2024-10
1286,2024-10-21,18800.0,31400.0,2026-03-01,0.0,17,2024-10
1286,2024-10-21,18800.0,31400.0,2026-03-08,0.0,17,2024-10
1286,2024-10-21,18800.0,31400.0,2026-03-15,0.0,17,2024-10
1286,2024-10-21,18800.0,31400.0,2026-03-22,0.0,17,2024-10
1287,2024-10-21,12591.0,19518.0,2024-10-28,813.0,0,2024-10
1287,2024-10-21,12591.0,19518.0,2024-11-04,813.0,1,2024-10
1287,2024-10-21,12591.0,19518.0,2024-11-11,814.0,1,2024-10
1287,2024-10-21,12591.0,19518.0,2024-11-18,813.0,1,2024-10
1287,2024-10-21,12591.0,19518.0,2024-11-25,813.0,1,2024-10
1287,2024-10-21,12591.0,19518.0,2024-12-02,813.0,2,2024-10
1287,2024-10-21,12591.0,19518.0,2024-12-09,813.0,2,2024-10
1287,2024-10-21,12591.0,19518.0,2024-12-16,813.0,2,2024-10
1287,2024-10-21,12591.0,19518.0,2024-12-23,813.0,2,2024-10
1287,2024-10-21,12591.0,19518.0,2024-12-30,813.0,2,2024-10
1287,2024-10-21,12591.0,19518.0,2025-01-06,813.0,3,2024-10
1287,2024-10-21,12591.0,19518.0,2025-01-13,813.0,3,2024-10
1287,2024-10-21,12591.0,19518.0,2025-01-20,813.0,3,2024-10
1287,2024-10-21,12591.0,19518.0,2025-01-27,813.0,3,2024-10
1287,2024-10-21,12591.0,19518.0,2025-02-03,813.0,4,2024-10
1287,2024-10-21,12591.0,19518.0,2025-02-10,813.0,4,2024-10
1287,2024-10-21,12591.0,19518.0,2025-02-17,813.0,4,2024-10
1287,2024-10-21,12591.0,19518.0,2025-02-24,813.0,4,2024-10
1287,2024-10-21,12591.0,19518.0,2025-03-03,813.0,5,2024-10
1287,2024-10-21,12591.0,19518.0,2025-03-11,813.0,5,2024-10
1287,2024-10-21,12591.0,19518.0,2025-03-17,813.0,5,2024-10
1287,2024-10-21,12591.0,19518.0,2025-03-24,813.0,5,2024-10
1287,2024-10-21,12591.0,19518.0,2025-04-06,0.0,6,2024-10
1287,2024-10-21,12591.0,19518.0,2025-04-07,813.0,6,2024-10
1287,2024-10-21,12591.0,19518.0,2025-04-14,813.0,6,2024-10
1288,2024-10-22,10191.0,20832.0,2024-10-30,660.0,0,2024-10
1288,2024-10-22,10191.0,20832.0,2024-11-12,0.0,1,2024-10
1288,2024-10-22,10191.0,20832.0,2024-11-12,660.0,1,2024-10
1288,2024-10-22,10191.0,20832.0,2024-11-19,0.0,1,2024-10
1288,2024-10-22,10191.0,20832.0,2024-11-26,660.0,1,2024-10
1288,2024-10-22,10191.0,20832.0,2024-12-03,660.0,2,2024-10
1288,2024-10-22,10191.0,20832.0,2024-12-10,1320.0,2,2024-10
1288,2024-10-22,10191.0,20832.0,2024-12-17,660.0,2,2024-10
1288,2024-10-22,10191.0,20832.0,2024-12-24,660.0,2,2024-10
1288,2024-10-22,10191.0,20832.0,2024-12-31,660.0,2,2024-10
1288,2024-10-22,10191.0,20832.0,2025-01-07,0.0,3,2024-10
1288,2024-10-22,10191.0,20832.0,2025-01-14,0.0,3,2024-10
1288,2024-10-22,10191.0,20832.0,2025-01-21,0.0,3,2024-10
1288,2024-10-22,10191.0,20832.0,2025-01-28,0.0,3,2024-10
1288,2024-10-22,10191.0,20832.0,2025-02-04,0.0,4,2024-10
1288,2024-10-22,10191.0,20832.0,2025-02-11,660.0,4,2024-10
1288,2024-10-22,10191.0,20832.0,2025-02-18,0.0,4,2024-10
1288,2024-10-22,10191.0,20832.0,2025-02-25,0.0,4,2024-10
1288,2024-10-22,10191.0,20832.0,2025-03-04,0.0,5,2024-10
1288,2024-10-22,10191.0,20832.0,2025-03-11,0.0,5,2024-10
1288,2024-10-22,10191.0,20832.0,2025-03-18,0.0,5,2024-10
1288,2024-10-22,10191.0,20832.0,2025-03-25,0.0,5,2024-10
1288,2024-10-22,10191.0,20832.0,2025-04-06,0.0,6,2024-10
1288,2024-10-22,10191.0,20832.0,2025-04-08,0.0,6,2024-10
1288,2024-10-22,10191.0,20832.0,2025-04-15,0.0,6,2024-10
1288,2024-10-22,10191.0,20832.0,2025-04-22,0.0,6,2024-10
1288,2024-10-22,10191.0,20832.0,2025-04-29,0.0,6,2024-10
1288,2024-10-22,10191.0,20832.0,2025-05-06,0.0,7,2024-10
1288,2024-10-22,10191.0,20832.0,2025-05-13,0.0,7,2024-10
1288,2024-10-22,10191.0,20832.0,2025-05-20,0.0,7,2024-10
1288,2024-10-22,10191.0,20832.0,2025-05-27,0.0,7,2024-10
1288,2024-10-22,10191.0,20832.0,2025-06-03,0.0,8,2024-10
1288,2024-10-22,10191.0,20832.0,2025-07-29,0.0,9,2024-10
1288,2024-10-22,10191.0,20832.0,2025-08-07,660.0,10,2024-10
1288,2024-10-22,10191.0,20832.0,2025-08-12,0.0,10,2024-10
1288,2024-10-22,10191.0,20832.0,2025-08-19,0.0,10,2024-10
1288,2024-10-22,10191.0,20832.0,2025-08-26,0.0,10,2024-10
1288,2024-10-22,10191.0,20832.0,2025-09-02,0.0,11,2024-10
1288,2024-10-22,10191.0,20832.0,2025-09-09,0.0,11,2024-10
1288,2024-10-22,10191.0,20832.0,2025-09-23,0.0,11,2024-10
1288,2024-10-22,10191.0,20832.0,2025-09-24,0.0,11,2024-10
1288,2024-10-22,10191.0,20832.0,2025-10-01,0.0,12,2024-10
1288,2024-10-22,10191.0,20832.0,2025-10-08,0.0,12,2024-10
1288,2024-10-22,10191.0,20832.0,2025-10-15,0.0,12,2024-10
1288,2024-10-22,10191.0,20832.0,2025-10-22,0.0,12,2024-10
1288,2024-10-22,10191.0,20832.0,2025-10-29,0.0,12,2024-10
1288,2024-10-22,10191.0,20832.0,2025-11-12,0.0,13,2024-10
1288,2024-10-22,10191.0,20832.0,2025-11-19,0.0,13,2024-10
1288,2024-10-22,10191.0,20832.0,2025-11-26,0.0,13,2024-10
1288,2024-10-22,10191.0,20832.0,2025-12-01,1320.0,14,2024-10
1288,2024-10-22,10191.0,20832.0,2025-12-09,660.0,14,2024-10
1288,2024-10-22,10191.0,20832.0,2025-12-22,0.0,14,2024-10
1288,2024-10-22,10191.0,20832.0,2025-12-29,0.0,14,2024-10
1288,2024-10-22,10191.0,20832.0,2026-01-05,0.0,15,2024-10
1288,2024-10-22,10191.0,20832.0,2026-01-12,0.0,15,2024-10
1288,2024-10-22,10191.0,20832.0,2026-01-19,0.0,15,2024-10
1288,2024-10-22,10191.0,20832.0,2026-01-26,0.0,15,2024-10
1288,2024-10-22,10191.0,20832.0,2026-02-02,0.0,16,2024-10
1288,2024-10-22,10191.0,20832.0,2026-02-09,0.0,16,2024-10
1288,2024-10-22,10191.0,20832.0,2026-02-16,0.0,16,2024-10
1288,2024-10-22,10191.0,20832.0,2026-02-23,0.0,16,2024-10
1288,2024-10-22,10191.0,20832.0,2026-03-02,0.0,17,2024-10
1288,2024-10-22,10191.0,20832.0,2026-03-09,0.0,17,2024-10
1288,2024-10-22,10191.0,20832.0,2026-03-16,0.0,17,2024-10
1288,2024-10-22,10191.0,20832.0,2026-03-23,0.0,17,2024-10
1290,2024-10-22,8991.0,17413.0,2024-10-29,584.0,0,2024-10
1290,2024-10-22,8991.0,17413.0,2024-11-05,584.0,1,2024-10
1290,2024-10-22,8991.0,17413.0,2024-11-12,584.0,1,2024-10
1290,2024-10-22,8991.0,17413.0,2024-11-19,584.0,1,2024-10
1290,2024-10-22,8991.0,17413.0,2024-11-26,584.0,1,2024-10
1290,2024-10-22,8991.0,17413.0,2024-12-04,584.0,2,2024-10
1290,2024-10-22,8991.0,17413.0,2024-12-10,584.0,2,2024-10
1290,2024-10-22,8991.0,17413.0,2024-12-17,584.0,2,2024-10
1290,2024-10-22,8991.0,17413.0,2024-12-26,585.0,2,2024-10
1290,2024-10-22,8991.0,17413.0,2024-12-31,585.0,2,2024-10
1290,2024-10-22,8991.0,17413.0,2025-01-07,585.0,3,2024-10
1290,2024-10-22,8991.0,17413.0,2025-01-14,590.0,3,2024-10
1290,2024-10-22,8991.0,17413.0,2025-01-21,0.0,3,2024-10
1290,2024-10-22,8991.0,17413.0,2025-01-28,0.0,3,2024-10
1290,2024-10-22,8991.0,17413.0,2025-01-29,1170.0,3,2024-10
1290,2024-10-22,8991.0,17413.0,2025-02-11,1200.0,4,2024-10
1290,2024-10-22,8991.0,17413.0,2025-02-18,0.0,4,2024-10
1290,2024-10-22,8991.0,17413.0,2025-02-25,0.0,4,2024-10
1290,2024-10-22,8991.0,17413.0,2025-03-04,0.0,5,2024-10
1290,2024-10-22,8991.0,17413.0,2025-03-11,0.0,5,2024-10
1290,2024-10-22,8991.0,17413.0,2025-03-18,0.0,5,2024-10
1290,2024-10-22,8991.0,17413.0,2025-03-25,0.0,5,2024-10
1290,2024-10-22,8991.0,17413.0,2025-04-06,0.0,6,2024-10
1290,2024-10-22,8991.0,17413.0,2025-04-08,0.0,6,2024-10
1290,2024-10-22,8991.0,17413.0,2025-04-15,0.0,6,2024-10
1290,2024-10-22,8991.0,17413.0,2025-04-22,0.0,6,2024-10
1290,2024-10-22,8991.0,17413.0,2025-04-29,0.0,6,2024-10
1290,2024-10-22,8991.0,17413.0,2025-05-06,0.0,7,2024-10
1290,2024-10-22,8991.0,17413.0,2025-05-13,0.0,7,2024-10
1290,2024-10-22,8991.0,17413.0,2025-05-20,0.0,7,2024-10
1290,2024-10-22,8991.0,17413.0,2025-05-27,0.0,7,2024-10
1290,2024-10-22,8991.0,17413.0,2025-06-03,0.0,8,2024-10
1290,2024-10-22,8991.0,17413.0,2025-07-08,0.0,9,2024-10
1290,2024-10-22,8991.0,17413.0,2025-07-15,0.0,9,2024-10
1290,2024-10-22,8991.0,17413.0,2025-07-22,0.0,9,2024-10
1290,2024-10-22,8991.0,17413.0,2025-07-29,0.0,9,2024-10
1290,2024-10-22,8991.0,17413.0,2025-08-05,0.0,10,2024-10
1290,2024-10-22,8991.0,17413.0,2025-08-12,0.0,10,2024-10
1290,2024-10-22,8991.0,17413.0,2025-08-19,0.0,10,2024-10
1290,2024-10-22,8991.0,17413.0,2025-08-26,0.0,10,2024-10
1290,2024-10-22,8991.0,17413.0,2025-09-02,0.0,11,2024-10
1290,2024-10-22,8991.0,17413.0,2025-09-13,3000.0,11,2024-10
1290,2024-10-22,8991.0,17413.0,2025-09-23,0.0,11,2024-10
1290,2024-10-22,8991.0,17413.0,2025-09-24,0.0,11,2024-10
1290,2024-10-22,8991.0,17413.0,2025-10-01,0.0,12,2024-10
1290,2024-10-22,8991.0,17413.0,2025-10-08,0.0,12,2024-10
1290,2024-10-22,8991.0,17413.0,2025-10-15,0.0,12,2024-10
1290,2024-10-22,8991.0,17413.0,2025-10-22,0.0,12,2024-10
1290,2024-10-22,8991.0,17413.0,2025-10-29,0.0,12,2024-10
1290,2024-10-22,8991.0,17413.0,2025-11-12,0.0,13,2024-10
1290,2024-10-22,8991.0,17413.0,2025-11-19,0.0,13,2024-10
1290,2024-10-22,8991.0,17413.0,2025-12-01,0.0,14,2024-10
1290,2024-10-22,8991.0,17413.0,2025-12-07,1700.0,14,2024-10
1291,2024-10-23,13860.0,19678.0,2024-10-30,200.0,0,2024-10
1291,2024-10-23,13860.0,19678.0,2024-11-06,3815.0,1,2024-10
1291,2024-10-23,13860.0,19678.0,2024-11-06,0.0,1,2024-10
1291,2024-10-23,13860.0,19678.0,2024-11-27,1.0,1,2024-10
1291,2024-10-23,13860.0,19678.0,2024-12-04,500.0,2,2024-10
1291,2024-10-23,13860.0,19678.0,2024-12-11,500.0,2,2024-10
1291,2024-10-23,13860.0,19678.0,2024-12-18,200.0,2,2024-10
1291,2024-10-23,13860.0,19678.0,2024-12-22,2012.0,2,2024-10
1291,2024-10-23,13860.0,19678.0,2024-12-22,2409.0,2,2024-10
1291,2024-10-23,13860.0,19678.0,2024-12-22,0.0,2,2024-10
1291,2024-10-23,13860.0,19678.0,2025-01-28,400.0,3,2024-10
1291,2024-10-23,13860.0,19678.0,2025-01-29,605.0,3,2024-10
1291,2024-10-23,13860.0,19678.0,2025-02-04,800.0,4,2024-10
1291,2024-10-23,13860.0,19678.0,2025-02-11,800.0,4,2024-10
1291,2024-10-23,13860.0,19678.0,2025-02-17,800.0,4,2024-10
1291,2024-10-23,13860.0,19678.0,2025-02-25,500.0,4,2024-10
1291,2024-10-23,13860.0,19678.0,2025-03-05,850.0,5,2024-10
1291,2024-10-23,13860.0,19678.0,2025-03-13,804.0,5,2024-10
1291,2024-10-23,13860.0,19678.0,2025-03-19,804.0,5,2024-10
1291,2024-10-23,13860.0,19678.0,2025-03-27,804.0,5,2024-10
1291,2024-10-23,13860.0,19678.0,2025-04-05,804.0,6,2024-10
1291,2024-10-23,13860.0,19678.0,2025-04-09,800.0,6,2024-10
1291,2024-10-23,13860.0,19678.0,2025-04-16,800.0,6,2024-10
1291,2024-10-23,13860.0,19678.0,2025-05-07,1600.0,7,2024-10
1291,2024-10-23,13860.0,19678.0,2025-05-07,0.0,7,2024-10
1292,2024-10-23,7591.0,11883.0,2024-10-30,495.0,0,2024-10
1292,2024-10-23,7591.0,11883.0,2024-11-06,495.0,1,2024-10
1292,2024-10-23,7591.0,11883.0,2024-11-13,495.0,1,2024-10
1292,2024-10-23,7591.0,11883.0,2024-11-20,495.0,1,2024-10
1292,2024-10-23,7591.0,11883.0,2024-11-25,495.0,1,2024-10
1292,2024-10-23,7591.0,11883.0,2024-12-04,495.0,2,2024-10
1292,2024-10-23,7591.0,11883.0,2024-12-11,495.0,2,2024-10
1292,2024-10-23,7591.0,11883.0,2024-12-18,495.0,2,2024-10
1292,2024-10-23,7591.0,11883.0,2024-12-25,495.0,2,2024-10
1292,2024-10-23,7591.0,11883.0,2025-01-01,495.0,3,2024-10
1292,2024-10-23,7591.0,11883.0,2025-01-08,495.0,3,2024-10
1292,2024-10-23,7591.0,11883.0,2025-01-15,495.0,3,2024-10
1292,2024-10-23,7591.0,11883.0,2025-01-22,495.0,3,2024-10
1292,2024-10-23,7591.0,11883.0,2025-01-29,495.0,3,2024-10
1292,2024-10-23,7591.0,11883.0,2025-02-05,495.0,4,2024-10
1292,2024-10-23,7591.0,11883.0,2025-02-17,495.0,4,2024-10
1292,2024-10-23,7591.0,11883.0,2025-02-19,495.0,4,2024-10
1292,2024-10-23,7591.0,11883.0,2025-02-26,495.0,4,2024-10
1292,2024-10-23,7591.0,11883.0,2025-03-05,495.0,5,2024-10
1292,2024-10-23,7591.0,11883.0,2025-03-12,495.0,5,2024-10
1292,2024-10-23,7591.0,11883.0,2025-03-19,495.0,5,2024-10
1292,2024-10-23,7591.0,11883.0,2025-03-26,495.0,5,2024-10
1292,2024-10-23,7591.0,11883.0,2025-04-02,495.0,6,2024-10
1292,2024-10-23,7591.0,11883.0,2025-04-09,495.0,6,2024-10
1293,2024-10-24,16500.0,22975.0,2024-10-31,950.0,0,2024-10
1293,2024-10-24,16500.0,22975.0,2024-11-09,3800.0,1,2024-10
1293,2024-10-24,16500.0,22975.0,2024-11-09,0.0,1,2024-10
1293,2024-10-24,16500.0,22975.0,2024-12-05,3800.0,2,2024-10
1293,2024-10-24,16500.0,22975.0,2024-12-05,0.0,2,2024-10
1293,2024-10-24,16500.0,22975.0,2025-01-04,3860.0,3,2024-10
1293,2024-10-24,16500.0,22975.0,2025-01-04,0.0,3,2024-10
1293,2024-10-24,16500.0,22975.0,2025-01-27,2040.0,3,2024-10
1293,2024-10-24,16500.0,22975.0,2025-01-27,0.0,3,2024-10
1293,2024-10-24,16500.0,22975.0,2025-02-11,1830.0,4,2024-10
1293,2024-10-24,16500.0,22975.0,2025-02-11,0.0,4,2024-10
1293,2024-10-24,16500.0,22975.0,2025-03-03,2000.0,5,2024-10
1293,2024-10-24,16500.0,22975.0,2025-03-03,0.0,5,2024-10
1293,2024-10-24,16500.0,22975.0,2025-03-13,1800.0,5,2024-10
1293,2024-10-24,16500.0,22975.0,2025-03-13,0.0,5,2024-10
1293,2024-10-24,16500.0,22975.0,2025-03-25,2000.0,5,2024-10
1293,2024-10-24,16500.0,22975.0,2025-03-25,0.0,5,2024-10
1293,2024-10-24,16500.0,22975.0,2025-04-10,0.0,6,2024-10
1293,2024-10-24,16500.0,22975.0,2025-04-10,795.0,6,2024-10
1293,2024-10-24,16500.0,22975.0,2025-04-19,0.0,6,2024-10
1294,2024-10-24,10191.0,15932.0,2024-10-31,660.0,0,2024-10
1294,2024-10-24,10191.0,15932.0,2024-11-07,660.0,1,2024-10
1294,2024-10-24,10191.0,15932.0,2024-11-14,660.0,1,2024-10
1294,2024-10-24,10191.0,15932.0,2024-11-21,660.0,1,2024-10
1294,2024-10-24,10191.0,15932.0,2024-11-30,660.0,1,2024-10
1294,2024-10-24,10191.0,15932.0,2024-12-05,660.0,2,2024-10
1294,2024-10-24,10191.0,15932.0,2024-12-12,660.0,2,2024-10
1294,2024-10-24,10191.0,15932.0,2024-12-19,660.0,2,2024-10
1294,2024-10-24,10191.0,15932.0,2024-12-26,660.0,2,2024-10
1294,2024-10-24,10191.0,15932.0,2025-01-04,660.0,3,2024-10
1294,2024-10-24,10191.0,15932.0,2025-01-09,660.0,3,2024-10
1294,2024-10-24,10191.0,15932.0,2025-01-16,660.0,3,2024-10
1294,2024-10-24,10191.0,15932.0,2025-01-23,660.0,3,2024-10
1294,2024-10-24,10191.0,15932.0,2025-01-30,660.0,3,2024-10
1294,2024-10-24,10191.0,15932.0,2025-02-06,660.0,4,2024-10
1294,2024-10-24,10191.0,15932.0,2025-02-16,660.0,4,2024-10
1294,2024-10-24,10191.0,15932.0,2025-02-20,660.0,4,2024-10
1294,2024-10-24,10191.0,15932.0,2025-03-01,660.0,5,2024-10
1294,2024-10-24,10191.0,15932.0,2025-03-08,660.0,5,2024-10
1294,2024-10-24,10191.0,15932.0,2025-03-13,660.0,5,2024-10
1294,2024-10-24,10191.0,15932.0,2025-03-22,660.0,5,2024-10
1294,2024-10-24,10191.0,15932.0,2025-03-29,660.0,5,2024-10
1294,2024-10-24,10191.0,15932.0,2025-04-06,0.0,6,2024-10
1294,2024-10-24,10191.0,15932.0,2025-04-10,660.0,6,2024-10
1294,2024-10-24,10191.0,15932.0,2025-04-17,752.0,6,2024-10
1295,2024-10-26,8991.0,14013.0,2024-11-02,2336.0,1,2024-10
1295,2024-10-26,8991.0,14013.0,2024-11-02,0.0,1,2024-10
1295,2024-10-26,8991.0,14013.0,2024-11-30,2334.0,1,2024-10
1295,2024-10-26,8991.0,14013.0,2024-11-30,0.0,1,2024-10
1295,2024-10-26,8991.0,14013.0,2024-12-21,0.0,2,2024-10
1295,2024-10-26,8991.0,14013.0,2024-12-28,585.0,2,2024-10
1295,2024-10-26,8991.0,14013.0,2025-01-04,2920.0,3,2024-10
1295,2024-10-26,8991.0,14013.0,2025-01-04,0.0,3,2024-10
1295,2024-10-26,8991.0,14013.0,2025-02-08,583.0,4,2024-10
1295,2024-10-26,8991.0,14013.0,2025-02-08,584.0,4,2024-10
1295,2024-10-26,8991.0,14013.0,2025-02-22,584.0,4,2024-10
1295,2024-10-26,8991.0,14013.0,2025-03-01,584.0,5,2024-10
1295,2024-10-26,8991.0,14013.0,2025-03-08,584.0,5,2024-10
1295,2024-10-26,8991.0,14013.0,2025-03-15,584.0,5,2024-10
1295,2024-10-26,8991.0,14013.0,2025-03-25,584.0,5,2024-10
1295,2024-10-26,8991.0,14013.0,2025-03-29,584.0,5,2024-10
1295,2024-10-26,8991.0,14013.0,2025-04-05,584.0,6,2024-10
1295,2024-10-26,8991.0,14013.0,2025-04-12,584.0,6,2024-10
1296,2024-10-26,23991.0,37189.0,2024-11-02,1537.0,1,2024-10
1296,2024-10-26,23991.0,37189.0,2024-11-09,1537.0,1,2024-10
1296,2024-10-26,23991.0,37189.0,2024-11-16,0.0,1,2024-10
1296,2024-10-26,23991.0,37189.0,2024-11-23,1537.0,1,2024-10
1296,2024-10-26,23991.0,37189.0,2024-12-01,3074.0,2,2024-10
1296,2024-10-26,23991.0,37189.0,2024-12-07,1537.0,2,2024-10
1296,2024-10-26,23991.0,37189.0,2024-12-14,1537.0,2,2024-10
1296,2024-10-26,23991.0,37189.0,2024-12-23,1547.0,2,2024-10
1296,2024-10-26,23991.0,37189.0,2024-12-30,1537.0,2,2024-10
1296,2024-10-26,23991.0,37189.0,2025-01-04,1528.0,3,2024-10
1296,2024-10-26,23991.0,37189.0,2025-01-14,1537.0,3,2024-10
1296,2024-10-26,23991.0,37189.0,2025-01-19,1537.0,3,2024-10
1296,2024-10-26,23991.0,37189.0,2025-01-25,1537.0,3,2024-10
1296,2024-10-26,23991.0,37189.0,2025-02-02,1537.0,4,2024-10
1296,2024-10-26,23991.0,37189.0,2025-02-08,1537.0,4,2024-10
1296,2024-10-26,23991.0,37189.0,2025-02-16,1537.0,4,2024-10
1296,2024-10-26,23991.0,37189.0,2025-02-22,1537.0,4,2024-10
1296,2024-10-26,23991.0,37189.0,2025-03-01,1537.0,5,2024-10
1296,2024-10-26,23991.0,37189.0,2025-03-08,1537.0,5,2024-10
1296,2024-10-26,23991.0,37189.0,2025-03-15,1539.0,5,2024-10
1296,2024-10-26,23991.0,37189.0,2025-03-25,1537.0,5,2024-10
1296,2024-10-26,23991.0,37189.0,2025-04-06,0.0,6,2024-10
1296,2024-10-26,23991.0,37189.0,2025-04-12,0.0,6,2024-10
1296,2024-10-26,23991.0,37189.0,2025-04-19,0.0,6,2024-10
1296,2024-10-26,23991.0,37189.0,2025-04-26,0.0,6,2024-10
1296,2024-10-26,23991.0,37189.0,2025-05-03,4910.0,7,2024-10
1298,2024-10-27,17491.0,27073.0,2024-11-03,1124.0,1,2024-10
1298,2024-10-27,17491.0,27073.0,2024-11-11,1124.0,1,2024-10
1298,2024-10-27,17491.0,27073.0,2024-11-17,1124.0,1,2024-10
1298,2024-10-27,17491.0,27073.0,2024-11-24,1124.0,1,2024-10
1298,2024-10-27,17491.0,27073.0,2024-12-02,1124.0,2,2024-10
1298,2024-10-27,17491.0,27073.0,2024-12-08,1124.0,2,2024-10
1298,2024-10-27,17491.0,27073.0,2024-12-15,1124.0,2,2024-10
1298,2024-10-27,17491.0,27073.0,2024-12-23,1124.0,2,2024-10
1298,2024-10-27,17491.0,27073.0,2024-12-29,1124.0,2,2024-10
1298,2024-10-27,17491.0,27073.0,2025-01-05,1124.0,3,2024-10
1298,2024-10-27,17491.0,27073.0,2025-01-12,1124.0,3,2024-10
1298,2024-10-27,17491.0,27073.0,2025-01-19,1124.0,3,2024-10
1298,2024-10-27,17491.0,27073.0,2025-01-26,1124.0,3,2024-10
1298,2024-10-27,17491.0,27073.0,2025-02-03,1124.0,4,2024-10
1298,2024-10-27,17491.0,27073.0,2025-02-09,1124.0,4,2024-10
1298,2024-10-27,17491.0,27073.0,2025-02-18,1124.0,4,2024-10
1298,2024-10-27,17491.0,27073.0,2025-02-23,1124.0,4,2024-10
1298,2024-10-27,17491.0,27073.0,2025-03-04,1124.0,5,2024-10
1298,2024-10-27,17491.0,27073.0,2025-03-12,1124.0,5,2024-10
1298,2024-10-27,17491.0,27073.0,2025-03-17,1124.0,5,2024-10
1298,2024-10-27,17491.0,27073.0,2025-03-27,0.0,5,2024-10
1298,2024-10-27,17491.0,27073.0,2025-04-06,0.0,6,2024-10
1298,2024-10-27,17491.0,27073.0,2025-04-10,3372.0,6,2024-10
1298,2024-10-27,17491.0,27073.0,2025-04-13,0.0,6,2024-10
1298,2024-10-27,17491.0,27073.0,2025-04-14,1124.0,6,2024-10
1299,2024-10-27,10191.0,20832.0,2024-11-03,660.0,1,2024-10
1299,2024-10-27,10191.0,20832.0,2024-11-11,660.0,1,2024-10
1299,2024-10-27,10191.0,20832.0,2024-11-17,660.0,1,2024-10
1299,2024-10-27,10191.0,20832.0,2024-11-24,660.0,1,2024-10
1299,2024-10-27,10191.0,20832.0,2024-12-01,660.0,2,2024-10
1299,2024-10-27,10191.0,20832.0,2024-12-08,660.0,2,2024-10
1299,2024-10-27,10191.0,20832.0,2024-12-15,660.0,2,2024-10
1299,2024-10-27,10191.0,20832.0,2024-12-24,660.0,2,2024-10
1299,2024-10-27,10191.0,20832.0,2024-12-31,660.0,2,2024-10
1299,2024-10-27,10191.0,20832.0,2025-01-05,660.0,3,2024-10
1299,2024-10-27,10191.0,20832.0,2025-01-13,660.0,3,2024-10
1299,2024-10-27,10191.0,20832.0,2025-01-20,660.0,3,2024-10
1299,2024-10-27,10191.0,20832.0,2025-01-29,660.0,3,2024-10
1299,2024-10-27,10191.0,20832.0,2025-02-02,0.0,4,2024-10
1299,2024-10-27,10191.0,20832.0,2025-02-09,0.0,4,2024-10
1299,2024-10-27,10191.0,20832.0,2025-02-16,0.0,4,2024-10
1299,2024-10-27,10191.0,20832.0,2025-02-23,0.0,4,2024-10
1299,2024-10-27,10191.0,20832.0,2025-03-02,0.0,5,2024-10
1299,2024-10-27,10191.0,20832.0,2025-03-09,0.0,5,2024-10
1299,2024-10-27,10191.0,20832.0,2025-03-16,0.0,5,2024-10
1299,2024-10-27,10191.0,20832.0,2025-03-27,0.0,5,2024-10
1299,2024-10-27,10191.0,20832.0,2025-04-06,0.0,6,2024-10
1299,2024-10-27,10191.0,20832.0,2025-04-13,0.0,6,2024-10
1299,2024-10-27,10191.0,20832.0,2025-04-20,0.0,6,2024-10
1299,2024-10-27,10191.0,20832.0,2025-04-27,0.0,6,2024-10
1299,2024-10-27,10191.0,20832.0,2025-05-04,0.0,7,2024-10
1299,2024-10-27,10191.0,20832.0,2025-05-11,0.0,7,2024-10
1299,2024-10-27,10191.0,20832.0,2025-05-18,0.0,7,2024-10
1299,2024-10-27,10191.0,20832.0,2025-05-25,0.0,7,2024-10
1299,2024-10-27,10191.0,20832.0,2025-06-01,0.0,8,2024-10
1299,2024-10-27,10191.0,20832.0,2025-06-08,0.0,8,2024-10
1299,2024-10-27,10191.0,20832.0,2025-06-15,0.0,8,2024-10
1299,2024-10-27,10191.0,20832.0,2025-06-22,0.0,8,2024-10
1299,2024-10-27,10191.0,20832.0,2025-06-29,0.0,8,2024-10
1299,2024-10-27,10191.0,20832.0,2025-07-06,0.0,9,2024-10
1299,2024-10-27,10191.0,20832.0,2025-07-13,0.0,9,2024-10
1299,2024-10-27,10191.0,20832.0,2025-07-20,0.0,9,2024-10
1299,2024-10-27,10191.0,20832.0,2025-07-27,0.0,9,2024-10
1299,2024-10-27,10191.0,20832.0,2025-08-03,0.0,10,2024-10
1299,2024-10-27,10191.0,20832.0,2025-08-10,0.0,10,2024-10
1299,2024-10-27,10191.0,20832.0,2025-08-17,0.0,10,2024-10
1299,2024-10-27,10191.0,20832.0,2025-08-24,0.0,10,2024-10
1299,2024-10-27,10191.0,20832.0,2025-08-31,0.0,10,2024-10
1299,2024-10-27,10191.0,20832.0,2025-09-07,0.0,11,2024-10
1299,2024-10-27,10191.0,20832.0,2025-09-14,0.0,11,2024-10
1299,2024-10-27,10191.0,20832.0,2025-09-21,0.0,11,2024-10
1299,2024-10-27,10191.0,20832.0,2025-09-28,0.0,11,2024-10
1299,2024-10-27,10191.0,20832.0,2025-10-05,0.0,12,2024-10
1299,2024-10-27,10191.0,20832.0,2025-10-13,0.0,12,2024-10
1299,2024-10-27,10191.0,20832.0,2025-10-20,0.0,12,2024-10
1299,2024-10-27,10191.0,20832.0,2025-10-27,0.0,12,2024-10
1299,2024-10-27,10191.0,20832.0,2025-11-03,0.0,13,2024-10
1299,2024-10-27,10191.0,20832.0,2025-11-10,0.0,13,2024-10
1299,2024-10-27,10191.0,20832.0,2025-11-17,0.0,13,2024-10
1299,2024-10-27,10191.0,20832.0,2025-11-24,0.0,13,2024-10
1299,2024-10-27,10191.0,20832.0,2025-12-06,0.0,14,2024-10
1299,2024-10-27,10191.0,20832.0,2025-12-13,0.0,14,2024-10
1299,2024-10-27,10191.0,20832.0,2025-12-20,0.0,14,2024-10
1299,2024-10-27,10191.0,20832.0,2025-12-27,0.0,14,2024-10
1299,2024-10-27,10191.0,20832.0,2026-01-03,0.0,15,2024-10
1299,2024-10-27,10191.0,20832.0,2026-01-10,0.0,15,2024-10
1299,2024-10-27,10191.0,20832.0,2026-01-17,0.0,15,2024-10
1299,2024-10-27,10191.0,20832.0,2026-01-24,0.0,15,2024-10
1299,2024-10-27,10191.0,20832.0,2026-01-31,0.0,15,2024-10
1299,2024-10-27,10191.0,20832.0,2026-02-07,0.0,16,2024-10
1299,2024-10-27,10191.0,20832.0,2026-02-14,0.0,16,2024-10
1299,2024-10-27,10191.0,20832.0,2026-02-21,0.0,16,2024-10
1299,2024-10-27,10191.0,20832.0,2026-02-28,0.0,16,2024-10
1299,2024-10-27,10191.0,20832.0,2026-03-07,0.0,17,2024-10
1299,2024-10-27,10191.0,20832.0,2026-03-14,0.0,17,2024-10
1299,2024-10-27,10191.0,20832.0,2026-03-21,0.0,17,2024-10
1301,2024-10-28,8396.0,13098.0,2024-11-04,1092.0,1,2024-10
1301,2024-10-28,8396.0,13098.0,2024-11-04,0.0,1,2024-10
1301,2024-10-28,8396.0,13098.0,2024-11-18,1090.0,1,2024-10
1301,2024-10-28,8396.0,13098.0,2024-11-25,0.0,1,2024-10
1301,2024-10-28,8396.0,13098.0,2024-12-03,1090.0,2,2024-10
1301,2024-10-28,8396.0,13098.0,2024-12-09,0.0,2,2024-10
1301,2024-10-28,8396.0,13098.0,2024-12-17,1090.0,2,2024-10
1301,2024-10-28,8396.0,13098.0,2024-12-17,0.0,2,2024-10
1301,2024-10-28,8396.0,13098.0,2024-12-30,550.0,2,2024-10
1301,2024-10-28,8396.0,13098.0,2024-12-30,546.0,2,2024-10
1301,2024-10-28,8396.0,13098.0,2025-01-06,1090.0,3,2024-10
1301,2024-10-28,8396.0,13098.0,2025-01-19,0.0,3,2024-10
1301,2024-10-28,8396.0,13098.0,2025-01-27,1090.0,3,2024-10
1301,2024-10-28,8396.0,13098.0,2025-02-03,0.0,4,2024-10
1301,2024-10-28,8396.0,13098.0,2025-02-10,549.0,4,2024-10
1301,2024-10-28,8396.0,13098.0,2025-02-17,546.0,4,2024-10
1301,2024-10-28,8396.0,13098.0,2025-03-10,546.0,5,2024-10
1301,2024-10-28,8396.0,13098.0,2025-03-24,546.0,5,2024-10
1301,2024-10-28,8396.0,13098.0,2025-04-06,0.0,6,2024-10
1301,2024-10-28,8396.0,13098.0,2025-04-08,1090.0,6,2024-10
1301,2024-10-28,8396.0,13098.0,2025-05-05,547.0,7,2024-10
1303,2024-10-28,8580.0,12590.0,2024-11-04,512.0,1,2024-10
1303,2024-10-28,8580.0,12590.0,2024-11-11,504.0,1,2024-10
1303,2024-10-28,8580.0,12590.0,2024-11-18,520.0,1,2024-10
1303,2024-10-28,8580.0,12590.0,2024-11-25,512.0,1,2024-10
1303,2024-10-28,8580.0,12590.0,2024-12-02,512.0,2,2024-10
1303,2024-10-28,8580.0,12590.0,2024-12-09,500.0,2,2024-10
1303,2024-10-28,8580.0,12590.0,2024-12-17,500.0,2,2024-10
1303,2024-10-28,8580.0,12590.0,2024-12-23,500.0,2,2024-10
1303,2024-10-28,8580.0,12590.0,2024-12-30,509.0,2,2024-10
1303,2024-10-28,8580.0,12590.0,2025-01-06,500.0,3,2024-10
1303,2024-10-28,8580.0,12590.0,2025-01-14,500.0,3,2024-10
1303,2024-10-28,8580.0,12590.0,2025-01-20,500.0,3,2024-10
1303,2024-10-28,8580.0,12590.0,2025-01-27,500.0,3,2024-10
1303,2024-10-28,8580.0,12590.0,2025-02-03,500.0,4,2024-10
1303,2024-10-28,8580.0,12590.0,2025-02-10,500.0,4,2024-10
1303,2024-10-28,8580.0,12590.0,2025-02-17,500.0,4,2024-10
1303,2024-10-28,8580.0,12590.0,2025-02-24,500.0,4,2024-10
1303,2024-10-28,8580.0,12590.0,2025-03-03,500.0,5,2024-10
1303,2024-10-28,8580.0,12590.0,2025-03-10,500.0,5,2024-10
1303,2024-10-28,8580.0,12590.0,2025-03-17,290.0,5,2024-10
1303,2024-10-28,8580.0,12590.0,2025-03-24,300.0,5,2024-10
1303,2024-10-28,8580.0,12590.0,2025-04-06,0.0,6,2024-10
1303,2024-10-28,8580.0,12590.0,2025-04-07,300.0,6,2024-10
1303,2024-10-28,8580.0,12590.0,2025-04-15,500.0,6,2024-10
1303,2024-10-28,8580.0,12590.0,2025-04-21,430.0,6,2024-10
1303,2024-10-28,8580.0,12590.0,2025-04-28,500.0,6,2024-10
1303,2024-10-28,8580.0,12590.0,2025-05-05,700.0,7,2024-10
1304,2024-10-28,14991.0,28188.0,2024-11-07,966.0,1,2024-10
1304,2024-10-28,14991.0,28188.0,2024-11-12,966.0,1,2024-10
1304,2024-10-28,14991.0,28188.0,2024-11-18,966.0,1,2024-10
1304,2024-10-28,14991.0,28188.0,2024-11-25,966.0,1,2024-10
1304,2024-10-28,14991.0,28188.0,2024-12-02,0.0,2,2024-10
1304,2024-10-28,14991.0,28188.0,2024-12-09,0.0,2,2024-10
1304,2024-10-28,14991.0,28188.0,2024-12-17,0.0,2,2024-10
1304,2024-10-28,14991.0,28188.0,2024-12-23,0.0,2,2024-10
1304,2024-10-28,14991.0,28188.0,2024-12-30,0.0,2,2024-10
1304,2024-10-28,14991.0,28188.0,2025-01-06,0.0,3,2024-10
1304,2024-10-28,14991.0,28188.0,2025-01-14,0.0,3,2024-10
1304,2024-10-28,14991.0,28188.0,2025-01-20,0.0,3,2024-10
1304,2024-10-28,14991.0,28188.0,2025-01-27,0.0,3,2024-10
1304,2024-10-28,14991.0,28188.0,2025-02-03,0.0,4,2024-10
1304,2024-10-28,14991.0,28188.0,2025-02-10,0.0,4,2024-10
1304,2024-10-28,14991.0,28188.0,2025-02-17,0.0,4,2024-10
1304,2024-10-28,14991.0,28188.0,2025-02-24,0.0,4,2024-10
1304,2024-10-28,14991.0,28188.0,2025-03-03,0.0,5,2024-10
1304,2024-10-28,14991.0,28188.0,2025-03-10,0.0,5,2024-10
1304,2024-10-28,14991.0,28188.0,2025-03-17,0.0,5,2024-10
1304,2024-10-28,14991.0,28188.0,2025-03-24,0.0,5,2024-10
1304,2024-10-28,14991.0,28188.0,2025-04-06,0.0,6,2024-10
1304,2024-10-28,14991.0,28188.0,2025-04-27,0.0,6,2024-10
1304,2024-10-28,14991.0,28188.0,2025-04-27,1000.0,6,2024-10
1304,2024-10-28,14991.0,28188.0,2025-04-28,0.0,6,2024-10
1304,2024-10-28,14991.0,28188.0,2025-05-05,0.0,7,2024-10
1304,2024-10-28,14991.0,28188.0,2025-05-12,0.0,7,2024-10
1304,2024-10-28,14991.0,28188.0,2025-05-19,0.0,7,2024-10
1304,2024-10-28,14991.0,28188.0,2025-05-26,0.0,7,2024-10
1304,2024-10-28,14991.0,28188.0,2025-06-02,0.0,8,2024-10
1304,2024-10-28,14991.0,28188.0,2025-06-15,0.0,8,2024-10
1304,2024-10-28,14991.0,28188.0,2025-06-16,0.0,8,2024-10
1304,2024-10-28,14991.0,28188.0,2025-06-23,0.0,8,2024-10
1304,2024-10-28,14991.0,28188.0,2025-06-30,0.0,8,2024-10
1304,2024-10-28,14991.0,28188.0,2025-07-07,0.0,9,2024-10
1304,2024-10-28,14991.0,28188.0,2025-07-14,0.0,9,2024-10
1304,2024-10-28,14991.0,28188.0,2025-07-21,0.0,9,2024-10
1304,2024-10-28,14991.0,28188.0,2025-07-28,0.0,9,2024-10
1304,2024-10-28,14991.0,28188.0,2025-08-04,0.0,10,2024-10
1304,2024-10-28,14991.0,28188.0,2025-08-11,0.0,10,2024-10
1304,2024-10-28,14991.0,28188.0,2025-08-18,0.0,10,2024-10
1304,2024-10-28,14991.0,28188.0,2025-08-25,0.0,10,2024-10
1304,2024-10-28,14991.0,28188.0,2025-09-01,0.0,11,2024-10
1304,2024-10-28,14991.0,28188.0,2025-09-08,0.0,11,2024-10
1304,2024-10-28,14991.0,28188.0,2025-09-22,0.0,11,2024-10
1304,2024-10-28,14991.0,28188.0,2025-09-23,0.0,11,2024-10
1304,2024-10-28,14991.0,28188.0,2025-09-30,0.0,11,2024-10
1304,2024-10-28,14991.0,28188.0,2025-10-07,0.0,12,2024-10
1304,2024-10-28,14991.0,28188.0,2025-10-14,0.0,12,2024-10
1304,2024-10-28,14991.0,28188.0,2025-10-21,0.0,12,2024-10
1304,2024-10-28,14991.0,28188.0,2025-10-28,0.0,12,2024-10
1304,2024-10-28,14991.0,28188.0,2025-11-04,0.0,13,2024-10
1304,2024-10-28,14991.0,28188.0,2025-11-11,0.0,13,2024-10
1304,2024-10-28,14991.0,28188.0,2025-11-18,0.0,13,2024-10
1304,2024-10-28,14991.0,28188.0,2025-11-25,3000.0,13,2024-10
1304,2024-10-28,14991.0,28188.0,2025-12-07,0.0,14,2024-10
1304,2024-10-28,14991.0,28188.0,2025-12-14,0.0,14,2024-10
1304,2024-10-28,14991.0,28188.0,2025-12-21,0.0,14,2024-10
1304,2024-10-28,14991.0,28188.0,2025-12-28,0.0,14,2024-10
1304,2024-10-28,14991.0,28188.0,2026-01-04,0.0,15,2024-10
1304,2024-10-28,14991.0,28188.0,2026-01-11,0.0,15,2024-10
1304,2024-10-28,14991.0,28188.0,2026-01-18,0.0,15,2024-10
1304,2024-10-28,14991.0,28188.0,2026-01-25,0.0,15,2024-10
1304,2024-10-28,14991.0,28188.0,2026-02-01,0.0,16,2024-10
1304,2024-10-28,14991.0,28188.0,2026-02-08,0.0,16,2024-10
1304,2024-10-28,14991.0,28188.0,2026-02-15,0.0,16,2024-10
1304,2024-10-28,14991.0,28188.0,2026-02-22,0.0,16,2024-10
1304,2024-10-28,14991.0,28188.0,2026-03-01,0.0,17,2024-10
1304,2024-10-28,14991.0,28188.0,2026-03-08,0.0,17,2024-10
1304,2024-10-28,14991.0,28188.0,2026-03-15,0.0,17,2024-10
1304,2024-10-28,14991.0,28188.0,2026-03-22,0.0,17,2024-10
1318,2024-11-02,8991.0,17813.0,2024-11-09,1000.0,0,2024-11
1318,2024-11-02,8991.0,17813.0,2024-11-09,0.0,0,2024-11
1318,2024-11-02,8991.0,17813.0,2024-11-16,1000.0,0,2024-11
1318,2024-11-02,8991.0,17813.0,2024-11-24,1000.0,0,2024-11
1318,2024-11-02,8991.0,17813.0,2024-11-24,0.0,0,2024-11
1318,2024-11-02,8991.0,17813.0,2024-11-30,1000.0,0,2024-11
1318,2024-11-02,8991.0,17813.0,2024-11-30,0.0,0,2024-11
1318,2024-11-02,8991.0,17813.0,2024-12-07,1000.0,1,2024-11
1318,2024-11-02,8991.0,17813.0,2024-12-07,0.0,1,2024-11
1318,2024-11-02,8991.0,17813.0,2025-01-12,1000.0,2,2024-11
1318,2024-11-02,8991.0,17813.0,2025-01-18,0.0,2,2024-11
1318,2024-11-02,8991.0,17813.0,2025-01-19,1000.0,2,2024-11
1318,2024-11-02,8991.0,17813.0,2025-02-01,0.0,3,2024-11
1318,2024-11-02,8991.0,17813.0,2025-02-08,0.0,3,2024-11
1318,2024-11-02,8991.0,17813.0,2025-02-16,0.0,3,2024-11
1318,2024-11-02,8991.0,17813.0,2025-02-22,0.0,3,2024-11
1318,2024-11-02,8991.0,17813.0,2025-03-01,0.0,4,2024-11
1318,2024-11-02,8991.0,17813.0,2025-03-08,0.0,4,2024-11
1318,2024-11-02,8991.0,17813.0,2025-03-15,0.0,4,2024-11
1318,2024-11-02,8991.0,17813.0,2025-03-25,0.0,4,2024-11
1318,2024-11-02,8991.0,17813.0,2025-04-06,0.0,5,2024-11
1318,2024-11-02,8991.0,17813.0,2025-04-12,0.0,5,2024-11
1318,2024-11-02,8991.0,17813.0,2025-04-19,0.0,5,2024-11
1318,2024-11-02,8991.0,17813.0,2025-04-26,0.0,5,2024-11
1318,2024-11-02,8991.0,17813.0,2025-05-03,0.0,6,2024-11
1318,2024-11-02,8991.0,17813.0,2025-05-10,0.0,6,2024-11
1318,2024-11-02,8991.0,17813.0,2025-05-17,0.0,6,2024-11
1318,2024-11-02,8991.0,17813.0,2025-05-24,0.0,6,2024-11
1318,2024-11-02,8991.0,17813.0,2025-05-31,0.0,6,2024-11
1318,2024-11-02,8991.0,17813.0,2025-07-26,0.0,8,2024-11
1318,2024-11-02,8991.0,17813.0,2025-06-12,0.0,7,2024-11
1318,2024-11-02,8991.0,17813.0,2025-07-12,0.0,8,2024-11
1318,2024-11-02,8991.0,17813.0,2025-07-19,0.0,8,2024-11
1318,2024-11-02,8991.0,17813.0,2025-08-02,0.0,9,2024-11
1318,2024-11-02,8991.0,17813.0,2025-08-09,0.0,9,2024-11
1318,2024-11-02,8991.0,17813.0,2025-08-16,0.0,9,2024-11
1318,2024-11-02,8991.0,17813.0,2025-08-23,0.0,9,2024-11
1318,2024-11-02,8991.0,17813.0,2025-08-30,0.0,9,2024-11
1318,2024-11-02,8991.0,17813.0,2025-09-06,0.0,10,2024-11
1318,2024-11-02,8991.0,17813.0,2025-09-14,0.0,10,2024-11
1318,2024-11-02,8991.0,17813.0,2025-09-27,0.0,10,2024-11
1318,2024-11-02,8991.0,17813.0,2025-09-28,0.0,10,2024-11
1318,2024-11-02,8991.0,17813.0,2025-10-05,0.0,11,2024-11
1318,2024-11-02,8991.0,17813.0,2025-10-12,0.0,11,2024-11
1318,2024-11-02,8991.0,17813.0,2025-10-19,0.0,11,2024-11
1318,2024-11-02,8991.0,17813.0,2025-10-26,0.0,11,2024-11
1318,2024-11-02,8991.0,17813.0,2025-11-02,0.0,12,2024-11
1318,2024-11-02,8991.0,17813.0,2025-11-09,0.0,12,2024-11
1318,2024-11-02,8991.0,17813.0,2025-11-16,0.0,12,2024-11
1318,2024-11-02,8991.0,17813.0,2025-11-26,2000.0,12,2024-11
1318,2024-11-02,8991.0,17813.0,2025-12-05,0.0,13,2024-11
1318,2024-11-02,8991.0,17813.0,2025-12-12,0.0,13,2024-11
1318,2024-11-02,8991.0,17813.0,2025-12-19,0.0,13,2024-11
1318,2024-11-02,8991.0,17813.0,2025-12-26,0.0,13,2024-11
1318,2024-11-02,8991.0,17813.0,2026-01-02,0.0,14,2024-11
1318,2024-11-02,8991.0,17813.0,2026-01-09,0.0,14,2024-11
1318,2024-11-02,8991.0,17813.0,2026-01-18,0.0,14,2024-11
1318,2024-11-02,8991.0,17813.0,2026-01-23,0.0,14,2024-11
1318,2024-11-02,8991.0,17813.0,2026-01-30,0.0,14,2024-11
1318,2024-11-02,8991.0,17813.0,2026-02-06,0.0,15,2024-11
1318,2024-11-02,8991.0,17813.0,2026-02-13,0.0,15,2024-11
1318,2024-11-02,8991.0,17813.0,2026-02-20,0.0,15,2024-11
1318,2024-11-02,8991.0,17813.0,2026-02-27,0.0,15,2024-11
1318,2024-11-02,8991.0,17813.0,2026-03-06,0.0,16,2024-11
1318,2024-11-02,8991.0,17813.0,2026-03-13,0.0,16,2024-11
1318,2024-11-02,8991.0,17813.0,2026-03-20,0.0,16,2024-11
1318,2024-11-02,8991.0,17813.0,2026-03-27,0.0,16,2024-11
1326,2024-11-03,29991.0,48568.0,2024-11-10,1920.0,0,2024-11
1326,2024-11-03,29991.0,48568.0,2024-11-17,1920.0,0,2024-11
1326,2024-11-03,29991.0,48568.0,2024-11-24,1920.0,0,2024-11
1326,2024-11-03,29991.0,48568.0,2024-12-01,1920.0,1,2024-11
1326,2024-11-03,29991.0,48568.0,2024-12-08,1920.0,1,2024-11
1326,2024-11-03,29991.0,48568.0,2024-12-15,1920.0,1,2024-11
1326,2024-11-03,29991.0,48568.0,2024-12-22,1920.0,1,2024-11
1326,2024-11-03,29991.0,48568.0,2024-12-28,1920.0,1,2024-11
1326,2024-11-03,29991.0,48568.0,2025-01-04,1920.0,2,2024-11
1326,2024-11-03,29991.0,48568.0,2025-01-11,1920.0,2,2024-11
1326,2024-11-03,29991.0,48568.0,2025-01-19,1900.0,2,2024-11
1326,2024-11-03,29991.0,48568.0,2025-01-26,1900.0,2,2024-11
1326,2024-11-03,29991.0,48568.0,2025-02-02,1400.0,3,2024-11
1326,2024-11-03,29991.0,48568.0,2025-02-09,1500.0,3,2024-11
1326,2024-11-03,29991.0,48568.0,2025-02-16,1500.0,3,2024-11
1326,2024-11-03,29991.0,48568.0,2025-02-23,1500.0,3,2024-11
1326,2024-11-03,29991.0,48568.0,2025-03-02,1500.0,4,2024-11
1326,2024-11-03,29991.0,48568.0,2025-03-09,1000.0,4,2024-11
1326,2024-11-03,29991.0,48568.0,2025-03-16,1000.0,4,2024-11
1326,2024-11-03,29991.0,48568.0,2025-03-27,800.0,4,2024-11
1326,2024-11-03,29991.0,48568.0,2025-04-06,0.0,5,2024-11
1326,2024-11-03,29991.0,48568.0,2025-04-06,1000.0,5,2024-11
1326,2024-11-03,29991.0,48568.0,2025-04-13,1000.0,5,2024-11
1326,2024-11-03,29991.0,48568.0,2025-04-20,1000.0,5,2024-11
1326,2024-11-03,29991.0,48568.0,2025-04-27,1000.0,5,2024-11
1326,2024-11-03,29991.0,48568.0,2025-05-04,1000.0,6,2024-11
1326,2024-11-03,29991.0,48568.0,2025-05-11,1000.0,6,2024-11
1326,2024-11-03,29991.0,48568.0,2025-05-18,1000.0,6,2024-11
1326,2024-11-03,29991.0,48568.0,2025-05-25,500.0,6,2024-11
1326,2024-11-03,29991.0,48568.0,2025-06-01,300.0,7,2024-11
1326,2024-11-03,29991.0,48568.0,2025-06-08,170.0,7,2024-11
1326,2024-11-03,29991.0,48568.0,2025-06-15,300.0,7,2024-11
1326,2024-11-03,29991.0,48568.0,2025-06-22,300.0,7,2024-11
1326,2024-11-03,29991.0,48568.0,2025-06-29,300.0,7,2024-11
1326,2024-11-03,29991.0,48568.0,2025-07-06,200.0,8,2024-11
1326,2024-11-03,29991.0,48568.0,2025-07-13,400.0,8,2024-11
1326,2024-11-03,29991.0,48568.0,2025-07-20,300.0,8,2024-11
1326,2024-11-03,29991.0,48568.0,2025-07-27,300.0,8,2024-11
1326,2024-11-03,29991.0,48568.0,2025-08-03,700.0,9,2024-11
1326,2024-11-03,29991.0,48568.0,2025-08-10,0.0,9,2024-11
1326,2024-11-03,29991.0,48568.0,2025-08-17,0.0,9,2024-11
1326,2024-11-03,29991.0,48568.0,2025-08-25,1000.0,9,2024-11
1326,2024-11-03,29991.0,48568.0,2025-08-30,500.0,9,2024-11
1326,2024-11-03,29991.0,48568.0,2025-09-12,1000.0,10,2024-11
1326,2024-11-03,29991.0,48568.0,2025-09-15,0.0,10,2024-11
1326,2024-11-03,29991.0,48568.0,2025-09-28,0.0,10,2024-11
1326,2024-11-03,29991.0,48568.0,2025-09-29,0.0,10,2024-11
1326,2024-11-03,29991.0,48568.0,2025-10-06,500.0,11,2024-11
1326,2024-11-03,29991.0,48568.0,2025-10-12,500.0,11,2024-11
1326,2024-11-03,29991.0,48568.0,2025-10-19,500.0,11,2024-11
1328,2024-11-04,19800.0,28300.0,2024-12-05,4200.0,1,2024-11
1328,2024-11-04,19800.0,28300.0,2025-01-09,4500.0,2,2024-11
1328,2024-11-04,19800.0,28300.0,2025-02-04,3800.0,3,2024-11
1328,2024-11-04,19800.0,28300.0,2025-03-04,3800.0,4,2024-11
1328,2024-11-04,19800.0,28300.0,2025-04-05,2000.0,5,2024-11
1328,2024-11-04,19800.0,28300.0,2025-05-05,0.0,6,2024-11
1328,2024-11-04,19800.0,28300.0,2025-06-08,9500.0,7,2024-11
1329,2024-11-04,18000.0,26650.0,2024-11-04,1082.0,0,2024-11
1329,2024-11-04,18000.0,26650.0,2024-11-14,1080.0,0,2024-11
1329,2024-11-04,18000.0,26650.0,2024-11-26,1080.0,0,2024-11
1329,2024-11-04,18000.0,26650.0,2024-12-04,1080.0,1,2024-11
1329,2024-11-04,18000.0,26650.0,2024-12-09,1080.0,1,2024-11
1329,2024-11-04,18000.0,26650.0,2024-12-17,0.0,1,2024-11
1329,2024-11-04,18000.0,26650.0,2024-12-23,0.0,1,2024-11
1329,2024-11-04,18000.0,26650.0,2024-12-30,0.0,1,2024-11
1329,2024-11-04,18000.0,26650.0,2025-01-06,0.0,2,2024-11
1329,2024-11-04,18000.0,26650.0,2025-01-14,0.0,2,2024-11
1329,2024-11-04,18000.0,26650.0,2025-01-20,0.0,2,2024-11
1329,2024-11-04,18000.0,26650.0,2025-01-27,0.0,2,2024-11
1329,2024-11-04,18000.0,26650.0,2025-02-03,0.0,3,2024-11
1329,2024-11-04,18000.0,26650.0,2025-02-10,0.0,3,2024-11
1329,2024-11-04,18000.0,26650.0,2025-02-16,10300.0,3,2024-11
1329,2024-11-04,18000.0,26650.0,2025-02-23,1100.0,3,2024-11
1329,2024-11-04,18000.0,26650.0,2025-03-03,1100.0,4,2024-11
1329,2024-11-04,18000.0,26650.0,2025-03-10,530.0,4,2024-11
1329,2024-11-04,18000.0,26650.0,2025-03-17,550.0,4,2024-11
1329,2024-11-04,18000.0,26650.0,2025-03-24,500.0,4,2024-11
1329,2024-11-04,18000.0,26650.0,2025-04-06,0.0,5,2024-11
1329,2024-11-04,18000.0,26650.0,2025-04-07,470.0,5,2024-11
1329,2024-11-04,18000.0,26650.0,2025-04-15,1088.0,5,2024-11
1329,2024-11-04,18000.0,26650.0,2025-04-21,500.0,5,2024-11
1329,2024-11-04,18000.0,26650.0,2025-04-28,510.0,5,2024-11
1329,2024-11-04,18000.0,26650.0,2025-05-05,500.0,6,2024-11
1329,2024-11-04,18000.0,26650.0,2025-05-12,550.0,6,2024-11
1329,2024-11-04,18000.0,26650.0,2025-05-19,500.0,6,2024-11
1329,2024-11-04,18000.0,26650.0,2025-05-26,500.0,6,2024-11
1329,2024-11-04,18000.0,26650.0,2025-06-02,450.0,7,2024-11
1329,2024-11-04,18000.0,26650.0,2025-06-07,2100.0,7,2024-11
1331,2024-11-04,8991.0,13313.0,2024-11-07,547.0,0,2024-11
1331,2024-11-04,8991.0,13313.0,2024-11-18,547.0,0,2024-11
1331,2024-11-04,8991.0,13313.0,2024-11-25,547.0,0,2024-11
1331,2024-11-04,8991.0,13313.0,2024-12-02,550.0,1,2024-11
1331,2024-11-04,8991.0,13313.0,2024-12-09,545.0,1,2024-11
1331,2024-11-04,8991.0,13313.0,2024-12-15,545.0,1,2024-11
1331,2024-11-04,8991.0,13313.0,2024-12-23,547.0,1,2024-11
1331,2024-11-04,8991.0,13313.0,2024-12-30,547.0,1,2024-11
1331,2024-11-04,8991.0,13313.0,2025-01-08,547.0,2,2024-11
1331,2024-11-04,8991.0,13313.0,2025-01-13,545.0,2,2024-11
1331,2024-11-04,8991.0,13313.0,2025-01-20,547.0,2,2024-11
1331,2024-11-04,8991.0,13313.0,2025-01-27,545.0,2,2024-11
1331,2024-11-04,8991.0,13313.0,2025-02-03,545.0,3,2024-11
1331,2024-11-04,8991.0,13313.0,2025-02-10,547.0,3,2024-11
1331,2024-11-04,8991.0,13313.0,2025-02-18,547.0,3,2024-11
1331,2024-11-04,8991.0,13313.0,2025-02-24,545.0,3,2024-11
1331,2024-11-04,8991.0,13313.0,2025-03-04,545.0,4,2024-11
1331,2024-11-04,8991.0,13313.0,2025-03-10,0.0,4,2024-11
1331,2024-11-04,8991.0,13313.0,2025-03-17,1093.0,4,2024-11
1331,2024-11-04,8991.0,13313.0,2025-03-19,545.0,4,2024-11
1331,2024-11-04,8991.0,13313.0,2025-04-06,0.0,5,2024-11
1331,2024-11-04,8991.0,13313.0,2025-04-07,1094.0,5,2024-11
1331,2024-11-04,8991.0,13313.0,2025-04-21,0.0,5,2024-11
1331,2024-11-04,8991.0,13313.0,2025-05-01,1193.0,6,2024-11
1350,2024-11-06,10191.0,15295.0,2024-11-13,616.0,0,2024-11
1350,2024-11-06,10191.0,15295.0,2024-11-21,0.0,0,2024-11
1350,2024-11-06,10191.0,15295.0,2024-11-25,1236.0,0,2024-11
1350,2024-11-06,10191.0,15295.0,2024-12-05,1232.0,1,2024-11
1350,2024-11-06,10191.0,15295.0,2024-12-05,0.0,1,2024-11
1350,2024-11-06,10191.0,15295.0,2024-12-18,616.0,1,2024-11
1350,2024-11-06,10191.0,15295.0,2024-12-24,615.0,1,2024-11
1350,2024-11-06,10191.0,15295.0,2025-01-04,1232.0,2,2024-11
1350,2024-11-06,10191.0,15295.0,2025-01-04,0.0,2,2024-11
1350,2024-11-06,10191.0,15295.0,2025-01-04,616.0,2,2024-11
1350,2024-11-06,10191.0,15295.0,2025-01-22,1232.0,2,2024-11
1350,2024-11-06,10191.0,15295.0,2025-01-29,0.0,2,2024-11
1350,2024-11-06,10191.0,15295.0,2025-02-06,616.0,3,2024-11
1350,2024-11-06,10191.0,15295.0,2025-02-12,616.0,3,2024-11
1350,2024-11-06,10191.0,15295.0,2025-02-19,0.0,3,2024-11
1350,2024-11-06,10191.0,15295.0,2025-03-02,0.0,4,2024-11
1350,2024-11-06,10191.0,15295.0,2025-03-06,1860.0,4,2024-11
1350,2024-11-06,10191.0,15295.0,2025-03-12,610.0,4,2024-11
1350,2024-11-06,10191.0,15295.0,2025-03-20,616.0,4,2024-11
1350,2024-11-06,10191.0,15295.0,2025-03-29,616.0,4,2024-11
1350,2024-11-06,10191.0,15295.0,2025-04-05,616.0,5,2024-11
1350,2024-11-06,10191.0,15295.0,2025-04-08,616.0,5,2024-11
1350,2024-11-06,10191.0,15295.0,2025-04-17,0.0,5,2024-11
1350,2024-11-06,10191.0,15295.0,2025-04-23,0.0,5,2024-11
1350,2024-11-06,10191.0,15295.0,2025-04-30,0.0,5,2024-11
1350,2024-11-06,10191.0,15295.0,2025-05-07,0.0,6,2024-11
1350,2024-11-06,10191.0,15295.0,2025-05-14,0.0,6,2024-11
1350,2024-11-06,10191.0,15295.0,2025-05-28,1734.0,6,2024-11
1359,2024-11-09,18000.0,30750.0,2024-11-16,0.0,0,2024-11
1359,2024-11-09,18000.0,30750.0,2024-11-23,0.0,0,2024-11
1359,2024-11-09,18000.0,30750.0,2024-11-30,0.0,0,2024-11
1359,2024-11-09,18000.0,30750.0,2024-12-07,0.0,1,2024-11
1359,2024-11-09,18000.0,30750.0,2024-12-14,0.0,1,2024-11
1359,2024-11-09,18000.0,30750.0,2024-12-21,0.0,1,2024-11
1359,2024-11-09,18000.0,30750.0,2024-12-28,0.0,1,2024-11
1359,2024-11-09,18000.0,30750.0,2025-01-04,0.0,2,2024-11
1359,2024-11-09,18000.0,30750.0,2025-01-11,0.0,2,2024-11
1359,2024-11-09,18000.0,30750.0,2025-01-18,0.0,2,2024-11
1359,2024-11-09,18000.0,30750.0,2025-01-25,0.0,2,2024-11
1359,2024-11-09,18000.0,30750.0,2025-02-01,0.0,3,2024-11
1359,2024-11-09,18000.0,30750.0,2025-02-08,0.0,3,2024-11
1359,2024-11-09,18000.0,30750.0,2025-02-16,0.0,3,2024-11
1359,2024-11-09,18000.0,30750.0,2025-02-22,0.0,3,2024-11
1359,2024-11-09,18000.0,30750.0,2025-03-01,0.0,4,2024-11
1359,2024-11-09,18000.0,30750.0,2025-03-08,0.0,4,2024-11
1359,2024-11-09,18000.0,30750.0,2025-03-15,0.0,4,2024-11
1359,2024-11-09,18000.0,30750.0,2025-03-25,0.0,4,2024-11
1359,2024-11-09,18000.0,30750.0,2025-04-06,0.0,5,2024-11
1359,2024-11-09,18000.0,30750.0,2025-04-12,0.0,5,2024-11
1359,2024-11-09,18000.0,30750.0,2025-04-19,0.0,5,2024-11
1359,2024-11-09,18000.0,30750.0,2025-05-01,815.0,6,2024-11
1359,2024-11-09,18000.0,30750.0,2025-05-03,0.0,6,2024-11
1359,2024-11-09,18000.0,30750.0,2025-05-10,0.0,6,2024-11
1359,2024-11-09,18000.0,30750.0,2025-05-17,0.0,6,2024-11
1359,2024-11-09,18000.0,30750.0,2025-05-24,0.0,6,2024-11
1359,2024-11-09,18000.0,30750.0,2025-05-31,0.0,6,2024-11
1359,2024-11-09,18000.0,30750.0,2025-10-22,2000.0,11,2024-11
1359,2024-11-09,18000.0,30750.0,2026-01-10,0.0,14,2024-11
1359,2024-11-09,18000.0,30750.0,2026-01-11,0.0,14,2024-11
1359,2024-11-09,18000.0,30750.0,2026-01-12,0.0,14,2024-11
1359,2024-11-09,18000.0,30750.0,2026-01-13,0.0,14,2024-11
1359,2024-11-09,18000.0,30750.0,2026-01-14,0.0,14,2024-11
1359,2024-11-09,18000.0,30750.0,2026-01-17,0.0,14,2024-11
1359,2024-11-09,18000.0,30750.0,2026-01-18,0.0,14,2024-11
1359,2024-11-09,18000.0,30750.0,2026-01-19,0.0,14,2024-11
1359,2024-11-09,18000.0,30750.0,2026-01-20,0.0,14,2024-11
1359,2024-11-09,18000.0,30750.0,2026-01-21,0.0,14,2024-11
1359,2024-11-09,18000.0,30750.0,2026-01-22,0.0,14,2024-11
1359,2024-11-09,18000.0,30750.0,2026-01-23,0.0,14,2024-11
1359,2024-11-09,18000.0,30750.0,2026-01-24,0.0,14,2024-11
1359,2024-11-09,18000.0,30750.0,2026-01-25,0.0,14,2024-11
1359,2024-11-09,18000.0,30750.0,2026-01-26,0.0,14,2024-11
1359,2024-11-09,18000.0,30750.0,2026-01-27,0.0,14,2024-11
1359,2024-11-09,18000.0,30750.0,2026-01-28,0.0,14,2024-11
1359,2024-11-09,18000.0,30750.0,2026-01-29,0.0,14,2024-11
1359,2024-11-09,18000.0,30750.0,2026-01-30,0.0,14,2024-11
1359,2024-11-09,18000.0,30750.0,2026-01-31,0.0,14,2024-11
1359,2024-11-09,18000.0,30750.0,2026-02-01,0.0,15,2024-11
1359,2024-11-09,18000.0,30750.0,2026-02-02,0.0,15,2024-11
1359,2024-11-09,18000.0,30750.0,2026-02-03,0.0,15,2024-11
1359,2024-11-09,18000.0,30750.0,2026-02-04,0.0,15,2024-11
1359,2024-11-09,18000.0,30750.0,2026-02-05,0.0,15,2024-11
1359,2024-11-09,18000.0,30750.0,2026-02-06,0.0,15,2024-11
1359,2024-11-09,18000.0,30750.0,2026-02-07,0.0,15,2024-11
1359,2024-11-09,18000.0,30750.0,2026-02-08,0.0,15,2024-11
1359,2024-11-09,18000.0,30750.0,2026-02-09,0.0,15,2024-11
1359,2024-11-09,18000.0,30750.0,2026-02-10,0.0,15,2024-11
1359,2024-11-09,18000.0,30750.0,2026-02-11,0.0,15,2024-11
1359,2024-11-09,18000.0,30750.0,2026-02-12,0.0,15,2024-11
1359,2024-11-09,18000.0,30750.0,2026-02-14,0.0,15,2024-11
1359,2024-11-09,18000.0,30750.0,2026-02-20,0.0,15,2024-11
1359,2024-11-09,18000.0,30750.0,2026-02-27,0.0,15,2024-11
1359,2024-11-09,18000.0,30750.0,2026-03-06,0.0,16,2024-11
1359,2024-11-09,18000.0,30750.0,2026-03-13,0.0,16,2024-11
1359,2024-11-09,18000.0,30750.0,2026-03-20,0.0,16,2024-11
1359,2024-11-09,18000.0,30750.0,2026-03-27,0.0,16,2024-11
1361,2024-11-09,13860.0,24015.0,2024-11-16,805.0,0,2024-11
1361,2024-11-09,13860.0,24015.0,2024-11-23,800.0,0,2024-11
1361,2024-11-09,13860.0,24015.0,2024-11-30,805.0,0,2024-11
1361,2024-11-09,13860.0,24015.0,2024-12-07,800.0,1,2024-11
1361,2024-11-09,13860.0,24015.0,2024-12-14,0.0,1,2024-11
1361,2024-11-09,13860.0,24015.0,2024-12-21,1595.0,1,2024-11
1361,2024-11-09,13860.0,24015.0,2024-12-28,0.0,1,2024-11
1361,2024-11-09,13860.0,24015.0,2025-01-04,0.0,2,2024-11
1361,2024-11-09,13860.0,24015.0,2025-01-11,0.0,2,2024-11
1361,2024-11-09,13860.0,24015.0,2025-01-18,0.0,2,2024-11
1361,2024-11-09,13860.0,24015.0,2025-01-25,0.0,2,2024-11
1361,2024-11-09,13860.0,24015.0,2025-02-01,0.0,3,2024-11
1361,2024-11-09,13860.0,24015.0,2025-02-08,0.0,3,2024-11
1361,2024-11-09,13860.0,24015.0,2025-02-16,0.0,3,2024-11
1361,2024-11-09,13860.0,24015.0,2025-02-22,0.0,3,2024-11
1361,2024-11-09,13860.0,24015.0,2025-03-01,0.0,4,2024-11
1361,2024-11-09,13860.0,24015.0,2025-03-08,0.0,4,2024-11
1361,2024-11-09,13860.0,24015.0,2025-03-15,0.0,4,2024-11
1361,2024-11-09,13860.0,24015.0,2025-03-25,0.0,4,2024-11
1361,2024-11-09,13860.0,24015.0,2025-04-06,0.0,5,2024-11
1361,2024-11-09,13860.0,24015.0,2025-04-12,0.0,5,2024-11
1361,2024-11-09,13860.0,24015.0,2025-04-19,0.0,5,2024-11
1361,2024-11-09,13860.0,24015.0,2025-04-26,0.0,5,2024-11
1361,2024-11-09,13860.0,24015.0,2025-05-03,0.0,6,2024-11
1361,2024-11-09,13860.0,24015.0,2025-05-10,0.0,6,2024-11
1361,2024-11-09,13860.0,24015.0,2025-05-17,0.0,6,2024-11
1361,2024-11-09,13860.0,24015.0,2025-05-24,0.0,6,2024-11
1361,2024-11-09,13860.0,24015.0,2025-05-31,0.0,6,2024-11
1361,2024-11-09,13860.0,24015.0,2026-01-10,0.0,14,2024-11
1361,2024-11-09,13860.0,24015.0,2026-01-11,0.0,14,2024-11
1361,2024-11-09,13860.0,24015.0,2026-01-12,0.0,14,2024-11
1361,2024-11-09,13860.0,24015.0,2026-01-13,0.0,14,2024-11
1361,2024-11-09,13860.0,24015.0,2026-01-14,0.0,14,2024-11
1361,2024-11-09,13860.0,24015.0,2026-01-17,0.0,14,2024-11
1361,2024-11-09,13860.0,24015.0,2026-01-18,0.0,14,2024-11
1361,2024-11-09,13860.0,24015.0,2026-01-19,0.0,14,2024-11
1361,2024-11-09,13860.0,24015.0,2026-01-20,0.0,14,2024-11
1361,2024-11-09,13860.0,24015.0,2026-01-21,0.0,14,2024-11
1361,2024-11-09,13860.0,24015.0,2026-01-22,0.0,14,2024-11
1361,2024-11-09,13860.0,24015.0,2026-01-23,0.0,14,2024-11
1361,2024-11-09,13860.0,24015.0,2026-01-24,0.0,14,2024-11
1361,2024-11-09,13860.0,24015.0,2026-01-25,0.0,14,2024-11
1361,2024-11-09,13860.0,24015.0,2026-01-26,0.0,14,2024-11
1361,2024-11-09,13860.0,24015.0,2026-01-27,0.0,14,2024-11
1361,2024-11-09,13860.0,24015.0,2026-01-28,0.0,14,2024-11
1361,2024-11-09,13860.0,24015.0,2026-01-29,0.0,14,2024-11
1361,2024-11-09,13860.0,24015.0,2026-01-30,0.0,14,2024-11
1361,2024-11-09,13860.0,24015.0,2026-01-31,0.0,14,2024-11
1361,2024-11-09,13860.0,24015.0,2026-02-01,0.0,15,2024-11
1361,2024-11-09,13860.0,24015.0,2026-02-02,0.0,15,2024-11
1361,2024-11-09,13860.0,24015.0,2026-02-03,0.0,15,2024-11
1361,2024-11-09,13860.0,24015.0,2026-02-06,0.0,15,2024-11
1361,2024-11-09,13860.0,24015.0,2026-02-13,0.0,15,2024-11
1361,2024-11-09,13860.0,24015.0,2026-02-20,0.0,15,2024-11
1361,2024-11-09,13860.0,24015.0,2026-02-27,0.0,15,2024-11
1361,2024-11-09,13860.0,24015.0,2026-03-06,0.0,16,2024-11
1361,2024-11-09,13860.0,24015.0,2026-03-13,0.0,16,2024-11
1361,2024-11-09,13860.0,24015.0,2026-03-20,0.0,16,2024-11
1361,2024-11-09,13860.0,24015.0,2026-03-27,0.0,16,2024-11
1363,2024-11-09,7125.0,10413.0,2024-11-09,850.0,0,2024-11
1363,2024-11-09,7125.0,10413.0,2024-11-09,0.0,0,2024-11
1363,2024-11-09,7125.0,10413.0,2024-12-03,1000.0,1,2024-11
1363,2024-11-09,7125.0,10413.0,2024-12-03,0.0,1,2024-11
1363,2024-11-09,7125.0,10413.0,2024-12-14,0.0,1,2024-11
1363,2024-11-09,7125.0,10413.0,2024-12-21,1070.0,1,2024-11
1363,2024-11-09,7125.0,10413.0,2024-12-28,0.0,1,2024-11
1363,2024-11-09,7125.0,10413.0,2025-01-05,500.0,2,2024-11
1363,2024-11-09,7125.0,10413.0,2025-01-12,500.0,2,2024-11
1363,2024-11-09,7125.0,10413.0,2025-01-19,500.0,2,2024-11
1363,2024-11-09,7125.0,10413.0,2025-01-26,170.0,2,2024-11
1363,2024-11-09,7125.0,10413.0,2025-02-01,500.0,3,2024-11
1363,2024-11-09,7125.0,10413.0,2025-02-08,0.0,3,2024-11
1363,2024-11-09,7125.0,10413.0,2025-02-16,0.0,3,2024-11
1363,2024-11-09,7125.0,10413.0,2025-02-22,1500.0,3,2024-11
1363,2024-11-09,7125.0,10413.0,2025-03-01,0.0,4,2024-11
1363,2024-11-09,7125.0,10413.0,2025-03-08,0.0,4,2024-11
1363,2024-11-09,7125.0,10413.0,2025-03-15,0.0,4,2024-11
1363,2024-11-09,7125.0,10413.0,2025-03-25,0.0,4,2024-11
1363,2024-11-09,7125.0,10413.0,2025-04-06,0.0,5,2024-11
1363,2024-11-09,7125.0,10413.0,2025-04-12,0.0,5,2024-11
1363,2024-11-09,7125.0,10413.0,2025-04-19,0.0,5,2024-11
1363,2024-11-09,7125.0,10413.0,2025-04-26,0.0,5,2024-11
1363,2024-11-09,7125.0,10413.0,2025-05-03,0.0,6,2024-11
1363,2024-11-09,7125.0,10413.0,2025-05-10,0.0,6,2024-11
1363,2024-11-09,7125.0,10413.0,2025-05-18,3600.0,6,2024-11
1363,2024-11-09,7125.0,10413.0,2025-05-18,0.0,6,2024-11
1364,2024-11-09,10191.0,19595.0,2024-11-16,616.0,0,2024-11
1364,2024-11-09,10191.0,19595.0,2024-11-23,616.0,0,2024-11
1364,2024-11-09,10191.0,19595.0,2024-11-30,620.0,0,2024-11
1364,2024-11-09,10191.0,19595.0,2024-12-07,620.0,1,2024-11
1364,2024-11-09,10191.0,19595.0,2024-12-14,0.0,1,2024-11
1364,2024-11-09,10191.0,19595.0,2024-12-21,0.0,1,2024-11
1364,2024-11-09,10191.0,19595.0,2024-12-28,0.0,1,2024-11
1364,2024-11-09,10191.0,19595.0,2025-01-04,0.0,2,2024-11
1364,2024-11-09,10191.0,19595.0,2025-01-11,0.0,2,2024-11
1364,2024-11-09,10191.0,19595.0,2025-01-18,0.0,2,2024-11
1364,2024-11-09,10191.0,19595.0,2025-01-25,0.0,2,2024-11
1364,2024-11-09,10191.0,19595.0,2025-02-01,0.0,3,2024-11
1364,2024-11-09,10191.0,19595.0,2025-02-08,0.0,3,2024-11
1364,2024-11-09,10191.0,19595.0,2025-02-16,0.0,3,2024-11
1364,2024-11-09,10191.0,19595.0,2025-02-22,0.0,3,2024-11
1364,2024-11-09,10191.0,19595.0,2025-03-01,0.0,4,2024-11
1364,2024-11-09,10191.0,19595.0,2025-03-08,0.0,4,2024-11
1364,2024-11-09,10191.0,19595.0,2025-03-17,620.0,4,2024-11
1364,2024-11-09,10191.0,19595.0,2025-03-28,0.0,4,2024-11
1364,2024-11-09,10191.0,19595.0,2025-04-06,0.0,5,2024-11
1364,2024-11-09,10191.0,19595.0,2025-04-14,620.0,5,2024-11
1364,2024-11-09,10191.0,19595.0,2025-04-17,620.0,5,2024-11
1364,2024-11-09,10191.0,19595.0,2025-04-27,620.0,5,2024-11
1364,2024-11-09,10191.0,19595.0,2025-05-03,620.0,6,2024-11
1364,2024-11-09,10191.0,19595.0,2025-05-12,620.0,6,2024-11
1364,2024-11-09,10191.0,19595.0,2025-05-18,620.0,6,2024-11
1364,2024-11-09,10191.0,19595.0,2025-05-24,620.0,6,2024-11
1364,2024-11-09,10191.0,19595.0,2025-05-31,620.0,6,2024-11
1364,2024-11-09,10191.0,19595.0,2025-06-08,0.0,7,2024-11
1364,2024-11-09,10191.0,19595.0,2025-06-15,0.0,7,2024-11
1364,2024-11-09,10191.0,19595.0,2025-06-22,0.0,7,2024-11
1364,2024-11-09,10191.0,19595.0,2025-06-29,0.0,7,2024-11
1364,2024-11-09,10191.0,19595.0,2025-07-06,0.0,8,2024-11
1364,2024-11-09,10191.0,19595.0,2025-07-13,0.0,8,2024-11
1364,2024-11-09,10191.0,19595.0,2025-07-20,0.0,8,2024-11
1364,2024-11-09,10191.0,19595.0,2025-07-27,0.0,8,2024-11
1364,2024-11-09,10191.0,19595.0,2025-08-03,0.0,9,2024-11
1364,2024-11-09,10191.0,19595.0,2025-08-10,0.0,9,2024-11
1364,2024-11-09,10191.0,19595.0,2025-08-17,0.0,9,2024-11
1364,2024-11-09,10191.0,19595.0,2025-08-24,0.0,9,2024-11
1364,2024-11-09,10191.0,19595.0,2025-08-31,0.0,9,2024-11
1364,2024-11-09,10191.0,19595.0,2025-09-07,0.0,10,2024-11
1364,2024-11-09,10191.0,19595.0,2025-09-14,0.0,10,2024-11
1364,2024-11-09,10191.0,19595.0,2025-09-21,0.0,10,2024-11
1364,2024-11-09,10191.0,19595.0,2025-09-28,0.0,10,2024-11
1364,2024-11-09,10191.0,19595.0,2025-10-05,0.0,11,2024-11
1364,2024-11-09,10191.0,19595.0,2025-10-12,0.0,11,2024-11
1364,2024-11-09,10191.0,19595.0,2025-10-19,0.0,11,2024-11
1364,2024-11-09,10191.0,19595.0,2025-10-26,0.0,11,2024-11
1364,2024-11-09,10191.0,19595.0,2025-11-02,0.0,12,2024-11
1364,2024-11-09,10191.0,19595.0,2025-11-09,0.0,12,2024-11
1364,2024-11-09,10191.0,19595.0,2025-11-16,0.0,12,2024-11
1364,2024-11-09,10191.0,19595.0,2025-11-23,0.0,12,2024-11
1364,2024-11-09,10191.0,19595.0,2025-11-30,1500.0,12,2024-11
1364,2024-11-09,10191.0,19595.0,2025-12-12,0.0,13,2024-11
1364,2024-11-09,10191.0,19595.0,2025-12-19,0.0,13,2024-11
1364,2024-11-09,10191.0,19595.0,2025-12-26,0.0,13,2024-11
1364,2024-11-09,10191.0,19595.0,2026-01-02,0.0,14,2024-11
1364,2024-11-09,10191.0,19595.0,2026-01-09,0.0,14,2024-11
1364,2024-11-09,10191.0,19595.0,2026-01-14,1000.0,14,2024-11
1364,2024-11-09,10191.0,19595.0,2026-01-23,0.0,14,2024-11
1364,2024-11-09,10191.0,19595.0,2026-01-30,0.0,14,2024-11
1364,2024-11-09,10191.0,19595.0,2026-02-06,0.0,15,2024-11
1364,2024-11-09,10191.0,19595.0,2026-02-13,0.0,15,2024-11
1364,2024-11-09,10191.0,19595.0,2026-02-18,1000.0,15,2024-11
1364,2024-11-09,10191.0,19595.0,2026-02-27,0.0,15,2024-11
1364,2024-11-09,10191.0,19595.0,2026-03-06,0.0,16,2024-11
1364,2024-11-09,10191.0,19595.0,2026-03-13,0.0,16,2024-11
1364,2024-11-09,10191.0,19595.0,2026-03-20,0.0,16,2024-11
1364,2024-11-09,10191.0,19595.0,2026-03-27,0.0,16,2024-11
1365,2024-11-09,17991.0,30538.0,2024-11-16,1081.0,0,2024-11
1365,2024-11-09,17991.0,30538.0,2024-11-23,1081.0,0,2024-11
1365,2024-11-09,17991.0,30538.0,2024-11-30,1081.0,0,2024-11
1365,2024-11-09,17991.0,30538.0,2024-12-07,1081.0,1,2024-11
1365,2024-11-09,17991.0,30538.0,2024-12-14,1081.0,1,2024-11
1365,2024-11-09,17991.0,30538.0,2024-12-20,1081.0,1,2024-11
1365,2024-11-09,17991.0,30538.0,2024-12-26,1081.0,1,2024-11
1365,2024-11-09,17991.0,30538.0,2025-01-04,1081.0,2,2024-11
1365,2024-11-09,17991.0,30538.0,2025-01-11,1081.0,2,2024-11
1365,2024-11-09,17991.0,30538.0,2025-01-18,1081.0,2,2024-11
1365,2024-11-09,17991.0,30538.0,2025-01-25,1081.0,2,2024-11
1365,2024-11-09,17991.0,30538.0,2025-01-31,1081.0,2,2024-11
1365,2024-11-09,17991.0,30538.0,2025-02-07,1081.0,3,2024-11
1365,2024-11-09,17991.0,30538.0,2025-02-14,1081.0,3,2024-11
1365,2024-11-09,17991.0,30538.0,2025-02-22,1081.0,3,2024-11
1365,2024-11-09,17991.0,30538.0,2025-03-01,1081.0,4,2024-11
1365,2024-11-09,17991.0,30538.0,2025-03-08,1081.0,4,2024-11
1365,2024-11-09,17991.0,30538.0,2025-03-15,1081.0,4,2024-11
1365,2024-11-09,17991.0,30538.0,2025-03-25,1081.0,4,2024-11
1365,2024-11-09,17991.0,30538.0,2025-04-06,0.0,5,2024-11
1365,2024-11-09,17991.0,30538.0,2025-04-12,0.0,5,2024-11
1365,2024-11-09,17991.0,30538.0,2025-04-13,1081.0,5,2024-11
1365,2024-11-09,17991.0,30538.0,2025-04-19,0.0,5,2024-11
1365,2024-11-09,17991.0,30538.0,2025-04-26,0.0,5,2024-11
1365,2024-11-09,17991.0,30538.0,2025-05-03,0.0,6,2024-11
1365,2024-11-09,17991.0,30538.0,2025-05-10,0.0,6,2024-11
1365,2024-11-09,17991.0,30538.0,2025-05-17,0.0,6,2024-11
1365,2024-11-09,17991.0,30538.0,2025-05-24,0.0,6,2024-11
1365,2024-11-09,17991.0,30538.0,2025-05-31,0.0,6,2024-11
1365,2024-11-09,17991.0,30538.0,2025-07-14,0.0,8,2024-11
1365,2024-11-09,17991.0,30538.0,2025-07-19,0.0,8,2024-11
1365,2024-11-09,17991.0,30538.0,2025-07-26,0.0,8,2024-11
1365,2024-11-09,17991.0,30538.0,2025-08-02,0.0,9,2024-11
1365,2024-11-09,17991.0,30538.0,2025-08-09,0.0,9,2024-11
1365,2024-11-09,17991.0,30538.0,2025-08-16,0.0,9,2024-11
1365,2024-11-09,17991.0,30538.0,2025-08-23,0.0,9,2024-11
1365,2024-11-09,17991.0,30538.0,2025-08-30,0.0,9,2024-11
1365,2024-11-09,17991.0,30538.0,2025-09-06,0.0,10,2024-11
1365,2024-11-09,17991.0,30538.0,2025-09-14,0.0,10,2024-11
1365,2024-11-09,17991.0,30538.0,2025-09-27,0.0,10,2024-11
1365,2024-11-09,17991.0,30538.0,2025-09-28,0.0,10,2024-11
1365,2024-11-09,17991.0,30538.0,2025-10-05,0.0,11,2024-11
1365,2024-11-09,17991.0,30538.0,2025-10-12,0.0,11,2024-11
1365,2024-11-09,17991.0,30538.0,2025-10-19,0.0,11,2024-11
1365,2024-11-09,17991.0,30538.0,2025-10-26,0.0,11,2024-11
1365,2024-11-09,17991.0,30538.0,2025-11-02,0.0,12,2024-11
1365,2024-11-09,17991.0,30538.0,2025-11-09,0.0,12,2024-11
1365,2024-11-09,17991.0,30538.0,2025-11-16,0.0,12,2024-11
1365,2024-11-09,17991.0,30538.0,2025-11-23,0.0,12,2024-11
1365,2024-11-09,17991.0,30538.0,2025-12-05,0.0,13,2024-11
1365,2024-11-09,17991.0,30538.0,2025-12-12,0.0,13,2024-11
1365,2024-11-09,17991.0,30538.0,2025-12-19,0.0,13,2024-11
1365,2024-11-09,17991.0,30538.0,2025-12-26,0.0,13,2024-11
1365,2024-11-09,17991.0,30538.0,2026-01-02,0.0,14,2024-11
1365,2024-11-09,17991.0,30538.0,2026-01-09,0.0,14,2024-11
1365,2024-11-09,17991.0,30538.0,2026-01-18,0.0,14,2024-11
1365,2024-11-09,17991.0,30538.0,2026-01-23,0.0,14,2024-11
1365,2024-11-09,17991.0,30538.0,2026-01-30,0.0,14,2024-11
1365,2024-11-09,17991.0,30538.0,2026-02-06,0.0,15,2024-11
1365,2024-11-09,17991.0,30538.0,2026-02-13,0.0,15,2024-11
1365,2024-11-09,17991.0,30538.0,2026-02-20,0.0,15,2024-11
1365,2024-11-09,17991.0,30538.0,2026-02-27,0.0,15,2024-11
1365,2024-11-09,17991.0,30538.0,2026-03-06,0.0,16,2024-11
1365,2024-11-09,17991.0,30538.0,2026-03-13,0.0,16,2024-11
1365,2024-11-09,17991.0,30538.0,2026-03-20,0.0,16,2024-11
1365,2024-11-09,17991.0,30538.0,2026-03-27,0.0,16,2024-11
1374,2024-11-10,16991.0,28589.0,2024-11-17,1021.0,0,2024-11
1374,2024-11-10,16991.0,28589.0,2024-11-24,0.0,0,2024-11
1374,2024-11-10,16991.0,28589.0,2024-12-01,1021.0,1,2024-11
1374,2024-11-10,16991.0,28589.0,2024-12-09,1021.0,1,2024-11
1374,2024-11-10,16991.0,28589.0,2024-12-15,0.0,1,2024-11
1374,2024-11-10,16991.0,28589.0,2024-12-22,0.0,1,2024-11
1374,2024-11-10,16991.0,28589.0,2024-12-29,1020.0,1,2024-11
1374,2024-11-10,16991.0,28589.0,2025-01-05,0.0,2,2024-11
1374,2024-11-10,16991.0,28589.0,2025-01-12,0.0,2,2024-11
1374,2024-11-10,16991.0,28589.0,2025-01-19,1020.0,2,2024-11
1374,2024-11-10,16991.0,28589.0,2025-01-26,0.0,2,2024-11
1374,2024-11-10,16991.0,28589.0,2025-02-02,0.0,3,2024-11
1374,2024-11-10,16991.0,28589.0,2025-02-09,0.0,3,2024-11
1374,2024-11-10,16991.0,28589.0,2025-02-16,0.0,3,2024-11
1374,2024-11-10,16991.0,28589.0,2025-02-24,1020.0,3,2024-11
1374,2024-11-10,16991.0,28589.0,2025-03-02,0.0,4,2024-11
1374,2024-11-10,16991.0,28589.0,2025-03-09,0.0,4,2024-11
1374,2024-11-10,16991.0,28589.0,2025-03-16,0.0,4,2024-11
1374,2024-11-10,16991.0,28589.0,2025-03-27,0.0,4,2024-11
1374,2024-11-10,16991.0,28589.0,2025-04-06,0.0,5,2024-11
1374,2024-11-10,16991.0,28589.0,2025-04-06,2040.0,5,2024-11
1374,2024-11-10,16991.0,28589.0,2025-04-13,0.0,5,2024-11
1374,2024-11-10,16991.0,28589.0,2025-04-20,0.0,5,2024-11
1374,2024-11-10,16991.0,28589.0,2025-04-27,0.0,5,2024-11
1374,2024-11-10,16991.0,28589.0,2025-05-04,0.0,6,2024-11
1374,2024-11-10,16991.0,28589.0,2025-05-11,0.0,6,2024-11
1374,2024-11-10,16991.0,28589.0,2025-05-18,0.0,6,2024-11
1374,2024-11-10,16991.0,28589.0,2025-05-25,0.0,6,2024-11
1374,2024-11-10,16991.0,28589.0,2025-06-01,0.0,7,2024-11
1374,2024-11-10,16991.0,28589.0,2025-06-08,2000.0,7,2024-11
1374,2024-11-10,16991.0,28589.0,2025-06-15,0.0,7,2024-11
1374,2024-11-10,16991.0,28589.0,2025-06-22,0.0,7,2024-11
1374,2024-11-10,16991.0,28589.0,2025-06-29,0.0,7,2024-11
1374,2024-11-10,16991.0,28589.0,2025-07-06,0.0,8,2024-11
1374,2024-11-10,16991.0,28589.0,2025-07-13,0.0,8,2024-11
1374,2024-11-10,16991.0,28589.0,2025-07-20,0.0,8,2024-11
1374,2024-11-10,16991.0,28589.0,2025-07-28,2000.0,8,2024-11
1374,2024-11-10,16991.0,28589.0,2025-08-03,0.0,9,2024-11
1374,2024-11-10,16991.0,28589.0,2025-08-08,10000.0,9,2024-11
1374,2024-11-10,16991.0,28589.0,2025-08-17,0.0,9,2024-11
1374,2024-11-10,16991.0,28589.0,2025-08-24,0.0,9,2024-11
1374,2024-11-10,16991.0,28589.0,2025-08-31,0.0,9,2024-11
1374,2024-11-10,16991.0,28589.0,2025-09-07,0.0,10,2024-11
1374,2024-11-10,16991.0,28589.0,2025-09-15,0.0,10,2024-11
1374,2024-11-10,16991.0,28589.0,2025-09-28,0.0,10,2024-11
1374,2024-11-10,16991.0,28589.0,2025-09-29,0.0,10,2024-11
1374,2024-11-10,16991.0,28589.0,2025-10-06,0.0,11,2024-11
1374,2024-11-10,16991.0,28589.0,2025-10-13,0.0,11,2024-11
1374,2024-11-10,16991.0,28589.0,2025-10-20,0.0,11,2024-11
1374,2024-11-10,16991.0,28589.0,2025-10-27,0.0,11,2024-11
1374,2024-11-10,16991.0,28589.0,2025-11-03,0.0,12,2024-11
1374,2024-11-10,16991.0,28589.0,2026-01-10,0.0,14,2024-11
1374,2024-11-10,16991.0,28589.0,2026-01-11,0.0,14,2024-11
1374,2024-11-10,16991.0,28589.0,2026-01-12,3000.0,14,2024-11
1374,2024-11-10,16991.0,28589.0,2026-01-12,0.0,14,2024-11
1374,2024-11-10,16991.0,28589.0,2026-01-13,0.0,14,2024-11
1374,2024-11-10,16991.0,28589.0,2026-01-14,0.0,14,2024-11
1374,2024-11-10,16991.0,28589.0,2026-01-17,0.0,14,2024-11
1374,2024-11-10,16991.0,28589.0,2026-01-18,0.0,14,2024-11
1374,2024-11-10,16991.0,28589.0,2026-01-24,0.0,14,2024-11
1374,2024-11-10,16991.0,28589.0,2026-01-31,0.0,14,2024-11
1374,2024-11-10,16991.0,28589.0,2026-02-07,0.0,15,2024-11
1374,2024-11-10,16991.0,28589.0,2026-02-14,0.0,15,2024-11
1374,2024-11-10,16991.0,28589.0,2026-02-15,0.0,15,2024-11
1375,2024-11-10,11390.0,17210.0,2024-11-17,660.0,0,2024-11
1375,2024-11-10,11390.0,17210.0,2024-11-24,658.0,0,2024-11
1375,2024-11-10,11390.0,17210.0,2024-12-01,659.0,1,2024-11
1375,2024-11-10,11390.0,17210.0,2024-12-08,659.0,1,2024-11
1375,2024-11-10,11390.0,17210.0,2024-12-15,659.0,1,2024-11
1375,2024-11-10,11390.0,17210.0,2024-12-22,659.0,1,2024-11
1375,2024-11-10,11390.0,17210.0,2024-12-29,659.0,1,2024-11
1375,2024-11-10,11390.0,17210.0,2025-01-05,659.0,2,2024-11
1375,2024-11-10,11390.0,17210.0,2025-01-12,659.0,2,2024-11
1375,2024-11-10,11390.0,17210.0,2025-01-19,659.0,2,2024-11
1375,2024-11-10,11390.0,17210.0,2025-01-26,659.0,2,2024-11
1375,2024-11-10,11390.0,17210.0,2025-02-02,659.0,3,2024-11
1375,2024-11-10,11390.0,17210.0,2025-02-09,659.0,3,2024-11
1375,2024-11-10,11390.0,17210.0,2025-02-16,659.0,3,2024-11
1375,2024-11-10,11390.0,17210.0,2025-02-23,659.0,3,2024-11
1375,2024-11-10,11390.0,17210.0,2025-03-02,659.0,4,2024-11
1375,2024-11-10,11390.0,17210.0,2025-03-09,660.0,4,2024-11
1375,2024-11-10,11390.0,17210.0,2025-03-16,660.0,4,2024-11
1375,2024-11-10,11390.0,17210.0,2025-03-26,656.0,4,2024-11
1375,2024-11-10,11390.0,17210.0,2025-04-06,0.0,5,2024-11
1375,2024-11-10,11390.0,17210.0,2025-04-06,1318.0,5,2024-11
1375,2024-11-10,11390.0,17210.0,2025-04-13,300.0,5,2024-11
1375,2024-11-10,11390.0,17210.0,2025-04-20,300.0,5,2024-11
1375,2024-11-10,11390.0,17210.0,2025-04-27,300.0,5,2024-11
1375,2024-11-10,11390.0,17210.0,2025-05-05,200.0,6,2024-11
1375,2024-11-10,11390.0,17210.0,2025-05-11,150.0,6,2024-11
1375,2024-11-10,11390.0,17210.0,2025-05-18,124.0,6,2024-11
1375,2024-11-10,11390.0,17210.0,2025-05-25,100.0,6,2024-11
1375,2024-11-10,11390.0,17210.0,2025-06-01,400.0,7,2024-11
1375,2024-11-10,11390.0,17210.0,2025-06-22,0.0,7,2024-11
1375,2024-11-10,11390.0,17210.0,2025-06-22,200.0,7,2024-11
1375,2024-11-10,11390.0,17210.0,2025-06-29,100.0,7,2024-11
1375,2024-11-10,11390.0,17210.0,2025-07-13,0.0,8,2024-11
1375,2024-11-10,11390.0,17210.0,2025-07-13,195.0,8,2024-11
1375,2024-11-10,11390.0,17210.0,2025-07-20,150.0,8,2024-11
1375,2024-11-10,11390.0,17210.0,2025-07-26,610.0,8,2024-11
1382,2024-11-11,16250.0,23525.0,2024-11-18,955.0,0,2024-11
1382,2024-11-11,16250.0,23525.0,2024-11-25,955.0,0,2024-11
1382,2024-11-11,16250.0,23525.0,2024-12-02,955.0,1,2024-11
1382,2024-11-11,16250.0,23525.0,2024-12-09,955.0,1,2024-11
1382,2024-11-11,16250.0,23525.0,2024-12-15,955.0,1,2024-11
1382,2024-11-11,16250.0,23525.0,2024-12-23,0.0,1,2024-11
1382,2024-11-11,16250.0,23525.0,2024-12-23,1910.0,1,2024-11
1382,2024-11-11,16250.0,23525.0,2025-01-06,955.0,2,2024-11
1382,2024-11-11,16250.0,23525.0,2025-01-13,955.0,2,2024-11
1382,2024-11-11,16250.0,23525.0,2025-01-20,955.0,2,2024-11
1382,2024-11-11,16250.0,23525.0,2025-01-27,955.0,2,2024-11
1382,2024-11-11,16250.0,23525.0,2025-02-03,0.0,3,2024-11
1382,2024-11-11,16250.0,23525.0,2025-02-06,1910.0,3,2024-11
1382,2024-11-11,16250.0,23525.0,2025-02-17,955.0,3,2024-11
1382,2024-11-11,16250.0,23525.0,2025-02-24,955.0,3,2024-11
1382,2024-11-11,16250.0,23525.0,2025-03-03,955.0,4,2024-11
1382,2024-11-11,16250.0,23525.0,2025-03-10,955.0,4,2024-11
1382,2024-11-11,16250.0,23525.0,2025-03-17,955.0,4,2024-11
1382,2024-11-11,16250.0,23525.0,2025-03-24,0.0,4,2024-11
1382,2024-11-11,16250.0,23525.0,2025-04-07,0.0,5,2024-11
1382,2024-11-11,16250.0,23525.0,2025-04-21,0.0,5,2024-11
1382,2024-11-11,16250.0,23525.0,2025-04-28,2866.0,5,2024-11
1382,2024-11-11,16250.0,23525.0,2025-05-05,955.0,6,2024-11
1382,2024-11-11,16250.0,23525.0,2025-05-14,955.0,6,2024-11
1382,2024-11-11,16250.0,23525.0,2025-05-19,0.0,6,2024-11
1382,2024-11-11,16250.0,23525.0,2025-05-26,0.0,6,2024-11
1382,2024-11-11,16250.0,23525.0,2025-06-02,0.0,7,2024-11
1382,2024-11-11,16250.0,23525.0,2025-06-07,1555.0,7,2024-11
1386,2024-11-12,19500.0,32250.0,2024-11-19,1144.0,0,2024-11
1386,2024-11-12,19500.0,32250.0,2024-11-26,1140.0,0,2024-11
1386,2024-11-12,19500.0,32250.0,2024-12-03,1140.0,1,2024-11
1386,2024-11-12,19500.0,32250.0,2024-12-10,1140.0,1,2024-11
1386,2024-11-12,19500.0,32250.0,2024-12-17,1140.0,1,2024-11
1386,2024-11-12,19500.0,32250.0,2024-12-24,1140.0,1,2024-11
1386,2024-11-12,19500.0,32250.0,2024-12-31,1140.0,1,2024-11
1386,2024-11-12,19500.0,32250.0,2025-01-08,1140.0,2,2024-11
1386,2024-11-12,19500.0,32250.0,2025-01-14,1140.0,2,2024-11
1386,2024-11-12,19500.0,32250.0,2025-01-22,1140.0,2,2024-11
1386,2024-11-12,19500.0,32250.0,2025-01-29,1144.0,2,2024-11
1386,2024-11-12,19500.0,32250.0,2025-02-04,0.0,3,2024-11
1386,2024-11-12,19500.0,32250.0,2025-02-11,0.0,3,2024-11
1386,2024-11-12,19500.0,32250.0,2025-02-18,0.0,3,2024-11
1386,2024-11-12,19500.0,32250.0,2025-02-25,0.0,3,2024-11
1386,2024-11-12,19500.0,32250.0,2025-03-04,0.0,4,2024-11
1386,2024-11-12,19500.0,32250.0,2025-03-11,0.0,4,2024-11
1386,2024-11-12,19500.0,32250.0,2025-03-18,0.0,4,2024-11
1386,2024-11-12,19500.0,32250.0,2025-03-25,0.0,4,2024-11
1386,2024-11-12,19500.0,32250.0,2025-04-06,0.0,5,2024-11
1386,2024-11-12,19500.0,32250.0,2025-04-08,0.0,5,2024-11
1386,2024-11-12,19500.0,32250.0,2025-04-15,0.0,5,2024-11
1386,2024-11-12,19500.0,32250.0,2025-04-22,0.0,5,2024-11
1386,2024-11-12,19500.0,32250.0,2025-04-29,0.0,5,2024-11
1386,2024-11-12,19500.0,32250.0,2025-05-06,0.0,6,2024-11
1386,2024-11-12,19500.0,32250.0,2025-05-13,0.0,6,2024-11
1386,2024-11-12,19500.0,32250.0,2025-05-20,0.0,6,2024-11
1386,2024-11-12,19500.0,32250.0,2025-05-27,0.0,6,2024-11
1386,2024-11-12,19500.0,32250.0,2025-06-03,0.0,7,2024-11
1386,2024-11-12,19500.0,32250.0,2025-09-26,0.0,10,2024-11
1386,2024-11-12,19500.0,32250.0,2025-09-26,9000.0,10,2024-11
1386,2024-11-12,19500.0,32250.0,2025-10-01,0.0,11,2024-11
1386,2024-11-12,19500.0,32250.0,2025-10-08,0.0,11,2024-11
1386,2024-11-12,19500.0,32250.0,2025-10-15,0.0,11,2024-11
1386,2024-11-12,19500.0,32250.0,2025-10-22,0.0,11,2024-11
1386,2024-11-12,19500.0,32250.0,2025-10-29,0.0,11,2024-11
1386,2024-11-12,19500.0,32250.0,2025-11-12,0.0,12,2024-11
1386,2024-11-12,19500.0,32250.0,2025-11-19,0.0,12,2024-11
1386,2024-11-12,19500.0,32250.0,2025-12-01,0.0,13,2024-11
1386,2024-11-12,19500.0,32250.0,2025-12-08,0.0,13,2024-11
1386,2024-11-12,19500.0,32250.0,2025-12-15,0.0,13,2024-11
1386,2024-11-12,19500.0,32250.0,2025-12-22,0.0,13,2024-11
1386,2024-11-12,19500.0,32250.0,2025-12-29,0.0,13,2024-11
1386,2024-11-12,19500.0,32250.0,2026-01-05,0.0,14,2024-11
1386,2024-11-12,19500.0,32250.0,2026-01-12,0.0,14,2024-11
1386,2024-11-12,19500.0,32250.0,2026-01-19,0.0,14,2024-11
1386,2024-11-12,19500.0,32250.0,2026-01-26,0.0,14,2024-11
1386,2024-11-12,19500.0,32250.0,2026-02-02,0.0,15,2024-11
1386,2024-11-12,19500.0,32250.0,2026-02-09,0.0,15,2024-11
1386,2024-11-12,19500.0,32250.0,2026-02-16,0.0,15,2024-11
1386,2024-11-12,19500.0,32250.0,2026-02-23,0.0,15,2024-11
1386,2024-11-12,19500.0,32250.0,2026-03-02,0.0,16,2024-11
1386,2024-11-12,19500.0,32250.0,2026-03-09,0.0,16,2024-11
1386,2024-11-12,19500.0,32250.0,2026-03-16,0.0,16,2024-11
1386,2024-11-12,19500.0,32250.0,2026-03-23,0.0,16,2024-11
1390,2024-11-12,12591.0,22916.0,2024-11-21,759.0,0,2024-11
1390,2024-11-12,12591.0,22916.0,2024-12-01,759.0,1,2024-11
1390,2024-11-12,12591.0,22916.0,2024-12-03,0.0,1,2024-11
1390,2024-11-12,12591.0,22916.0,2024-12-10,0.0,1,2024-11
1390,2024-11-12,12591.0,22916.0,2024-12-17,0.0,1,2024-11
1390,2024-11-12,12591.0,22916.0,2024-12-24,0.0,1,2024-11
1390,2024-11-12,12591.0,22916.0,2024-12-31,0.0,1,2024-11
1390,2024-11-12,12591.0,22916.0,2025-01-07,0.0,2,2024-11
1390,2024-11-12,12591.0,22916.0,2025-01-14,0.0,2,2024-11
1390,2024-11-12,12591.0,22916.0,2025-01-21,0.0,2,2024-11
1390,2024-11-12,12591.0,22916.0,2025-01-28,0.0,2,2024-11
1390,2024-11-12,12591.0,22916.0,2025-02-04,0.0,3,2024-11
1390,2024-11-12,12591.0,22916.0,2025-02-11,0.0,3,2024-11
1390,2024-11-12,12591.0,22916.0,2025-02-18,0.0,3,2024-11
1390,2024-11-12,12591.0,22916.0,2025-02-25,0.0,3,2024-11
1390,2024-11-12,12591.0,22916.0,2025-03-04,0.0,4,2024-11
1390,2024-11-12,12591.0,22916.0,2025-03-11,0.0,4,2024-11
1390,2024-11-12,12591.0,22916.0,2025-03-18,0.0,4,2024-11
1390,2024-11-12,12591.0,22916.0,2025-03-25,0.0,4,2024-11
1390,2024-11-12,12591.0,22916.0,2025-04-07,0.0,5,2024-11
1390,2024-11-12,12591.0,22916.0,2025-04-08,0.0,5,2024-11
1390,2024-11-12,12591.0,22916.0,2025-04-15,0.0,5,2024-11
1390,2024-11-12,12591.0,22916.0,2025-04-22,0.0,5,2024-11
1390,2024-11-12,12591.0,22916.0,2025-04-29,0.0,5,2024-11
1390,2024-11-12,12591.0,22916.0,2025-05-06,0.0,6,2024-11
1390,2024-11-12,12591.0,22916.0,2025-05-13,0.0,6,2024-11
1390,2024-11-12,12591.0,22916.0,2025-05-20,0.0,6,2024-11
1390,2024-11-12,12591.0,22916.0,2025-05-27,0.0,6,2024-11
1390,2024-11-12,12591.0,22916.0,2025-06-22,0.0,7,2024-11
1390,2024-11-12,12591.0,22916.0,2025-06-22,1520.0,7,2024-11
1390,2024-11-12,12591.0,22916.0,2025-06-25,0.0,7,2024-11
1390,2024-11-12,12591.0,22916.0,2025-07-01,0.0,8,2024-11
1390,2024-11-12,12591.0,22916.0,2025-07-08,0.0,8,2024-11
1390,2024-11-12,12591.0,22916.0,2025-07-18,800.0,8,2024-11
1390,2024-11-12,12591.0,22916.0,2025-07-22,0.0,8,2024-11
1390,2024-11-12,12591.0,22916.0,2025-07-29,0.0,8,2024-11
1390,2024-11-12,12591.0,22916.0,2025-08-05,0.0,9,2024-11
1390,2024-11-12,12591.0,22916.0,2025-08-12,0.0,9,2024-11
1390,2024-11-12,12591.0,22916.0,2025-08-19,0.0,9,2024-11
1390,2024-11-12,12591.0,22916.0,2025-08-26,0.0,9,2024-11
1390,2024-11-12,12591.0,22916.0,2025-09-02,0.0,10,2024-11
1390,2024-11-12,12591.0,22916.0,2025-09-09,0.0,10,2024-11
1390,2024-11-12,12591.0,22916.0,2025-09-23,0.0,10,2024-11
1390,2024-11-12,12591.0,22916.0,2025-09-24,0.0,10,2024-11
1390,2024-11-12,12591.0,22916.0,2025-10-01,0.0,11,2024-11
1390,2024-11-12,12591.0,22916.0,2025-10-08,0.0,11,2024-11
1390,2024-11-12,12591.0,22916.0,2025-10-15,0.0,11,2024-11
1390,2024-11-12,12591.0,22916.0,2025-10-22,0.0,11,2024-11
1390,2024-11-12,12591.0,22916.0,2025-10-29,0.0,11,2024-11
1390,2024-11-12,12591.0,22916.0,2025-11-12,0.0,12,2024-11
1390,2024-11-12,12591.0,22916.0,2025-11-19,0.0,12,2024-11
1390,2024-11-12,12591.0,22916.0,2025-12-01,0.0,13,2024-11
1390,2024-11-12,12591.0,22916.0,2025-12-08,0.0,13,2024-11
1390,2024-11-12,12591.0,22916.0,2025-12-15,0.0,13,2024-11
1390,2024-11-12,12591.0,22916.0,2025-12-22,0.0,13,2024-11
1390,2024-11-12,12591.0,22916.0,2025-12-29,0.0,13,2024-11
1390,2024-11-12,12591.0,22916.0,2026-01-05,0.0,14,2024-11
1390,2024-11-12,12591.0,22916.0,2026-01-12,0.0,14,2024-11
1390,2024-11-12,12591.0,22916.0,2026-01-19,0.0,14,2024-11
1390,2024-11-12,12591.0,22916.0,2026-01-26,0.0,14,2024-11
1390,2024-11-12,12591.0,22916.0,2026-02-02,0.0,15,2024-11
1390,2024-11-12,12591.0,22916.0,2026-02-09,0.0,15,2024-11
1390,2024-11-12,12591.0,22916.0,2026-02-16,0.0,15,2024-11
1390,2024-11-12,12591.0,22916.0,2026-02-23,0.0,15,2024-11
1390,2024-11-12,12591.0,22916.0,2026-03-02,0.0,16,2024-11
1390,2024-11-12,12591.0,22916.0,2026-03-09,0.0,16,2024-11
1390,2024-11-12,12591.0,22916.0,2026-03-16,0.0,16,2024-11
1390,2024-11-12,12591.0,22916.0,2026-03-23,0.0,16,2024-11
1392,2024-11-12,17820.0,26170.0,2024-11-19,1024.0,0,2024-11
1392,2024-11-12,17820.0,26170.0,2024-11-27,1024.0,0,2024-11
1392,2024-11-12,17820.0,26170.0,2024-12-03,1024.0,1,2024-11
1392,2024-11-12,17820.0,26170.0,2024-12-10,1024.0,1,2024-11
1392,2024-11-12,17820.0,26170.0,2024-12-17,1024.0,1,2024-11
1392,2024-11-12,17820.0,26170.0,2024-12-24,1024.0,1,2024-11
1392,2024-11-12,17820.0,26170.0,2024-12-31,1024.0,1,2024-11
1392,2024-11-12,17820.0,26170.0,2025-01-07,1024.0,2,2024-11
1392,2024-11-12,17820.0,26170.0,2025-01-14,1024.0,2,2024-11
1392,2024-11-12,17820.0,26170.0,2025-01-21,1024.0,2,2024-11
1392,2024-11-12,17820.0,26170.0,2025-01-28,1024.0,2,2024-11
1392,2024-11-12,17820.0,26170.0,2025-02-04,1024.0,3,2024-11
1392,2024-11-12,17820.0,26170.0,2025-02-11,1024.0,3,2024-11
1392,2024-11-12,17820.0,26170.0,2025-02-18,1024.0,3,2024-11
1392,2024-11-12,17820.0,26170.0,2025-02-25,1024.0,3,2024-11
1392,2024-11-12,17820.0,26170.0,2025-03-04,0.0,4,2024-11
1392,2024-11-12,17820.0,26170.0,2025-03-11,0.0,4,2024-11
1392,2024-11-12,17820.0,26170.0,2025-03-18,1024.0,4,2024-11
1392,2024-11-12,17820.0,26170.0,2025-03-25,1024.0,4,2024-11
1392,2024-11-12,17820.0,26170.0,2025-04-06,0.0,5,2024-11
1392,2024-11-12,17820.0,26170.0,2025-04-08,700.0,5,2024-11
1392,2024-11-12,17820.0,26170.0,2025-04-15,150.0,5,2024-11
1392,2024-11-12,17820.0,26170.0,2025-04-22,200.0,5,2024-11
1392,2024-11-12,17820.0,26170.0,2025-04-29,100.0,5,2024-11
1392,2024-11-12,17820.0,26170.0,2025-05-06,100.0,6,2024-11
1392,2024-11-12,17820.0,26170.0,2025-05-13,100.0,6,2024-11
1392,2024-11-12,17820.0,26170.0,2025-05-20,150.0,6,2024-11
1392,2024-11-12,17820.0,26170.0,2025-05-27,200.0,6,2024-11
1392,2024-11-12,17820.0,26170.0,2025-06-03,150.0,7,2024-11
1392,2024-11-12,17820.0,26170.0,2025-08-12,0.0,9,2024-11
1392,2024-11-12,17820.0,26170.0,2025-08-15,6815.0,9,2024-11
1393,2024-11-12,13650.0,24120.0,2024-11-18,3208.0,0,2024-11
1393,2024-11-12,13650.0,24120.0,2024-11-18,0.0,0,2024-11
1393,2024-11-12,13650.0,24120.0,2024-12-10,0.0,1,2024-11
1393,2024-11-12,13650.0,24120.0,2024-12-18,3000.0,1,2024-11
1393,2024-11-12,13650.0,24120.0,2024-12-18,0.0,1,2024-11
1393,2024-11-12,13650.0,24120.0,2025-01-07,0.0,2,2024-11
1393,2024-11-12,13650.0,24120.0,2025-01-14,0.0,2,2024-11
1393,2024-11-12,13650.0,24120.0,2025-01-21,0.0,2,2024-11
1393,2024-11-12,13650.0,24120.0,2025-01-28,0.0,2,2024-11
1393,2024-11-12,13650.0,24120.0,2025-02-04,0.0,3,2024-11
1393,2024-11-12,13650.0,24120.0,2025-02-11,0.0,3,2024-11
1393,2024-11-12,13650.0,24120.0,2025-02-18,0.0,3,2024-11
1393,2024-11-12,13650.0,24120.0,2025-02-25,0.0,3,2024-11
1393,2024-11-12,13650.0,24120.0,2025-03-04,0.0,4,2024-11
1393,2024-11-12,13650.0,24120.0,2025-03-11,0.0,4,2024-11
1393,2024-11-12,13650.0,24120.0,2025-03-18,0.0,4,2024-11
1393,2024-11-12,13650.0,24120.0,2025-03-25,0.0,4,2024-11
1393,2024-11-12,13650.0,24120.0,2025-04-07,0.0,5,2024-11
1393,2024-11-12,13650.0,24120.0,2025-04-08,0.0,5,2024-11
1393,2024-11-12,13650.0,24120.0,2025-04-15,0.0,5,2024-11
1393,2024-11-12,13650.0,24120.0,2025-04-22,0.0,5,2024-11
1393,2024-11-12,13650.0,24120.0,2025-04-29,0.0,5,2024-11
1393,2024-11-12,13650.0,24120.0,2025-05-06,0.0,6,2024-11
1393,2024-11-12,13650.0,24120.0,2025-05-13,0.0,6,2024-11
1393,2024-11-12,13650.0,24120.0,2025-05-20,0.0,6,2024-11
1393,2024-11-12,13650.0,24120.0,2025-05-27,0.0,6,2024-11
1393,2024-11-12,13650.0,24120.0,2025-06-03,0.0,7,2024-11
1393,2024-11-12,13650.0,24120.0,2025-07-15,0.0,8,2024-11
1393,2024-11-12,13650.0,24120.0,2026-01-10,0.0,14,2024-11
1393,2024-11-12,13650.0,24120.0,2026-01-11,0.0,14,2024-11
1393,2024-11-12,13650.0,24120.0,2026-01-12,0.0,14,2024-11
1393,2024-11-12,13650.0,24120.0,2026-01-13,0.0,14,2024-11
1393,2024-11-12,13650.0,24120.0,2026-01-14,0.0,14,2024-11
1393,2024-11-12,13650.0,24120.0,2026-01-17,0.0,14,2024-11
1393,2024-11-12,13650.0,24120.0,2026-01-18,0.0,14,2024-11
1393,2024-11-12,13650.0,24120.0,2026-01-19,0.0,14,2024-11
1393,2024-11-12,13650.0,24120.0,2026-01-20,0.0,14,2024-11
1393,2024-11-12,13650.0,24120.0,2026-01-21,0.0,14,2024-11
1393,2024-11-12,13650.0,24120.0,2026-01-22,0.0,14,2024-11
1393,2024-11-12,13650.0,24120.0,2026-01-23,0.0,14,2024-11
1393,2024-11-12,13650.0,24120.0,2026-01-24,0.0,14,2024-11
1393,2024-11-12,13650.0,24120.0,2026-01-25,0.0,14,2024-11
1393,2024-11-12,13650.0,24120.0,2026-01-26,0.0,14,2024-11
1393,2024-11-12,13650.0,24120.0,2026-01-27,0.0,14,2024-11
1393,2024-11-12,13650.0,24120.0,2026-01-28,0.0,14,2024-11
1393,2024-11-12,13650.0,24120.0,2026-01-29,0.0,14,2024-11
1393,2024-11-12,13650.0,24120.0,2026-01-30,0.0,14,2024-11
1393,2024-11-12,13650.0,24120.0,2026-01-31,0.0,14,2024-11
1393,2024-11-12,13650.0,24120.0,2026-02-01,0.0,15,2024-11
1393,2024-11-12,13650.0,24120.0,2026-02-02,0.0,15,2024-11
1393,2024-11-12,13650.0,24120.0,2026-02-03,0.0,15,2024-11
1393,2024-11-12,13650.0,24120.0,2026-02-04,0.0,15,2024-11
1393,2024-11-12,13650.0,24120.0,2026-02-05,0.0,15,2024-11
1393,2024-11-12,13650.0,24120.0,2026-02-06,0.0,15,2024-11
1393,2024-11-12,13650.0,24120.0,2026-02-09,0.0,15,2024-11
1393,2024-11-12,13650.0,24120.0,2026-02-16,0.0,15,2024-11
1393,2024-11-12,13650.0,24120.0,2026-02-23,0.0,15,2024-11
1393,2024-11-12,13650.0,24120.0,2026-03-02,0.0,16,2024-11
1393,2024-11-12,13650.0,24120.0,2026-03-09,0.0,16,2024-11
1393,2024-11-12,13650.0,24120.0,2026-03-16,0.0,16,2024-11
1393,2024-11-12,13650.0,24120.0,2026-03-23,0.0,16,2024-11
1395,2024-11-12,16500.0,28275.0,2024-12-12,0.0,1,2024-11
1395,2024-11-12,16500.0,28275.0,2025-01-30,7592.0,2,2024-11
1395,2024-11-12,16500.0,28275.0,2025-02-12,0.0,3,2024-11
1395,2024-11-12,16500.0,28275.0,2025-03-12,0.0,4,2024-11
1395,2024-11-12,16500.0,28275.0,2025-04-12,0.0,5,2024-11
1395,2024-11-12,16500.0,28275.0,2025-05-12,0.0,6,2024-11
1395,2024-11-12,16500.0,28275.0,2026-01-10,0.0,14,2024-11
1395,2024-11-12,16500.0,28275.0,2026-01-11,0.0,14,2024-11
1395,2024-11-12,16500.0,28275.0,2026-01-12,0.0,14,2024-11
1395,2024-11-12,16500.0,28275.0,2026-01-13,0.0,14,2024-11
1395,2024-11-12,16500.0,28275.0,2026-02-11,0.0,15,2024-11
1395,2024-11-12,16500.0,28275.0,2026-02-19,0.0,15,2024-11
1399,2024-11-13,11220.0,16906.0,2024-11-27,650.0,0,2024-11
1399,2024-11-13,11220.0,16906.0,2024-12-04,650.0,1,2024-11
1399,2024-11-13,11220.0,16906.0,2024-12-11,650.0,1,2024-11
1399,2024-11-13,11220.0,16906.0,2024-12-18,650.0,1,2024-11
1399,2024-11-13,11220.0,16906.0,2024-12-28,650.0,1,2024-11
1399,2024-11-13,11220.0,16906.0,2025-01-02,650.0,2,2024-11
1399,2024-11-13,11220.0,16906.0,2025-01-14,650.0,2,2024-11
1399,2024-11-13,11220.0,16906.0,2025-01-15,650.0,2,2024-11
1399,2024-11-13,11220.0,16906.0,2025-01-22,650.0,2,2024-11
1399,2024-11-13,11220.0,16906.0,2025-01-29,650.0,2,2024-11
1399,2024-11-13,11220.0,16906.0,2025-02-06,650.0,3,2024-11
1399,2024-11-13,11220.0,16906.0,2025-02-15,650.0,3,2024-11
1399,2024-11-13,11220.0,16906.0,2025-02-20,650.0,3,2024-11
1399,2024-11-13,11220.0,16906.0,2025-03-04,650.0,4,2024-11
1399,2024-11-13,11220.0,16906.0,2025-03-06,650.0,4,2024-11
1399,2024-11-13,11220.0,16906.0,2025-03-12,650.0,4,2024-11
1399,2024-11-13,11220.0,16906.0,2025-03-24,0.0,4,2024-11
1399,2024-11-13,11220.0,16906.0,2025-03-29,1300.0,4,2024-11
1399,2024-11-13,11220.0,16906.0,2025-04-06,0.0,5,2024-11
1399,2024-11-13,11220.0,16906.0,2025-04-09,0.0,5,2024-11
1399,2024-11-13,11220.0,16906.0,2025-04-16,0.0,5,2024-11
1399,2024-11-13,11220.0,16906.0,2025-04-23,0.0,5,2024-11
1399,2024-11-13,11220.0,16906.0,2025-04-30,0.0,5,2024-11
1399,2024-11-13,11220.0,16906.0,2025-05-07,0.0,6,2024-11
1399,2024-11-13,11220.0,16906.0,2025-05-14,0.0,6,2024-11
1399,2024-11-13,11220.0,16906.0,2025-05-21,0.0,6,2024-11
1399,2024-11-13,11220.0,16906.0,2025-05-28,0.0,6,2024-11
1399,2024-11-13,11220.0,16906.0,2025-06-05,0.0,7,2024-11
1399,2024-11-13,11220.0,16906.0,2025-07-23,0.0,8,2024-11
1399,2024-11-13,11220.0,16906.0,2025-07-24,4000.0,8,2024-11
1404,2024-11-13,7141.0,10828.0,2024-12-02,1722.0,1,2024-11
1404,2024-11-13,7141.0,10828.0,2025-01-04,1730.0,2,2024-11
1404,2024-11-13,7141.0,10828.0,2025-02-03,1720.0,3,2024-11
1404,2024-11-13,7141.0,10828.0,2025-03-02,1720.0,4,2024-11
1404,2024-11-13,7141.0,10828.0,2025-04-22,1795.0,5,2024-11
1404,2024-11-13,7141.0,10828.0,2025-05-15,1700.0,6,2024-11
1404,2024-11-13,7141.0,10828.0,2025-06-01,441.0,7,2024-11
1405,2024-11-13,13649.0,24019.0,2024-12-04,0.0,1,2024-11
1405,2024-11-13,13649.0,24019.0,2024-12-11,0.0,1,2024-11
1405,2024-11-13,13649.0,24019.0,2024-12-18,0.0,1,2024-11
1405,2024-11-13,13649.0,24019.0,2024-12-26,0.0,1,2024-11
1405,2024-11-13,13649.0,24019.0,2025-01-02,0.0,2,2024-11
1405,2024-11-13,13649.0,24019.0,2025-01-08,0.0,2,2024-11
1405,2024-11-13,13649.0,24019.0,2025-01-15,0.0,2,2024-11
1405,2024-11-13,13649.0,24019.0,2025-01-22,0.0,2,2024-11
1405,2024-11-13,13649.0,24019.0,2025-01-29,0.0,2,2024-11
1405,2024-11-13,13649.0,24019.0,2025-02-05,0.0,3,2024-11
1405,2024-11-13,13649.0,24019.0,2025-02-12,0.0,3,2024-11
1405,2024-11-13,13649.0,24019.0,2025-02-19,0.0,3,2024-11
1405,2024-11-13,13649.0,24019.0,2025-02-26,12074.0,3,2024-11
1405,2024-11-13,13649.0,24019.0,2025-03-05,0.0,4,2024-11
1405,2024-11-13,13649.0,24019.0,2025-03-12,0.0,4,2024-11
1405,2024-11-13,13649.0,24019.0,2025-03-24,0.0,4,2024-11
1405,2024-11-13,13649.0,24019.0,2025-03-28,0.0,4,2024-11
1405,2024-11-13,13649.0,24019.0,2025-04-07,0.0,5,2024-11
1405,2024-11-13,13649.0,24019.0,2025-04-09,0.0,5,2024-11
1405,2024-11-13,13649.0,24019.0,2025-04-16,0.0,5,2024-11
1405,2024-11-13,13649.0,24019.0,2025-04-23,0.0,5,2024-11
1405,2024-11-13,13649.0,24019.0,2025-04-30,0.0,5,2024-11
1405,2024-11-13,13649.0,24019.0,2025-05-07,0.0,6,2024-11
1405,2024-11-13,13649.0,24019.0,2025-05-14,0.0,6,2024-11
1405,2024-11-13,13649.0,24019.0,2025-05-21,0.0,6,2024-11
1405,2024-11-13,13649.0,24019.0,2025-05-28,0.0,6,2024-11
1405,2024-11-13,13649.0,24019.0,2025-06-05,0.0,7,2024-11
1405,2024-11-13,13649.0,24019.0,2025-06-20,0.0,7,2024-11
1405,2024-11-13,13649.0,24019.0,2025-07-09,0.0,8,2024-11
1405,2024-11-13,13649.0,24019.0,2025-07-16,0.0,8,2024-11
1405,2024-11-13,13649.0,24019.0,2025-07-23,0.0,8,2024-11
1405,2024-11-13,13649.0,24019.0,2025-07-30,0.0,8,2024-11
1405,2024-11-13,13649.0,24019.0,2025-08-06,0.0,9,2024-11
1405,2024-11-13,13649.0,24019.0,2025-08-13,0.0,9,2024-11
1405,2024-11-13,13649.0,24019.0,2025-08-20,0.0,9,2024-11
1405,2024-11-13,13649.0,24019.0,2025-08-27,0.0,9,2024-11
1405,2024-11-13,13649.0,24019.0,2025-09-03,0.0,10,2024-11
1405,2024-11-13,13649.0,24019.0,2025-09-10,0.0,10,2024-11
1405,2024-11-13,13649.0,24019.0,2025-09-24,0.0,10,2024-11
1405,2024-11-13,13649.0,24019.0,2025-09-25,0.0,10,2024-11
1405,2024-11-13,13649.0,24019.0,2025-10-02,0.0,11,2024-11
1405,2024-11-13,13649.0,24019.0,2025-10-09,0.0,11,2024-11
1405,2024-11-13,13649.0,24019.0,2025-10-16,0.0,11,2024-11
1405,2024-11-13,13649.0,24019.0,2025-10-23,0.0,11,2024-11
1405,2024-11-13,13649.0,24019.0,2025-10-30,0.0,11,2024-11
1405,2024-11-13,13649.0,24019.0,2025-11-13,0.0,12,2024-11
1405,2024-11-13,13649.0,24019.0,2025-11-20,0.0,12,2024-11
1405,2024-11-13,13649.0,24019.0,2025-12-02,0.0,13,2024-11
1405,2024-11-13,13649.0,24019.0,2025-12-09,0.0,13,2024-11
1405,2024-11-13,13649.0,24019.0,2025-12-16,0.0,13,2024-11
1405,2024-11-13,13649.0,24019.0,2025-12-23,0.0,13,2024-11
1405,2024-11-13,13649.0,24019.0,2025-12-30,0.0,13,2024-11
1405,2024-11-13,13649.0,24019.0,2026-01-06,0.0,14,2024-11
1405,2024-11-13,13649.0,24019.0,2026-01-13,0.0,14,2024-11
1405,2024-11-13,13649.0,24019.0,2026-01-20,0.0,14,2024-11
1405,2024-11-13,13649.0,24019.0,2026-01-27,0.0,14,2024-11
1405,2024-11-13,13649.0,24019.0,2026-02-03,0.0,15,2024-11
1405,2024-11-13,13649.0,24019.0,2026-02-10,3700.0,15,2024-11
1405,2024-11-13,13649.0,24019.0,2026-02-17,0.0,15,2024-11
1405,2024-11-13,13649.0,24019.0,2026-02-24,0.0,15,2024-11
1405,2024-11-13,13649.0,24019.0,2026-03-03,0.0,16,2024-11
1405,2024-11-13,13649.0,24019.0,2026-03-10,0.0,16,2024-11
1405,2024-11-13,13649.0,24019.0,2026-03-17,0.0,16,2024-11
1405,2024-11-13,13649.0,24019.0,2026-03-24,0.0,16,2024-11
1411,2024-11-14,19500.0,30650.0,2024-11-21,1144.0,0,2024-11
1411,2024-11-14,19500.0,30650.0,2024-11-28,1144.0,0,2024-11
1411,2024-11-14,19500.0,30650.0,2024-12-05,1144.0,1,2024-11
1411,2024-11-14,19500.0,30650.0,2024-12-12,1144.0,1,2024-11
1411,2024-11-14,19500.0,30650.0,2024-12-19,1144.0,1,2024-11
1411,2024-11-14,19500.0,30650.0,2024-12-26,1144.0,1,2024-11
1411,2024-11-14,19500.0,30650.0,2025-01-04,1144.0,2,2024-11
1411,2024-11-14,19500.0,30650.0,2025-01-09,1144.0,2,2024-11
1411,2024-11-14,19500.0,30650.0,2025-01-16,1144.0,2,2024-11
1411,2024-11-14,19500.0,30650.0,2025-01-23,1144.0,2,2024-11
1411,2024-11-14,19500.0,30650.0,2025-01-30,1145.0,2,2024-11
1411,2024-11-14,19500.0,30650.0,2025-02-06,1145.0,3,2024-11
1411,2024-11-14,19500.0,30650.0,2025-02-13,1000.0,3,2024-11
1411,2024-11-14,19500.0,30650.0,2025-02-20,1150.0,3,2024-11
1411,2024-11-14,19500.0,30650.0,2025-03-04,1150.0,4,2024-11
1411,2024-11-14,19500.0,30650.0,2025-03-06,1100.0,4,2024-11
1411,2024-11-14,19500.0,30650.0,2025-03-13,1000.0,4,2024-11
1411,2024-11-14,19500.0,30650.0,2025-03-24,0.0,4,2024-11
1411,2024-11-14,19500.0,30650.0,2025-03-27,0.0,4,2024-11
1411,2024-11-14,19500.0,30650.0,2025-04-05,1000.0,5,2024-11
1411,2024-11-14,19500.0,30650.0,2025-04-10,0.0,5,2024-11
1411,2024-11-14,19500.0,30650.0,2025-04-17,0.0,5,2024-11
1411,2024-11-14,19500.0,30650.0,2025-04-24,0.0,5,2024-11
1411,2024-11-14,19500.0,30650.0,2025-05-08,0.0,6,2024-11
1411,2024-11-14,19500.0,30650.0,2025-05-15,0.0,6,2024-11
1411,2024-11-14,19500.0,30650.0,2025-05-22,0.0,6,2024-11
1411,2024-11-14,19500.0,30650.0,2025-05-29,0.0,6,2024-11
1411,2024-11-14,19500.0,30650.0,2025-06-05,0.0,7,2024-11
1411,2024-11-14,19500.0,30650.0,2025-06-28,1000.0,7,2024-11
1411,2024-11-14,19500.0,30650.0,2025-07-03,0.0,8,2024-11
1411,2024-11-14,19500.0,30650.0,2025-07-10,0.0,8,2024-11
1411,2024-11-14,19500.0,30650.0,2025-07-17,0.0,8,2024-11
1411,2024-11-14,19500.0,30650.0,2025-07-24,0.0,8,2024-11
1411,2024-11-14,19500.0,30650.0,2025-07-31,0.0,8,2024-11
1411,2024-11-14,19500.0,30650.0,2025-09-02,3500.0,10,2024-11
1411,2024-11-14,19500.0,30650.0,2025-09-18,1000.0,10,2024-11
1411,2024-11-14,19500.0,30650.0,2025-08-22,0.0,9,2024-11
1411,2024-11-14,19500.0,30650.0,2025-08-28,0.0,9,2024-11
1411,2024-11-14,19500.0,30650.0,2025-09-05,0.0,10,2024-11
1411,2024-11-14,19500.0,30650.0,2025-09-12,0.0,10,2024-11
1411,2024-11-14,19500.0,30650.0,2025-09-19,0.0,10,2024-11
1411,2024-11-14,19500.0,30650.0,2025-09-26,0.0,10,2024-11
1411,2024-11-14,19500.0,30650.0,2025-10-03,0.0,11,2024-11
1411,2024-11-14,19500.0,30650.0,2025-10-10,0.0,11,2024-11
1411,2024-11-14,19500.0,30650.0,2025-10-17,0.0,11,2024-11
1411,2024-11-14,19500.0,30650.0,2025-10-24,0.0,11,2024-11
1411,2024-11-14,19500.0,30650.0,2025-10-30,0.0,11,2024-11
1411,2024-11-14,19500.0,30650.0,2025-11-07,0.0,12,2024-11
1411,2024-11-14,19500.0,30650.0,2025-11-14,0.0,12,2024-11
1411,2024-11-14,19500.0,30650.0,2025-11-21,0.0,12,2024-11
1411,2024-11-14,19500.0,30650.0,2025-11-28,0.0,12,2024-11
1411,2024-11-14,19500.0,30650.0,2025-12-02,2000.0,13,2024-11
1414,2024-11-14,8991.0,18813.0,2024-11-23,585.0,0,2024-11
1414,2024-11-14,8991.0,18813.0,2024-11-30,585.0,0,2024-11
1414,2024-11-14,8991.0,18813.0,2024-12-05,585.0,1,2024-11
1414,2024-11-14,8991.0,18813.0,2024-12-12,0.0,1,2024-11
1414,2024-11-14,8991.0,18813.0,2024-12-19,0.0,1,2024-11
1414,2024-11-14,8991.0,18813.0,2024-12-26,0.0,1,2024-11
1414,2024-11-14,8991.0,18813.0,2025-01-02,0.0,2,2024-11
1414,2024-11-14,8991.0,18813.0,2025-01-09,0.0,2,2024-11
1414,2024-11-14,8991.0,18813.0,2025-01-16,0.0,2,2024-11
1414,2024-11-14,8991.0,18813.0,2025-01-23,0.0,2,2024-11
1414,2024-11-14,8991.0,18813.0,2025-01-30,0.0,2,2024-11
1414,2024-11-14,8991.0,18813.0,2025-02-06,0.0,3,2024-11
1414,2024-11-14,8991.0,18813.0,2025-02-13,0.0,3,2024-11
1414,2024-11-14,8991.0,18813.0,2025-02-20,0.0,3,2024-11
1414,2024-11-14,8991.0,18813.0,2025-03-02,0.0,4,2024-11
1414,2024-11-14,8991.0,18813.0,2025-03-06,0.0,4,2024-11
1414,2024-11-14,8991.0,18813.0,2025-03-13,0.0,4,2024-11
1414,2024-11-14,8991.0,18813.0,2025-03-24,0.0,4,2024-11
1414,2024-11-14,8991.0,18813.0,2025-03-27,0.0,4,2024-11
1414,2024-11-14,8991.0,18813.0,2025-04-07,0.0,5,2024-11
1414,2024-11-14,8991.0,18813.0,2025-04-10,0.0,5,2024-11
1414,2024-11-14,8991.0,18813.0,2025-04-17,0.0,5,2024-11
1414,2024-11-14,8991.0,18813.0,2025-04-24,0.0,5,2024-11
1414,2024-11-14,8991.0,18813.0,2025-05-08,0.0,6,2024-11
1414,2024-11-14,8991.0,18813.0,2025-05-15,0.0,6,2024-11
1414,2024-11-14,8991.0,18813.0,2025-05-29,0.0,6,2024-11
1414,2024-11-14,8991.0,18813.0,2025-06-05,0.0,7,2024-11
1414,2024-11-14,8991.0,18813.0,2026-01-10,0.0,14,2024-11
1414,2024-11-14,8991.0,18813.0,2026-01-11,0.0,14,2024-11
1414,2024-11-14,8991.0,18813.0,2026-01-12,0.0,14,2024-11
1414,2024-11-14,8991.0,18813.0,2026-01-13,0.0,14,2024-11
1414,2024-11-14,8991.0,18813.0,2026-01-14,0.0,14,2024-11
1414,2024-11-14,8991.0,18813.0,2026-01-17,0.0,14,2024-11
1414,2024-11-14,8991.0,18813.0,2026-01-18,0.0,14,2024-11
1414,2024-11-14,8991.0,18813.0,2026-01-19,0.0,14,2024-11
1414,2024-11-14,8991.0,18813.0,2026-01-20,0.0,14,2024-11
1414,2024-11-14,8991.0,18813.0,2026-01-21,0.0,14,2024-11
1414,2024-11-14,8991.0,18813.0,2026-01-22,0.0,14,2024-11
1414,2024-11-14,8991.0,18813.0,2026-01-23,0.0,14,2024-11
1414,2024-11-14,8991.0,18813.0,2026-01-24,0.0,14,2024-11
1414,2024-11-14,8991.0,18813.0,2026-01-25,0.0,14,2024-11
1414,2024-11-14,8991.0,18813.0,2026-01-26,0.0,14,2024-11
1414,2024-11-14,8991.0,18813.0,2026-01-27,0.0,14,2024-11
1414,2024-11-14,8991.0,18813.0,2026-01-28,0.0,14,2024-11
1414,2024-11-14,8991.0,18813.0,2026-01-29,0.0,14,2024-11
1414,2024-11-14,8991.0,18813.0,2026-01-30,0.0,14,2024-11
1414,2024-11-14,8991.0,18813.0,2026-01-31,0.0,14,2024-11
1414,2024-11-14,8991.0,18813.0,2026-02-01,0.0,15,2024-11
1414,2024-11-14,8991.0,18813.0,2026-02-02,0.0,15,2024-11
1414,2024-11-14,8991.0,18813.0,2026-02-03,0.0,15,2024-11
1414,2024-11-14,8991.0,18813.0,2026-02-04,0.0,15,2024-11
1414,2024-11-14,8991.0,18813.0,2026-02-05,0.0,15,2024-11
1414,2024-11-14,8991.0,18813.0,2026-02-06,0.0,15,2024-11
1414,2024-11-14,8991.0,18813.0,2026-02-07,0.0,15,2024-11
1414,2024-11-14,8991.0,18813.0,2026-02-08,0.0,15,2024-11
1414,2024-11-14,8991.0,18813.0,2026-02-09,0.0,15,2024-11
1414,2024-11-14,8991.0,18813.0,2026-02-10,0.0,15,2024-11
1414,2024-11-14,8991.0,18813.0,2026-02-11,0.0,15,2024-11
1414,2024-11-14,8991.0,18813.0,2026-02-12,0.0,15,2024-11
1414,2024-11-14,8991.0,18813.0,2026-02-18,0.0,15,2024-11
1414,2024-11-14,8991.0,18813.0,2026-02-25,0.0,15,2024-11
1414,2024-11-14,8991.0,18813.0,2026-03-04,0.0,16,2024-11
1414,2024-11-14,8991.0,18813.0,2026-03-11,0.0,16,2024-11
1414,2024-11-14,8991.0,18813.0,2026-03-18,0.0,16,2024-11
1414,2024-11-14,8991.0,18813.0,2026-03-25,0.0,16,2024-11
1417,2024-11-14,16500.0,25475.0,2024-12-21,3796.0,1,2024-11
1417,2024-11-14,16500.0,25475.0,2025-01-13,3800.0,2,2024-11
1417,2024-11-14,16500.0,25475.0,2025-02-11,3800.0,3,2024-11
1417,2024-11-14,16500.0,25475.0,2025-03-27,3796.0,4,2024-11
1417,2024-11-14,16500.0,25475.0,2025-04-12,0.0,5,2024-11
1417,2024-11-14,16500.0,25475.0,2025-05-12,0.0,6,2024-11
1417,2024-11-14,16500.0,25475.0,2025-07-12,0.0,8,2024-11
1417,2024-11-14,16500.0,25475.0,2025-07-14,1000.0,8,2024-11
1417,2024-11-14,16500.0,25475.0,2025-08-12,0.0,9,2024-11
1417,2024-11-14,16500.0,25475.0,2025-09-12,0.0,10,2024-11
1417,2024-11-14,16500.0,25475.0,2025-10-13,0.0,11,2024-11
1417,2024-11-14,16500.0,25475.0,2025-11-13,0.0,12,2024-11
1417,2024-11-14,16500.0,25475.0,2025-12-18,0.0,13,2024-11
1417,2024-11-14,16500.0,25475.0,2026-01-19,0.0,14,2024-11
1417,2024-11-14,16500.0,25475.0,2026-02-19,0.0,15,2024-11
1423,2024-11-14,19800.0,32100.0,2024-11-21,1138.0,0,2024-11
1423,2024-11-14,19800.0,32100.0,2024-11-28,1138.0,0,2024-11
1423,2024-11-14,19800.0,32100.0,2024-12-05,1138.0,1,2024-11
1423,2024-11-14,19800.0,32100.0,2024-12-12,0.0,1,2024-11
1423,2024-11-14,19800.0,32100.0,2024-12-19,0.0,1,2024-11
1423,2024-11-14,19800.0,32100.0,2024-12-26,0.0,1,2024-11
1423,2024-11-14,19800.0,32100.0,2025-01-02,0.0,2,2024-11
1423,2024-11-14,19800.0,32100.0,2025-01-09,0.0,2,2024-11
1423,2024-11-14,19800.0,32100.0,2025-01-16,0.0,2,2024-11
1423,2024-11-14,19800.0,32100.0,2025-01-23,0.0,2,2024-11
1423,2024-11-14,19800.0,32100.0,2025-01-30,0.0,2,2024-11
1423,2024-11-14,19800.0,32100.0,2025-02-06,0.0,3,2024-11
1423,2024-11-14,19800.0,32100.0,2025-02-13,0.0,3,2024-11
1423,2024-11-14,19800.0,32100.0,2025-02-20,0.0,3,2024-11
1423,2024-11-14,19800.0,32100.0,2025-03-02,0.0,4,2024-11
1423,2024-11-14,19800.0,32100.0,2025-03-06,0.0,4,2024-11
1423,2024-11-14,19800.0,32100.0,2025-03-13,0.0,4,2024-11
1423,2024-11-14,19800.0,32100.0,2025-03-24,0.0,4,2024-11
1423,2024-11-14,19800.0,32100.0,2025-03-27,0.0,4,2024-11
1423,2024-11-14,19800.0,32100.0,2025-04-07,0.0,5,2024-11
1423,2024-11-14,19800.0,32100.0,2025-04-10,0.0,5,2024-11
1423,2024-11-14,19800.0,32100.0,2025-04-17,0.0,5,2024-11
1423,2024-11-14,19800.0,32100.0,2025-04-24,0.0,5,2024-11
1423,2024-11-14,19800.0,32100.0,2025-05-08,0.0,6,2024-11
1423,2024-11-14,19800.0,32100.0,2025-05-15,0.0,6,2024-11
1423,2024-11-14,19800.0,32100.0,2025-05-22,0.0,6,2024-11
1423,2024-11-14,19800.0,32100.0,2025-05-29,0.0,6,2024-11
1423,2024-11-14,19800.0,32100.0,2025-06-05,0.0,7,2024-11
1423,2024-11-14,19800.0,32100.0,2026-01-10,0.0,14,2024-11
1423,2024-11-14,19800.0,32100.0,2026-01-11,0.0,14,2024-11
1423,2024-11-14,19800.0,32100.0,2026-01-12,0.0,14,2024-11
1423,2024-11-14,19800.0,32100.0,2026-01-13,0.0,14,2024-11
1423,2024-11-14,19800.0,32100.0,2026-01-14,0.0,14,2024-11
1423,2024-11-14,19800.0,32100.0,2026-01-17,0.0,14,2024-11
1423,2024-11-14,19800.0,32100.0,2026-01-18,0.0,14,2024-11
1423,2024-11-14,19800.0,32100.0,2026-01-19,0.0,14,2024-11
1423,2024-11-14,19800.0,32100.0,2026-01-20,0.0,14,2024-11
1423,2024-11-14,19800.0,32100.0,2026-01-21,0.0,14,2024-11
1423,2024-11-14,19800.0,32100.0,2026-01-22,0.0,14,2024-11
1423,2024-11-14,19800.0,32100.0,2026-01-23,0.0,14,2024-11
1423,2024-11-14,19800.0,32100.0,2026-01-24,0.0,14,2024-11
1423,2024-11-14,19800.0,32100.0,2026-01-25,0.0,14,2024-11
1423,2024-11-14,19800.0,32100.0,2026-01-26,0.0,14,2024-11
1423,2024-11-14,19800.0,32100.0,2026-01-27,0.0,14,2024-11
1423,2024-11-14,19800.0,32100.0,2026-01-28,0.0,14,2024-11
1423,2024-11-14,19800.0,32100.0,2026-01-29,0.0,14,2024-11
1423,2024-11-14,19800.0,32100.0,2026-01-30,0.0,14,2024-11
1423,2024-11-14,19800.0,32100.0,2026-01-31,0.0,14,2024-11
1423,2024-11-14,19800.0,32100.0,2026-02-01,0.0,15,2024-11
1423,2024-11-14,19800.0,32100.0,2026-02-02,0.0,15,2024-11
1423,2024-11-14,19800.0,32100.0,2026-02-03,0.0,15,2024-11
1423,2024-11-14,19800.0,32100.0,2026-02-04,0.0,15,2024-11
1423,2024-11-14,19800.0,32100.0,2026-02-05,0.0,15,2024-11
1423,2024-11-14,19800.0,32100.0,2026-02-06,0.0,15,2024-11
1423,2024-11-14,19800.0,32100.0,2026-02-07,0.0,15,2024-11
1423,2024-11-14,19800.0,32100.0,2026-02-08,0.0,15,2024-11
1423,2024-11-14,19800.0,32100.0,2026-02-09,0.0,15,2024-11
1423,2024-11-14,19800.0,32100.0,2026-02-10,0.0,15,2024-11
1423,2024-11-14,19800.0,32100.0,2026-02-11,0.0,15,2024-11
1423,2024-11-14,19800.0,32100.0,2026-02-12,0.0,15,2024-11
1423,2024-11-14,19800.0,32100.0,2026-02-18,0.0,15,2024-11
1423,2024-11-14,19800.0,32100.0,2026-02-25,0.0,15,2024-11
1423,2024-11-14,19800.0,32100.0,2026-03-04,0.0,16,2024-11
1423,2024-11-14,19800.0,32100.0,2026-03-11,0.0,16,2024-11
1423,2024-11-14,19800.0,32100.0,2026-03-18,0.0,16,2024-11
1423,2024-11-14,19800.0,32100.0,2026-03-25,0.0,16,2024-11
1431,2024-11-16,19500.0,32150.0,2024-11-23,1144.0,0,2024-11
1431,2024-11-16,19500.0,32150.0,2024-12-01,1144.0,1,2024-11
1431,2024-11-16,19500.0,32150.0,2024-12-07,1144.0,1,2024-11
1431,2024-11-16,19500.0,32150.0,2024-12-14,0.0,1,2024-11
1431,2024-11-16,19500.0,32150.0,2024-12-21,1145.0,1,2024-11
1431,2024-11-16,19500.0,32150.0,2024-12-28,1145.0,1,2024-11
1431,2024-11-16,19500.0,32150.0,2025-01-04,0.0,2,2024-11
1431,2024-11-16,19500.0,32150.0,2025-01-11,0.0,2,2024-11
1431,2024-11-16,19500.0,32150.0,2025-01-18,0.0,2,2024-11
1431,2024-11-16,19500.0,32150.0,2025-01-25,0.0,2,2024-11
1431,2024-11-16,19500.0,32150.0,2025-02-01,0.0,3,2024-11
1431,2024-11-16,19500.0,32150.0,2025-02-08,0.0,3,2024-11
1431,2024-11-16,19500.0,32150.0,2025-02-16,0.0,3,2024-11
1431,2024-11-16,19500.0,32150.0,2025-02-22,0.0,3,2024-11
1431,2024-11-16,19500.0,32150.0,2025-03-01,0.0,4,2024-11
1431,2024-11-16,19500.0,32150.0,2025-03-08,0.0,4,2024-11
1431,2024-11-16,19500.0,32150.0,2025-03-15,0.0,4,2024-11
1431,2024-11-16,19500.0,32150.0,2025-03-25,0.0,4,2024-11
1431,2024-11-16,19500.0,32150.0,2025-04-07,0.0,5,2024-11
1431,2024-11-16,19500.0,32150.0,2025-04-12,0.0,5,2024-11
1431,2024-11-16,19500.0,32150.0,2025-04-19,0.0,5,2024-11
1431,2024-11-16,19500.0,32150.0,2025-04-26,0.0,5,2024-11
1431,2024-11-16,19500.0,32150.0,2025-05-03,0.0,6,2024-11
1431,2024-11-16,19500.0,32150.0,2025-05-10,0.0,6,2024-11
1431,2024-11-16,19500.0,32150.0,2025-05-17,0.0,6,2024-11
1431,2024-11-16,19500.0,32150.0,2025-05-24,0.0,6,2024-11
1431,2024-11-16,19500.0,32150.0,2025-05-31,0.0,6,2024-11
1431,2024-11-16,19500.0,32150.0,2026-01-10,0.0,14,2024-11
1431,2024-11-16,19500.0,32150.0,2026-01-11,0.0,14,2024-11
1431,2024-11-16,19500.0,32150.0,2026-01-12,0.0,14,2024-11
1431,2024-11-16,19500.0,32150.0,2026-01-13,0.0,14,2024-11
1431,2024-11-16,19500.0,32150.0,2026-01-14,0.0,14,2024-11
1431,2024-11-16,19500.0,32150.0,2026-01-17,0.0,14,2024-11
1431,2024-11-16,19500.0,32150.0,2026-01-18,0.0,14,2024-11
1431,2024-11-16,19500.0,32150.0,2026-01-19,0.0,14,2024-11
1431,2024-11-16,19500.0,32150.0,2026-01-20,0.0,14,2024-11
1431,2024-11-16,19500.0,32150.0,2026-01-21,0.0,14,2024-11
1431,2024-11-16,19500.0,32150.0,2026-01-22,0.0,14,2024-11
1431,2024-11-16,19500.0,32150.0,2026-01-23,0.0,14,2024-11
1431,2024-11-16,19500.0,32150.0,2026-01-24,0.0,14,2024-11
1431,2024-11-16,19500.0,32150.0,2026-01-25,0.0,14,2024-11
1431,2024-11-16,19500.0,32150.0,2026-01-26,0.0,14,2024-11
1431,2024-11-16,19500.0,32150.0,2026-01-27,0.0,14,2024-11
1431,2024-11-16,19500.0,32150.0,2026-01-28,0.0,14,2024-11
1431,2024-11-16,19500.0,32150.0,2026-01-29,0.0,14,2024-11
1431,2024-11-16,19500.0,32150.0,2026-01-30,0.0,14,2024-11
1431,2024-11-16,19500.0,32150.0,2026-01-31,0.0,14,2024-11
1431,2024-11-16,19500.0,32150.0,2026-02-01,0.0,15,2024-11
1431,2024-11-16,19500.0,32150.0,2026-02-02,0.0,15,2024-11
1431,2024-11-16,19500.0,32150.0,2026-02-03,0.0,15,2024-11
1431,2024-11-16,19500.0,32150.0,2026-02-04,0.0,15,2024-11
1431,2024-11-16,19500.0,32150.0,2026-02-05,0.0,15,2024-11
1431,2024-11-16,19500.0,32150.0,2026-02-06,0.0,15,2024-11
1431,2024-11-16,19500.0,32150.0,2026-02-07,0.0,15,2024-11
1431,2024-11-16,19500.0,32150.0,2026-02-08,0.0,15,2024-11
1431,2024-11-16,19500.0,32150.0,2026-02-09,0.0,15,2024-11
1431,2024-11-16,19500.0,32150.0,2026-02-10,0.0,15,2024-11
1431,2024-11-16,19500.0,32150.0,2026-02-11,0.0,15,2024-11
1431,2024-11-16,19500.0,32150.0,2026-02-12,0.0,15,2024-11
1431,2024-11-16,19500.0,32150.0,2026-02-14,0.0,15,2024-11
1431,2024-11-16,19500.0,32150.0,2026-02-20,0.0,15,2024-11
1431,2024-11-16,19500.0,32150.0,2026-02-27,0.0,15,2024-11
1431,2024-11-16,19500.0,32150.0,2026-03-06,0.0,16,2024-11
1431,2024-11-16,19500.0,32150.0,2026-03-13,0.0,16,2024-11
1431,2024-11-16,19500.0,32150.0,2026-03-20,0.0,16,2024-11
1431,2024-11-16,19500.0,32150.0,2026-03-27,0.0,16,2024-11
1447,2024-11-17,17991.0,29708.0,2024-11-24,1154.0,0,2024-11
1447,2024-11-17,17991.0,29708.0,2024-11-30,1154.0,0,2024-11
1447,2024-11-17,17991.0,29708.0,2024-12-08,1154.0,1,2024-11
1447,2024-11-17,17991.0,29708.0,2024-12-15,1155.0,1,2024-11
1447,2024-11-17,17991.0,29708.0,2024-12-22,1154.0,1,2024-11
1447,2024-11-17,17991.0,29708.0,2024-12-29,1000.0,1,2024-11
1447,2024-11-17,17991.0,29708.0,2025-01-05,1000.0,2,2024-11
1447,2024-11-17,17991.0,29708.0,2025-01-12,1000.0,2,2024-11
1447,2024-11-17,17991.0,29708.0,2025-01-19,1030.0,2,2024-11
1447,2024-11-17,17991.0,29708.0,2025-01-26,1000.0,2,2024-11
1447,2024-11-17,17991.0,29708.0,2025-02-02,1000.0,3,2024-11
1447,2024-11-17,17991.0,29708.0,2025-02-09,1000.0,3,2024-11
1447,2024-11-17,17991.0,29708.0,2025-02-16,1000.0,3,2024-11
1447,2024-11-17,17991.0,29708.0,2025-02-23,1300.0,3,2024-11
1447,2024-11-17,17991.0,29708.0,2025-03-02,400.0,4,2024-11
1447,2024-11-17,17991.0,29708.0,2025-03-09,300.0,4,2024-11
1447,2024-11-17,17991.0,29708.0,2025-03-16,1000.0,4,2024-11
1447,2024-11-17,17991.0,29708.0,2025-03-23,800.0,4,2024-11
1447,2024-11-17,17991.0,29708.0,2025-04-05,1000.0,5,2024-11
1447,2024-11-17,17991.0,29708.0,2025-04-06,500.0,5,2024-11
1447,2024-11-17,17991.0,29708.0,2025-04-13,300.0,5,2024-11
1447,2024-11-17,17991.0,29708.0,2025-04-20,230.0,5,2024-11
1447,2024-11-17,17991.0,29708.0,2025-04-27,350.0,5,2024-11
1447,2024-11-17,17991.0,29708.0,2025-05-04,250.0,6,2024-11
1447,2024-11-17,17991.0,29708.0,2025-05-11,250.0,6,2024-11
1447,2024-11-17,17991.0,29708.0,2025-05-18,300.0,6,2024-11
1447,2024-11-17,17991.0,29708.0,2025-05-25,300.0,6,2024-11
1447,2024-11-17,17991.0,29708.0,2025-06-01,300.0,7,2024-11
1447,2024-11-17,17991.0,29708.0,2025-06-08,550.0,7,2024-11
1447,2024-11-17,17991.0,29708.0,2025-06-15,400.0,7,2024-11
1447,2024-11-17,17991.0,29708.0,2025-06-22,250.0,7,2024-11
1447,2024-11-17,17991.0,29708.0,2025-06-29,200.0,7,2024-11
1447,2024-11-17,17991.0,29708.0,2025-07-06,250.0,8,2024-11
1447,2024-11-17,17991.0,29708.0,2025-07-13,300.0,8,2024-11
1447,2024-11-17,17991.0,29708.0,2025-07-20,300.0,8,2024-11
1447,2024-11-17,17991.0,29708.0,2025-07-27,1000.0,8,2024-11
1447,2024-11-17,17991.0,29708.0,2025-08-03,1000.0,9,2024-11
1447,2024-11-17,17991.0,29708.0,2025-08-10,1000.0,9,2024-11
1447,2024-11-17,17991.0,29708.0,2025-08-17,0.0,9,2024-11
1447,2024-11-17,17991.0,29708.0,2025-08-24,500.0,9,2024-11
1447,2024-11-17,17991.0,29708.0,2025-08-31,500.0,9,2024-11
1447,2024-11-17,17991.0,29708.0,2025-09-07,200.0,10,2024-11
1447,2024-11-17,17991.0,29708.0,2025-09-14,300.0,10,2024-11
1447,2024-11-17,17991.0,29708.0,2025-09-21,0.0,10,2024-11
1453,2024-11-18,17991.0,31608.0,2024-12-15,0.0,1,2024-11
1453,2024-11-18,17991.0,31608.0,2025-01-15,0.0,2,2024-11
1453,2024-11-18,17991.0,31608.0,2025-02-16,0.0,3,2024-11
1453,2024-11-18,17991.0,31608.0,2025-03-15,0.0,4,2024-11
1453,2024-11-18,17991.0,31608.0,2025-04-15,0.0,5,2024-11
1453,2024-11-18,17991.0,31608.0,2025-05-15,0.0,6,2024-11
1453,2024-11-18,17991.0,31608.0,2025-06-15,0.0,7,2024-11
1453,2024-11-18,17991.0,31608.0,2025-07-15,0.0,8,2024-11
1453,2024-11-18,17991.0,31608.0,2025-10-05,0.0,11,2024-11
1453,2024-11-18,17991.0,31608.0,2025-10-16,0.0,11,2024-11
1453,2024-11-18,17991.0,31608.0,2025-11-16,0.0,12,2024-11
1453,2024-11-18,17991.0,31608.0,2025-12-21,0.0,13,2024-11
1453,2024-11-18,17991.0,31608.0,2026-01-23,0.0,14,2024-11
1453,2024-11-18,17991.0,31608.0,2026-02-22,0.0,15,2024-11
1454,2024-11-18,10200.0,14190.0,2024-11-18,1182.0,0,2024-11
1454,2024-11-18,10200.0,14190.0,2024-11-18,0.0,0,2024-11
1454,2024-11-18,10200.0,14190.0,2024-12-09,592.0,1,2024-11
1454,2024-11-18,10200.0,14190.0,2024-12-09,2364.0,1,2024-11
1454,2024-11-18,10200.0,14190.0,2024-12-09,0.0,1,2024-11
1454,2024-11-18,10200.0,14190.0,2025-01-08,2955.0,2,2024-11
1454,2024-11-18,10200.0,14190.0,2025-01-08,0.0,2,2024-11
1454,2024-11-18,10200.0,14190.0,2025-02-11,1776.0,3,2024-11
1454,2024-11-18,10200.0,14190.0,2025-02-11,0.0,3,2024-11
1454,2024-11-18,10200.0,14190.0,2025-03-10,3000.0,4,2024-11
1454,2024-11-18,10200.0,14190.0,2025-03-10,0.0,4,2024-11
1454,2024-11-18,10200.0,14190.0,2025-04-13,2320.0,5,2024-11
1454,2024-11-18,10200.0,14190.0,2025-04-13,0.0,5,2024-11
1454,2024-11-18,10200.0,14190.0,2025-04-13,1.0,5,2024-11
1461,2024-11-19,10050.0,16195.0,2024-12-17,2450.0,1,2024-11
1461,2024-11-19,10050.0,16195.0,2025-01-19,2350.0,2,2024-11
1461,2024-11-19,10050.0,16195.0,2025-02-16,0.0,3,2024-11
1461,2024-11-19,10050.0,16195.0,2025-03-15,0.0,4,2024-11
1461,2024-11-19,10050.0,16195.0,2025-04-15,0.0,5,2024-11
1461,2024-11-19,10050.0,16195.0,2025-05-15,0.0,6,2024-11
1461,2024-11-19,10050.0,16195.0,2025-06-15,0.0,7,2024-11
1461,2024-11-19,10050.0,16195.0,2025-08-06,2400.0,9,2024-11
1461,2024-11-19,10050.0,16195.0,2025-09-17,0.0,10,2024-11
1461,2024-11-19,10050.0,16195.0,2025-09-17,2550.0,10,2024-11
1461,2024-11-19,10050.0,16195.0,2025-10-20,2500.0,11,2024-11
1461,2024-11-19,10050.0,16195.0,2025-11-12,4000.0,12,2024-11
1463,2024-11-20,17820.0,29170.0,2024-11-27,1025.0,0,2024-11
1463,2024-11-20,17820.0,29170.0,2024-12-04,1025.0,1,2024-11
1463,2024-11-20,17820.0,29170.0,2024-12-11,500.0,1,2024-11
1463,2024-11-20,17820.0,29170.0,2024-12-18,1000.0,1,2024-11
1463,2024-11-20,17820.0,29170.0,2025-01-02,1010.0,2,2024-11
1463,2024-11-20,17820.0,29170.0,2025-01-02,0.0,2,2024-11
1463,2024-11-20,17820.0,29170.0,2025-01-08,0.0,2,2024-11
1463,2024-11-20,17820.0,29170.0,2025-01-15,0.0,2,2024-11
1463,2024-11-20,17820.0,29170.0,2025-01-22,0.0,2,2024-11
1463,2024-11-20,17820.0,29170.0,2025-01-29,0.0,2,2024-11
1463,2024-11-20,17820.0,29170.0,2025-02-05,0.0,3,2024-11
1463,2024-11-20,17820.0,29170.0,2025-02-12,0.0,3,2024-11
1463,2024-11-20,17820.0,29170.0,2025-02-19,0.0,3,2024-11
1463,2024-11-20,17820.0,29170.0,2025-03-02,0.0,4,2024-11
1463,2024-11-20,17820.0,29170.0,2025-03-05,0.0,4,2024-11
1463,2024-11-20,17820.0,29170.0,2025-03-12,0.0,4,2024-11
1463,2024-11-20,17820.0,29170.0,2025-03-24,0.0,4,2024-11
1463,2024-11-20,17820.0,29170.0,2025-03-28,0.0,4,2024-11
1463,2024-11-20,17820.0,29170.0,2025-04-07,0.0,5,2024-11
1463,2024-11-20,17820.0,29170.0,2025-04-09,0.0,5,2024-11
1463,2024-11-20,17820.0,29170.0,2025-04-16,0.0,5,2024-11
1463,2024-11-20,17820.0,29170.0,2025-04-23,0.0,5,2024-11
1463,2024-11-20,17820.0,29170.0,2025-04-30,0.0,5,2024-11
1463,2024-11-20,17820.0,29170.0,2025-05-07,0.0,6,2024-11
1463,2024-11-20,17820.0,29170.0,2025-05-14,0.0,6,2024-11
1463,2024-11-20,17820.0,29170.0,2025-05-21,0.0,6,2024-11
1463,2024-11-20,17820.0,29170.0,2025-05-28,0.0,6,2024-11
1463,2024-11-20,17820.0,29170.0,2025-06-05,0.0,7,2024-11
1463,2024-11-20,17820.0,29170.0,2025-09-03,0.0,10,2024-11
1463,2024-11-20,17820.0,29170.0,2025-09-24,0.0,10,2024-11
1463,2024-11-20,17820.0,29170.0,2025-09-25,0.0,10,2024-11
1463,2024-11-20,17820.0,29170.0,2025-10-02,0.0,11,2024-11
1463,2024-11-20,17820.0,29170.0,2025-10-09,0.0,11,2024-11
1463,2024-11-20,17820.0,29170.0,2025-10-16,0.0,11,2024-11
1463,2024-11-20,17820.0,29170.0,2025-10-23,0.0,11,2024-11
1463,2024-11-20,17820.0,29170.0,2025-10-30,0.0,11,2024-11
1463,2024-11-20,17820.0,29170.0,2025-11-13,0.0,12,2024-11
1463,2024-11-20,17820.0,29170.0,2025-11-20,0.0,12,2024-11
1463,2024-11-20,17820.0,29170.0,2025-12-02,0.0,13,2024-11
1463,2024-11-20,17820.0,29170.0,2025-12-09,0.0,13,2024-11
1463,2024-11-20,17820.0,29170.0,2025-12-16,0.0,13,2024-11
1463,2024-11-20,17820.0,29170.0,2025-12-23,0.0,13,2024-11
1463,2024-11-20,17820.0,29170.0,2025-12-30,0.0,13,2024-11
1463,2024-11-20,17820.0,29170.0,2026-01-06,0.0,14,2024-11
1463,2024-11-20,17820.0,29170.0,2026-01-13,0.0,14,2024-11
1463,2024-11-20,17820.0,29170.0,2026-01-20,0.0,14,2024-11
1463,2024-11-20,17820.0,29170.0,2026-01-27,0.0,14,2024-11
1463,2024-11-20,17820.0,29170.0,2026-02-03,0.0,15,2024-11
1463,2024-11-20,17820.0,29170.0,2026-02-10,0.0,15,2024-11
1463,2024-11-20,17820.0,29170.0,2026-02-17,0.0,15,2024-11
1463,2024-11-20,17820.0,29170.0,2026-02-24,0.0,15,2024-11
1463,2024-11-20,17820.0,29170.0,2026-03-03,0.0,16,2024-11
1463,2024-11-20,17820.0,29170.0,2026-03-10,0.0,16,2024-11
1463,2024-11-20,17820.0,29170.0,2026-03-17,0.0,16,2024-11
1463,2024-11-20,17820.0,29170.0,2026-03-24,0.0,16,2024-11
1465,2024-11-20,8375.0,14625.0,2024-11-27,489.0,0,2024-11
1465,2024-11-20,8375.0,14625.0,2024-12-04,488.0,1,2024-11
1465,2024-11-20,8375.0,14625.0,2024-12-11,489.0,1,2024-11
1465,2024-11-20,8375.0,14625.0,2024-12-18,489.0,1,2024-11
1465,2024-11-20,8375.0,14625.0,2024-12-26,0.0,1,2024-11
1465,2024-11-20,8375.0,14625.0,2025-01-02,0.0,2,2024-11
1465,2024-11-20,8375.0,14625.0,2025-01-08,0.0,2,2024-11
1465,2024-11-20,8375.0,14625.0,2025-01-15,0.0,2,2024-11
1465,2024-11-20,8375.0,14625.0,2025-01-22,0.0,2,2024-11
1465,2024-11-20,8375.0,14625.0,2025-01-29,0.0,2,2024-11
1465,2024-11-20,8375.0,14625.0,2025-02-05,0.0,3,2024-11
1465,2024-11-20,8375.0,14625.0,2025-02-12,0.0,3,2024-11
1465,2024-11-20,8375.0,14625.0,2025-02-19,0.0,3,2024-11
1465,2024-11-20,8375.0,14625.0,2025-03-02,0.0,4,2024-11
1465,2024-11-20,8375.0,14625.0,2025-03-08,2943.0,4,2024-11
1465,2024-11-20,8375.0,14625.0,2025-03-12,0.0,4,2024-11
1465,2024-11-20,8375.0,14625.0,2025-03-24,0.0,4,2024-11
1465,2024-11-20,8375.0,14625.0,2025-03-28,0.0,4,2024-11
1465,2024-11-20,8375.0,14625.0,2025-04-07,0.0,5,2024-11
1465,2024-11-20,8375.0,14625.0,2025-04-09,0.0,5,2024-11
1465,2024-11-20,8375.0,14625.0,2025-04-16,0.0,5,2024-11
1465,2024-11-20,8375.0,14625.0,2025-04-23,0.0,5,2024-11
1465,2024-11-20,8375.0,14625.0,2025-04-30,0.0,5,2024-11
1465,2024-11-20,8375.0,14625.0,2025-05-07,0.0,6,2024-11
1465,2024-11-20,8375.0,14625.0,2025-05-14,0.0,6,2024-11
1465,2024-11-20,8375.0,14625.0,2025-05-21,0.0,6,2024-11
1465,2024-11-20,8375.0,14625.0,2025-05-28,0.0,6,2024-11
1465,2024-11-20,8375.0,14625.0,2025-06-05,0.0,7,2024-11
1465,2024-11-20,8375.0,14625.0,2025-10-28,2378.0,11,2024-11
1465,2024-11-20,8375.0,14625.0,2025-06-18,0.0,7,2024-11
1465,2024-11-20,8375.0,14625.0,2025-06-25,0.0,7,2024-11
1465,2024-11-20,8375.0,14625.0,2025-07-09,0.0,8,2024-11
1465,2024-11-20,8375.0,14625.0,2025-07-16,0.0,8,2024-11
1465,2024-11-20,8375.0,14625.0,2025-07-23,0.0,8,2024-11
1465,2024-11-20,8375.0,14625.0,2025-07-30,0.0,8,2024-11
1465,2024-11-20,8375.0,14625.0,2025-08-06,0.0,9,2024-11
1465,2024-11-20,8375.0,14625.0,2025-08-13,0.0,9,2024-11
1465,2024-11-20,8375.0,14625.0,2025-08-20,0.0,9,2024-11
1465,2024-11-20,8375.0,14625.0,2025-08-27,0.0,9,2024-11
1465,2024-11-20,8375.0,14625.0,2025-09-03,0.0,10,2024-11
1465,2024-11-20,8375.0,14625.0,2025-09-10,0.0,10,2024-11
1465,2024-11-20,8375.0,14625.0,2025-09-17,0.0,10,2024-11
1465,2024-11-20,8375.0,14625.0,2025-09-24,0.0,10,2024-11
1465,2024-11-20,8375.0,14625.0,2025-10-01,0.0,11,2024-11
1465,2024-11-20,8375.0,14625.0,2025-10-08,0.0,11,2024-11
1465,2024-11-20,8375.0,14625.0,2025-10-15,0.0,11,2024-11
1465,2024-11-20,8375.0,14625.0,2025-10-22,0.0,11,2024-11
1465,2024-11-20,8375.0,14625.0,2025-10-29,0.0,11,2024-11
1465,2024-11-20,8375.0,14625.0,2025-11-05,0.0,12,2024-11
1465,2024-11-20,8375.0,14625.0,2025-11-12,0.0,12,2024-11
1465,2024-11-20,8375.0,14625.0,2025-11-25,0.0,12,2024-11
1465,2024-11-20,8375.0,14625.0,2025-11-25,4450.0,12,2024-11
1467,2024-11-20,8375.0,12325.0,2024-11-27,489.0,0,2024-11
1467,2024-11-20,8375.0,12325.0,2024-12-04,489.0,1,2024-11
1467,2024-11-20,8375.0,12325.0,2024-12-11,489.0,1,2024-11
1467,2024-11-20,8375.0,12325.0,2024-12-18,489.0,1,2024-11
1467,2024-11-20,8375.0,12325.0,2024-12-26,0.0,1,2024-11
1467,2024-11-20,8375.0,12325.0,2025-01-02,0.0,2,2024-11
1467,2024-11-20,8375.0,12325.0,2025-01-08,0.0,2,2024-11
1467,2024-11-20,8375.0,12325.0,2025-01-15,0.0,2,2024-11
1467,2024-11-20,8375.0,12325.0,2025-01-22,0.0,2,2024-11
1467,2024-11-20,8375.0,12325.0,2025-01-29,0.0,2,2024-11
1467,2024-11-20,8375.0,12325.0,2025-02-05,0.0,3,2024-11
1467,2024-11-20,8375.0,12325.0,2025-02-12,0.0,3,2024-11
1467,2024-11-20,8375.0,12325.0,2025-02-19,0.0,3,2024-11
1467,2024-11-20,8375.0,12325.0,2025-03-02,0.0,4,2024-11
1467,2024-11-20,8375.0,12325.0,2025-03-05,0.0,4,2024-11
1467,2024-11-20,8375.0,12325.0,2025-03-08,5862.0,4,2024-11
1467,2024-11-20,8375.0,12325.0,2025-03-24,0.0,4,2024-11
1467,2024-11-20,8375.0,12325.0,2025-03-28,0.0,4,2024-11
1467,2024-11-20,8375.0,12325.0,2025-04-07,0.0,5,2024-11
1467,2024-11-20,8375.0,12325.0,2025-04-09,0.0,5,2024-11
1467,2024-11-20,8375.0,12325.0,2025-04-16,0.0,5,2024-11
1467,2024-11-20,8375.0,12325.0,2025-04-23,0.0,5,2024-11
1467,2024-11-20,8375.0,12325.0,2025-04-30,0.0,5,2024-11
1467,2024-11-20,8375.0,12325.0,2025-05-07,0.0,6,2024-11
1467,2024-11-20,8375.0,12325.0,2025-05-14,0.0,6,2024-11
1467,2024-11-20,8375.0,12325.0,2025-05-21,0.0,6,2024-11
1467,2024-11-20,8375.0,12325.0,2025-05-28,0.0,6,2024-11
1467,2024-11-20,8375.0,12325.0,2025-06-05,0.0,7,2024-11
1467,2024-11-20,8375.0,12325.0,2025-11-05,2500.0,12,2024-11
1467,2024-11-20,8375.0,12325.0,2025-11-30,1508.0,12,2024-11
1469,2024-11-20,14720.0,21352.0,2024-11-27,848.0,0,2024-11
1469,2024-11-20,14720.0,21352.0,2024-12-04,848.0,1,2024-11
1469,2024-11-20,14720.0,21352.0,2024-12-11,848.0,1,2024-11
1469,2024-11-20,14720.0,21352.0,2024-12-18,848.0,1,2024-11
1469,2024-11-20,14720.0,21352.0,2024-12-25,848.0,1,2024-11
1469,2024-11-20,14720.0,21352.0,2025-01-02,848.0,2,2024-11
1469,2024-11-20,14720.0,21352.0,2025-01-08,0.0,2,2024-11
1469,2024-11-20,14720.0,21352.0,2025-01-08,1696.0,2,2024-11
1469,2024-11-20,14720.0,21352.0,2025-01-14,848.0,2,2024-11
1469,2024-11-20,14720.0,21352.0,2025-01-22,848.0,2,2024-11
1469,2024-11-20,14720.0,21352.0,2025-01-28,848.0,2,2024-11
1469,2024-11-20,14720.0,21352.0,2025-02-04,848.0,3,2024-11
1469,2024-11-20,14720.0,21352.0,2025-02-12,848.0,3,2024-11
1469,2024-11-20,14720.0,21352.0,2025-02-19,848.0,3,2024-11
1469,2024-11-20,14720.0,21352.0,2025-02-26,848.0,3,2024-11
1469,2024-11-20,14720.0,21352.0,2025-03-05,848.0,4,2024-11
1469,2024-11-20,14720.0,21352.0,2025-03-11,848.0,4,2024-11
1469,2024-11-20,14720.0,21352.0,2025-03-28,0.0,4,2024-11
1469,2024-11-20,14720.0,21352.0,2025-04-06,0.0,5,2024-11
1469,2024-11-20,14720.0,21352.0,2025-04-09,1000.0,5,2024-11
1469,2024-11-20,14720.0,21352.0,2025-04-17,0.0,5,2024-11
1469,2024-11-20,14720.0,21352.0,2025-04-23,850.0,5,2024-11
1469,2024-11-20,14720.0,21352.0,2025-04-30,0.0,5,2024-11
1469,2024-11-20,14720.0,21352.0,2025-05-08,1000.0,6,2024-11
1469,2024-11-20,14720.0,21352.0,2025-05-14,845.0,6,2024-11
1469,2024-11-20,14720.0,21352.0,2025-05-22,850.0,6,2024-11
1469,2024-11-20,14720.0,21352.0,2025-05-27,500.0,6,2024-11
1469,2024-11-20,14720.0,21352.0,2025-06-05,691.0,7,2024-11
1469,2024-11-20,14720.0,21352.0,2025-07-12,0.0,8,2024-11
1469,2024-11-20,14720.0,21352.0,2025-07-16,1200.0,8,2024-11
1474,2024-11-21,17880.0,28956.0,2024-12-23,4200.0,1,2024-11
1474,2024-11-21,17880.0,28956.0,2025-01-23,4300.0,2,2024-11
1474,2024-11-21,17880.0,28956.0,2025-02-12,0.0,3,2024-11
1474,2024-11-21,17880.0,28956.0,2025-03-12,0.0,4,2024-11
1474,2024-11-21,17880.0,28956.0,2025-04-12,0.0,5,2024-11
1474,2024-11-21,17880.0,28956.0,2025-05-12,0.0,6,2024-11
1474,2024-11-21,17880.0,28956.0,2025-09-04,0.0,10,2024-11
1474,2024-11-21,17880.0,28956.0,2025-09-12,0.0,10,2024-11
1474,2024-11-21,17880.0,28956.0,2025-10-13,0.0,11,2024-11
1474,2024-11-21,17880.0,28956.0,2025-11-13,0.0,12,2024-11
1474,2024-11-21,17880.0,28956.0,2025-12-18,0.0,13,2024-11
1474,2024-11-21,17880.0,28956.0,2026-01-19,0.0,14,2024-11
1474,2024-11-21,17880.0,28956.0,2026-02-19,0.0,15,2024-11
1476,2024-11-21,11550.0,20736.0,2024-11-28,668.0,0,2024-11
1476,2024-11-21,11550.0,20736.0,2024-12-05,668.0,1,2024-11
1476,2024-11-21,11550.0,20736.0,2024-12-12,668.0,1,2024-11
1476,2024-11-21,11550.0,20736.0,2024-12-19,668.0,1,2024-11
1476,2024-11-21,11550.0,20736.0,2024-12-26,668.0,1,2024-11
1476,2024-11-21,11550.0,20736.0,2025-01-01,668.0,2,2024-11
1476,2024-11-21,11550.0,20736.0,2025-01-09,668.0,2,2024-11
1476,2024-11-21,11550.0,20736.0,2025-01-16,668.0,2,2024-11
1476,2024-11-21,11550.0,20736.0,2025-01-25,668.0,2,2024-11
1476,2024-11-21,11550.0,20736.0,2025-01-30,670.0,2,2024-11
1476,2024-11-21,11550.0,20736.0,2025-02-08,670.0,3,2024-11
1476,2024-11-21,11550.0,20736.0,2025-02-13,670.0,3,2024-11
1476,2024-11-21,11550.0,20736.0,2025-02-20,670.0,3,2024-11
1476,2024-11-21,11550.0,20736.0,2025-03-03,670.0,4,2024-11
1476,2024-11-21,11550.0,20736.0,2025-03-05,670.0,4,2024-11
1476,2024-11-21,11550.0,20736.0,2025-03-15,670.0,4,2024-11
1476,2024-11-21,11550.0,20736.0,2025-03-27,670.0,4,2024-11
1476,2024-11-21,11550.0,20736.0,2025-03-28,0.0,4,2024-11
1476,2024-11-21,11550.0,20736.0,2025-04-07,0.0,5,2024-11
1476,2024-11-21,11550.0,20736.0,2025-04-10,0.0,5,2024-11
1476,2024-11-21,11550.0,20736.0,2025-04-17,0.0,5,2024-11
1476,2024-11-21,11550.0,20736.0,2025-04-24,0.0,5,2024-11
1476,2024-11-21,11550.0,20736.0,2025-05-08,0.0,6,2024-11
1476,2024-11-21,11550.0,20736.0,2025-05-15,0.0,6,2024-11
1476,2024-11-21,11550.0,20736.0,2025-05-22,0.0,6,2024-11
1476,2024-11-21,11550.0,20736.0,2025-05-29,0.0,6,2024-11
1476,2024-11-21,11550.0,20736.0,2025-06-05,0.0,7,2024-11
1476,2024-11-21,11550.0,20736.0,2026-01-10,0.0,14,2024-11
1476,2024-11-21,11550.0,20736.0,2026-01-11,0.0,14,2024-11
1476,2024-11-21,11550.0,20736.0,2026-01-12,0.0,14,2024-11
1476,2024-11-21,11550.0,20736.0,2026-01-13,0.0,14,2024-11
1476,2024-11-21,11550.0,20736.0,2026-01-14,0.0,14,2024-11
1476,2024-11-21,11550.0,20736.0,2026-01-17,0.0,14,2024-11
1476,2024-11-21,11550.0,20736.0,2026-01-18,0.0,14,2024-11
1476,2024-11-21,11550.0,20736.0,2026-01-19,0.0,14,2024-11
1476,2024-11-21,11550.0,20736.0,2026-01-20,0.0,14,2024-11
1476,2024-11-21,11550.0,20736.0,2026-01-21,0.0,14,2024-11
1476,2024-11-21,11550.0,20736.0,2026-01-22,0.0,14,2024-11
1476,2024-11-21,11550.0,20736.0,2026-01-23,0.0,14,2024-11
1476,2024-11-21,11550.0,20736.0,2026-01-24,0.0,14,2024-11
1476,2024-11-21,11550.0,20736.0,2026-01-25,0.0,14,2024-11
1476,2024-11-21,11550.0,20736.0,2026-01-26,0.0,14,2024-11
1476,2024-11-21,11550.0,20736.0,2026-01-27,0.0,14,2024-11
1476,2024-11-21,11550.0,20736.0,2026-01-28,0.0,14,2024-11
1476,2024-11-21,11550.0,20736.0,2026-01-29,0.0,14,2024-11
1476,2024-11-21,11550.0,20736.0,2026-01-30,0.0,14,2024-11
1476,2024-11-21,11550.0,20736.0,2026-01-31,0.0,14,2024-11
1476,2024-11-21,11550.0,20736.0,2026-02-01,0.0,15,2024-11
1476,2024-11-21,11550.0,20736.0,2026-02-02,0.0,15,2024-11
1476,2024-11-21,11550.0,20736.0,2026-02-03,0.0,15,2024-11
1476,2024-11-21,11550.0,20736.0,2026-02-04,0.0,15,2024-11
1476,2024-11-21,11550.0,20736.0,2026-02-05,0.0,15,2024-11
1476,2024-11-21,11550.0,20736.0,2026-02-06,0.0,15,2024-11
1476,2024-11-21,11550.0,20736.0,2026-02-07,0.0,15,2024-11
1476,2024-11-21,11550.0,20736.0,2026-02-08,0.0,15,2024-11
1476,2024-11-21,11550.0,20736.0,2026-02-09,0.0,15,2024-11
1476,2024-11-21,11550.0,20736.0,2026-02-10,0.0,15,2024-11
1476,2024-11-21,11550.0,20736.0,2026-02-11,0.0,15,2024-11
1476,2024-11-21,11550.0,20736.0,2026-02-12,0.0,15,2024-11
1476,2024-11-21,11550.0,20736.0,2026-02-18,0.0,15,2024-11
1476,2024-11-21,11550.0,20736.0,2026-02-25,0.0,15,2024-11
1476,2024-11-21,11550.0,20736.0,2026-03-04,0.0,16,2024-11
1476,2024-11-21,11550.0,20736.0,2026-03-11,0.0,16,2024-11
1476,2024-11-21,11550.0,20736.0,2026-03-18,0.0,16,2024-11
1476,2024-11-21,11550.0,20736.0,2026-03-25,0.0,16,2024-11
1488,2024-11-23,7791.0,12348.0,2024-12-11,1858.0,1,2024-11
1488,2024-11-23,7791.0,12348.0,2025-01-12,1858.0,2,2024-11
1488,2024-11-23,7791.0,12348.0,2025-02-12,1858.0,3,2024-11
1488,2024-11-23,7791.0,12348.0,2025-03-12,1858.0,4,2024-11
1488,2024-11-23,7791.0,12348.0,2025-04-12,1858.0,5,2024-11
1488,2024-11-23,7791.0,12348.0,2025-05-12,0.0,6,2024-11
1488,2024-11-23,7791.0,12348.0,2025-07-14,0.0,8,2024-11
1488,2024-11-23,7791.0,12348.0,2025-08-15,2357.0,9,2024-11
1488,2024-11-23,7791.0,12348.0,2025-09-12,0.0,10,2024-11
1495,2024-11-23,9380.0,18590.0,2024-12-12,0.0,1,2024-11
1495,2024-11-23,9380.0,18590.0,2025-01-12,0.0,2,2024-11
1495,2024-11-23,9380.0,18590.0,2025-03-07,6545.0,4,2024-11
1495,2024-11-23,9380.0,18590.0,2025-03-12,0.0,4,2024-11
1495,2024-11-23,9380.0,18590.0,2025-04-12,0.0,5,2024-11
1495,2024-11-23,9380.0,18590.0,2025-05-12,0.0,6,2024-11
1495,2024-11-23,9380.0,18590.0,2025-12-18,0.0,13,2024-11
1495,2024-11-23,9380.0,18590.0,2026-01-19,0.0,14,2024-11
1495,2024-11-23,9380.0,18590.0,2026-02-19,0.0,15,2024-11
1514,2024-11-26,15360.0,22216.0,2024-12-03,884.0,1,2024-11
1514,2024-11-26,15360.0,22216.0,2024-12-10,900.0,1,2024-11
1514,2024-11-26,15360.0,22216.0,2024-12-17,900.0,1,2024-11
1514,2024-11-26,15360.0,22216.0,2024-12-24,900.0,1,2024-11
1514,2024-11-26,15360.0,22216.0,2024-12-31,900.0,1,2024-11
1514,2024-11-26,15360.0,22216.0,2025-01-07,820.0,2,2024-11
1514,2024-11-26,15360.0,22216.0,2025-01-14,900.0,2,2024-11
1514,2024-11-26,15360.0,22216.0,2025-01-21,900.0,2,2024-11
1514,2024-11-26,15360.0,22216.0,2025-01-29,900.0,2,2024-11
1514,2024-11-26,15360.0,22216.0,2025-02-04,900.0,3,2024-11
1514,2024-11-26,15360.0,22216.0,2025-02-11,820.0,3,2024-11
1514,2024-11-26,15360.0,22216.0,2025-02-18,900.0,3,2024-11
1514,2024-11-26,15360.0,22216.0,2025-02-25,868.0,3,2024-11
1514,2024-11-26,15360.0,22216.0,2025-03-04,900.0,4,2024-11
1514,2024-11-26,15360.0,22216.0,2025-03-12,900.0,4,2024-11
1514,2024-11-26,15360.0,22216.0,2025-03-18,900.0,4,2024-11
1514,2024-11-26,15360.0,22216.0,2025-03-27,900.0,4,2024-11
1514,2024-11-26,15360.0,22216.0,2025-04-05,900.0,5,2024-11
1514,2024-11-26,15360.0,22216.0,2025-04-08,850.0,5,2024-11
1514,2024-11-26,15360.0,22216.0,2025-04-17,840.0,5,2024-11
1514,2024-11-26,15360.0,22216.0,2025-04-22,900.0,5,2024-11
1514,2024-11-26,15360.0,22216.0,2025-04-30,0.0,5,2024-11
1514,2024-11-26,15360.0,22216.0,2025-05-06,0.0,6,2024-11
1514,2024-11-26,15360.0,22216.0,2025-05-13,0.0,6,2024-11
1514,2024-11-26,15360.0,22216.0,2025-05-20,0.0,6,2024-11
1514,2024-11-26,15360.0,22216.0,2025-05-27,0.0,6,2024-11
1514,2024-11-26,15360.0,22216.0,2025-06-03,0.0,7,2024-11
1514,2024-11-26,15360.0,22216.0,2025-07-08,0.0,8,2024-11
1514,2024-11-26,15360.0,22216.0,2025-07-15,0.0,8,2024-11
1514,2024-11-26,15360.0,22216.0,2025-07-17,3634.0,8,2024-11
1524,2024-11-27,15180.0,25576.0,2024-12-04,874.0,1,2024-11
1524,2024-11-27,15180.0,25576.0,2024-12-11,874.0,1,2024-11
1524,2024-11-27,15180.0,25576.0,2024-12-18,874.0,1,2024-11
1524,2024-11-27,15180.0,25576.0,2024-12-25,874.0,1,2024-11
1524,2024-11-27,15180.0,25576.0,2025-01-01,874.0,2,2024-11
1524,2024-11-27,15180.0,25576.0,2025-01-08,874.0,2,2024-11
1524,2024-11-27,15180.0,25576.0,2025-01-15,874.0,2,2024-11
1524,2024-11-27,15180.0,25576.0,2025-01-23,874.0,2,2024-11
1524,2024-11-27,15180.0,25576.0,2025-01-29,874.0,2,2024-11
1524,2024-11-27,15180.0,25576.0,2025-02-05,874.0,3,2024-11
1524,2024-11-27,15180.0,25576.0,2025-02-12,874.0,3,2024-11
1524,2024-11-27,15180.0,25576.0,2025-02-19,874.0,3,2024-11
1524,2024-11-27,15180.0,25576.0,2025-03-02,874.0,4,2024-11
1524,2024-11-27,15180.0,25576.0,2025-03-05,874.0,4,2024-11
1524,2024-11-27,15180.0,25576.0,2025-03-12,874.0,4,2024-11
1524,2024-11-27,15180.0,25576.0,2025-03-24,270.0,4,2024-11
1524,2024-11-27,15180.0,25576.0,2025-03-28,0.0,4,2024-11
1524,2024-11-27,15180.0,25576.0,2025-04-05,0.0,5,2024-11
1524,2024-11-27,15180.0,25576.0,2025-04-09,300.0,5,2024-11
1524,2024-11-27,15180.0,25576.0,2025-04-16,0.0,5,2024-11
1524,2024-11-27,15180.0,25576.0,2025-04-23,1000.0,5,2024-11
1524,2024-11-27,15180.0,25576.0,2025-04-30,1000.0,5,2024-11
1524,2024-11-27,15180.0,25576.0,2025-05-07,500.0,6,2024-11
1524,2024-11-27,15180.0,25576.0,2025-05-14,500.0,6,2024-11
1524,2024-11-27,15180.0,25576.0,2025-05-21,500.0,6,2024-11
1524,2024-11-27,15180.0,25576.0,2025-05-28,500.0,6,2024-11
1524,2024-11-27,15180.0,25576.0,2025-06-04,500.0,7,2024-11
1524,2024-11-27,15180.0,25576.0,2025-06-11,500.0,7,2024-11
1524,2024-11-27,15180.0,25576.0,2025-06-18,500.0,7,2024-11
1524,2024-11-27,15180.0,25576.0,2026-01-10,0.0,14,2024-11
1524,2024-11-27,15180.0,25576.0,2026-01-11,0.0,14,2024-11
1524,2024-11-27,15180.0,25576.0,2026-01-12,0.0,14,2024-11
1524,2024-11-27,15180.0,25576.0,2026-01-13,0.0,14,2024-11
1524,2024-11-27,15180.0,25576.0,2026-01-14,0.0,14,2024-11
1524,2024-11-27,15180.0,25576.0,2026-01-17,0.0,14,2024-11
1524,2024-11-27,15180.0,25576.0,2026-01-18,0.0,14,2024-11
1524,2024-11-27,15180.0,25576.0,2026-01-19,0.0,14,2024-11
1524,2024-11-27,15180.0,25576.0,2026-01-20,0.0,14,2024-11
1524,2024-11-27,15180.0,25576.0,2026-01-21,0.0,14,2024-11
1524,2024-11-27,15180.0,25576.0,2026-01-22,0.0,14,2024-11
1524,2024-11-27,15180.0,25576.0,2026-01-23,0.0,14,2024-11
1524,2024-11-27,15180.0,25576.0,2026-01-24,0.0,14,2024-11
1524,2024-11-27,15180.0,25576.0,2026-01-25,0.0,14,2024-11
1524,2024-11-27,15180.0,25576.0,2026-01-26,0.0,14,2024-11
1524,2024-11-27,15180.0,25576.0,2026-01-27,0.0,14,2024-11
1524,2024-11-27,15180.0,25576.0,2026-01-28,0.0,14,2024-11
1524,2024-11-27,15180.0,25576.0,2026-01-29,0.0,14,2024-11
1524,2024-11-27,15180.0,25576.0,2026-01-30,0.0,14,2024-11
1524,2024-11-27,15180.0,25576.0,2026-01-31,0.0,14,2024-11
1524,2024-11-27,15180.0,25576.0,2026-02-01,0.0,15,2024-11
1524,2024-11-27,15180.0,25576.0,2026-02-02,0.0,15,2024-11
1524,2024-11-27,15180.0,25576.0,2026-02-03,0.0,15,2024-11
1524,2024-11-27,15180.0,25576.0,2026-02-04,0.0,15,2024-11
1524,2024-11-27,15180.0,25576.0,2026-02-05,0.0,15,2024-11
1524,2024-11-27,15180.0,25576.0,2026-02-06,0.0,15,2024-11
1524,2024-11-27,15180.0,25576.0,2026-02-07,0.0,15,2024-11
1524,2024-11-27,15180.0,25576.0,2026-02-08,0.0,15,2024-11
1524,2024-11-27,15180.0,25576.0,2026-02-09,0.0,15,2024-11
1524,2024-11-27,15180.0,25576.0,2026-02-10,0.0,15,2024-11
1524,2024-11-27,15180.0,25576.0,2026-02-11,0.0,15,2024-11
1524,2024-11-27,15180.0,25576.0,2026-02-17,0.0,15,2024-11
1524,2024-11-27,15180.0,25576.0,2026-02-24,0.0,15,2024-11
1524,2024-11-27,15180.0,25576.0,2026-03-03,0.0,16,2024-11
1524,2024-11-27,15180.0,25576.0,2026-03-10,0.0,16,2024-11
1524,2024-11-27,15180.0,25576.0,2026-03-17,0.0,16,2024-11
1524,2024-11-27,15180.0,25576.0,2026-03-24,0.0,16,2024-11
1526,2024-11-27,11390.0,20310.0,2024-12-04,659.0,1,2024-11
1526,2024-11-27,11390.0,20310.0,2024-12-11,659.0,1,2024-11
1526,2024-11-27,11390.0,20310.0,2024-12-18,659.0,1,2024-11
1526,2024-11-27,11390.0,20310.0,2024-12-25,659.0,1,2024-11
1526,2024-11-27,11390.0,20310.0,2025-01-02,658.0,2,2024-11
1526,2024-11-27,11390.0,20310.0,2025-01-08,658.0,2,2024-11
1526,2024-11-27,11390.0,20310.0,2025-01-16,660.0,2,2024-11
1526,2024-11-27,11390.0,20310.0,2025-01-22,660.0,2,2024-11
1526,2024-11-27,11390.0,20310.0,2025-01-29,660.0,2,2024-11
1526,2024-11-27,11390.0,20310.0,2025-02-06,660.0,3,2024-11
1526,2024-11-27,11390.0,20310.0,2025-02-12,655.0,3,2024-11
1526,2024-11-27,11390.0,20310.0,2025-02-19,658.0,3,2024-11
1526,2024-11-27,11390.0,20310.0,2025-03-01,660.0,4,2024-11
1526,2024-11-27,11390.0,20310.0,2025-03-05,660.0,4,2024-11
1526,2024-11-27,11390.0,20310.0,2025-03-12,658.0,4,2024-11
1526,2024-11-27,11390.0,20310.0,2025-03-19,659.0,4,2024-11
1526,2024-11-27,11390.0,20310.0,2025-03-28,0.0,4,2024-11
1526,2024-11-27,11390.0,20310.0,2025-04-06,0.0,5,2024-11
1526,2024-11-27,11390.0,20310.0,2025-04-09,0.0,5,2024-11
1526,2024-11-27,11390.0,20310.0,2025-04-17,658.0,5,2024-11
1526,2024-11-27,11390.0,20310.0,2025-04-24,1316.0,5,2024-11
1526,2024-11-27,11390.0,20310.0,2025-04-30,659.0,5,2024-11
1526,2024-11-27,11390.0,20310.0,2025-05-07,0.0,6,2024-11
1526,2024-11-27,11390.0,20310.0,2025-05-14,0.0,6,2024-11
1526,2024-11-27,11390.0,20310.0,2025-05-21,0.0,6,2024-11
1526,2024-11-27,11390.0,20310.0,2025-05-28,0.0,6,2024-11
1526,2024-11-27,11390.0,20310.0,2025-06-05,0.0,7,2024-11
1526,2024-11-27,11390.0,20310.0,2025-07-09,0.0,8,2024-11
1526,2024-11-27,11390.0,20310.0,2025-07-16,0.0,8,2024-11
1526,2024-11-27,11390.0,20310.0,2025-07-23,0.0,8,2024-11
1526,2024-11-27,11390.0,20310.0,2025-07-30,0.0,8,2024-11
1526,2024-11-27,11390.0,20310.0,2025-08-06,0.0,9,2024-11
1526,2024-11-27,11390.0,20310.0,2025-08-13,0.0,9,2024-11
1526,2024-11-27,11390.0,20310.0,2025-08-20,0.0,9,2024-11
1526,2024-11-27,11390.0,20310.0,2025-08-27,0.0,9,2024-11
1526,2024-11-27,11390.0,20310.0,2025-09-03,0.0,10,2024-11
1526,2024-11-27,11390.0,20310.0,2025-09-10,0.0,10,2024-11
1526,2024-11-27,11390.0,20310.0,2025-09-17,1010.0,10,2024-11
1526,2024-11-27,11390.0,20310.0,2025-09-25,0.0,10,2024-11
1526,2024-11-27,11390.0,20310.0,2025-10-02,0.0,11,2024-11
1526,2024-11-27,11390.0,20310.0,2025-10-09,0.0,11,2024-11
1526,2024-11-27,11390.0,20310.0,2025-10-16,0.0,11,2024-11
1526,2024-11-27,11390.0,20310.0,2025-10-23,0.0,11,2024-11
1526,2024-11-27,11390.0,20310.0,2025-10-30,0.0,11,2024-11
1526,2024-11-27,11390.0,20310.0,2025-11-13,0.0,12,2024-11
1526,2024-11-27,11390.0,20310.0,2026-01-10,0.0,14,2024-11
1526,2024-11-27,11390.0,20310.0,2026-01-11,0.0,14,2024-11
1526,2024-11-27,11390.0,20310.0,2026-01-12,0.0,14,2024-11
1526,2024-11-27,11390.0,20310.0,2026-01-13,0.0,14,2024-11
1526,2024-11-27,11390.0,20310.0,2026-01-14,0.0,14,2024-11
1526,2024-11-27,11390.0,20310.0,2026-01-17,0.0,14,2024-11
1526,2024-11-27,11390.0,20310.0,2026-01-18,0.0,14,2024-11
1526,2024-11-27,11390.0,20310.0,2026-01-20,0.0,14,2024-11
1526,2024-11-27,11390.0,20310.0,2026-01-27,0.0,14,2024-11
1526,2024-11-27,11390.0,20310.0,2026-02-03,0.0,15,2024-11
1526,2024-11-27,11390.0,20310.0,2026-02-10,0.0,15,2024-11
1526,2024-11-27,11390.0,20310.0,2026-02-17,0.0,15,2024-11
1526,2024-11-27,11390.0,20310.0,2026-02-24,0.0,15,2024-11
1526,2024-11-27,11390.0,20310.0,2026-03-03,0.0,16,2024-11
1526,2024-11-27,11390.0,20310.0,2026-03-10,0.0,16,2024-11
1526,2024-11-27,11390.0,20310.0,2026-03-17,0.0,16,2024-11
1526,2024-11-27,11390.0,20310.0,2026-03-24,0.0,16,2024-11
1538,2024-11-28,17991.0,31408.0,2024-12-05,1120.0,1,2024-11
1538,2024-11-28,17991.0,31408.0,2024-12-12,1114.0,1,2024-11
1538,2024-11-28,17991.0,31408.0,2024-12-19,1117.0,1,2024-11
1538,2024-11-28,17991.0,31408.0,2024-12-26,1117.0,1,2024-11
1538,2024-11-28,17991.0,31408.0,2025-01-02,1117.0,2,2024-11
1538,2024-11-28,17991.0,31408.0,2025-01-09,1117.0,2,2024-11
1538,2024-11-28,17991.0,31408.0,2025-01-16,1117.0,2,2024-11
1538,2024-11-28,17991.0,31408.0,2025-01-23,1117.0,2,2024-11
1538,2024-11-28,17991.0,31408.0,2025-01-30,1120.0,2,2024-11
1538,2024-11-28,17991.0,31408.0,2025-02-06,1114.0,3,2024-11
1538,2024-11-28,17991.0,31408.0,2025-02-13,1117.0,3,2024-11
1538,2024-11-28,17991.0,31408.0,2025-02-20,0.0,3,2024-11
1538,2024-11-28,17991.0,31408.0,2025-03-02,0.0,4,2024-11
1538,2024-11-28,17991.0,31408.0,2025-03-11,1550.0,4,2024-11
1538,2024-11-28,17991.0,31408.0,2025-03-13,0.0,4,2024-11
1538,2024-11-28,17991.0,31408.0,2025-03-24,0.0,4,2024-11
1538,2024-11-28,17991.0,31408.0,2025-03-27,0.0,4,2024-11
1538,2024-11-28,17991.0,31408.0,2025-04-07,0.0,5,2024-11
1538,2024-11-28,17991.0,31408.0,2025-04-10,0.0,5,2024-11
1538,2024-11-28,17991.0,31408.0,2025-04-17,0.0,5,2024-11
1538,2024-11-28,17991.0,31408.0,2025-04-24,1395.0,5,2024-11
1538,2024-11-28,17991.0,31408.0,2025-05-05,0.0,6,2024-11
1538,2024-11-28,17991.0,31408.0,2025-05-08,0.0,6,2024-11
1538,2024-11-28,17991.0,31408.0,2025-05-15,0.0,6,2024-11
1538,2024-11-28,17991.0,31408.0,2025-05-22,0.0,6,2024-11
1538,2024-11-28,17991.0,31408.0,2025-05-29,715.0,6,2024-11
1538,2024-11-28,17991.0,31408.0,2025-06-05,0.0,7,2024-11
1538,2024-11-28,17991.0,31408.0,2025-07-10,0.0,8,2024-11
1538,2024-11-28,17991.0,31408.0,2025-07-17,0.0,8,2024-11
1538,2024-11-28,17991.0,31408.0,2025-07-24,0.0,8,2024-11
1538,2024-11-28,17991.0,31408.0,2025-08-06,4000.0,9,2024-11
1538,2024-11-28,17991.0,31408.0,2025-08-07,0.0,9,2024-11
1538,2024-11-28,17991.0,31408.0,2026-01-10,0.0,14,2024-11
1538,2024-11-28,17991.0,31408.0,2026-01-11,0.0,14,2024-11
1538,2024-11-28,17991.0,31408.0,2026-01-12,0.0,14,2024-11
1538,2024-11-28,17991.0,31408.0,2026-01-13,0.0,14,2024-11
1538,2024-11-28,17991.0,31408.0,2026-01-14,0.0,14,2024-11
1538,2024-11-28,17991.0,31408.0,2026-01-17,0.0,14,2024-11
1538,2024-11-28,17991.0,31408.0,2026-01-18,0.0,14,2024-11
1538,2024-11-28,17991.0,31408.0,2026-01-19,0.0,14,2024-11
1538,2024-11-28,17991.0,31408.0,2026-01-20,0.0,14,2024-11
1538,2024-11-28,17991.0,31408.0,2026-01-21,0.0,14,2024-11
1538,2024-11-28,17991.0,31408.0,2026-01-22,0.0,14,2024-11
1538,2024-11-28,17991.0,31408.0,2026-01-23,0.0,14,2024-11
1538,2024-11-28,17991.0,31408.0,2026-01-24,0.0,14,2024-11
1538,2024-11-28,17991.0,31408.0,2026-01-25,0.0,14,2024-11
1538,2024-11-28,17991.0,31408.0,2026-01-26,0.0,14,2024-11
1538,2024-11-28,17991.0,31408.0,2026-01-27,0.0,14,2024-11
1538,2024-11-28,17991.0,31408.0,2026-01-28,0.0,14,2024-11
1538,2024-11-28,17991.0,31408.0,2026-01-29,0.0,14,2024-11
1538,2024-11-28,17991.0,31408.0,2026-01-30,0.0,14,2024-11
1538,2024-11-28,17991.0,31408.0,2026-01-31,0.0,14,2024-11
1538,2024-11-28,17991.0,31408.0,2026-02-01,0.0,15,2024-11
1538,2024-11-28,17991.0,31408.0,2026-02-04,0.0,15,2024-11
1538,2024-11-28,17991.0,31408.0,2026-02-11,0.0,15,2024-11
1538,2024-11-28,17991.0,31408.0,2026-02-18,0.0,15,2024-11
1538,2024-11-28,17991.0,31408.0,2026-02-25,0.0,15,2024-11
1538,2024-11-28,17991.0,31408.0,2026-03-04,0.0,16,2024-11
1538,2024-11-28,17991.0,31408.0,2026-03-11,0.0,16,2024-11
1538,2024-11-28,17991.0,31408.0,2026-03-18,0.0,16,2024-11
1538,2024-11-28,17991.0,31408.0,2026-03-25,0.0,16,2024-11
1542,2024-11-30,9380.0,17590.0,2024-12-08,545.0,1,2024-11
1542,2024-11-30,9380.0,17590.0,2024-12-15,545.0,1,2024-11
1542,2024-11-30,9380.0,17590.0,2024-12-21,545.0,1,2024-11
1542,2024-11-30,9380.0,17590.0,2024-12-28,550.0,1,2024-11
1542,2024-11-30,9380.0,17590.0,2025-01-04,550.0,2,2024-11
1542,2024-11-30,9380.0,17590.0,2025-01-11,0.0,2,2024-11
1542,2024-11-30,9380.0,17590.0,2025-01-22,1100.0,2,2024-11
1542,2024-11-30,9380.0,17590.0,2025-01-25,0.0,2,2024-11
1542,2024-11-30,9380.0,17590.0,2025-02-01,0.0,3,2024-11
1542,2024-11-30,9380.0,17590.0,2025-02-08,0.0,3,2024-11
1542,2024-11-30,9380.0,17590.0,2025-02-16,0.0,3,2024-11
1542,2024-11-30,9380.0,17590.0,2025-02-22,0.0,3,2024-11
1542,2024-11-30,9380.0,17590.0,2025-03-01,0.0,4,2024-11
1542,2024-11-30,9380.0,17590.0,2025-03-08,0.0,4,2024-11
1542,2024-11-30,9380.0,17590.0,2025-03-15,0.0,4,2024-11
1542,2024-11-30,9380.0,17590.0,2025-03-25,0.0,4,2024-11
1542,2024-11-30,9380.0,17590.0,2025-04-07,646.0,5,2024-11
1542,2024-11-30,9380.0,17590.0,2025-04-12,0.0,5,2024-11
1542,2024-11-30,9380.0,17590.0,2025-04-19,0.0,5,2024-11
1542,2024-11-30,9380.0,17590.0,2025-04-26,0.0,5,2024-11
1542,2024-11-30,9380.0,17590.0,2025-05-03,0.0,6,2024-11
1542,2024-11-30,9380.0,17590.0,2025-05-10,0.0,6,2024-11
1542,2024-11-30,9380.0,17590.0,2025-05-17,0.0,6,2024-11
1542,2024-11-30,9380.0,17590.0,2025-05-24,0.0,6,2024-11
1542,2024-11-30,9380.0,17590.0,2025-06-05,4000.0,7,2024-11
1542,2024-11-30,9380.0,17590.0,2026-01-10,0.0,14,2024-11
1542,2024-11-30,9380.0,17590.0,2026-01-11,0.0,14,2024-11
1542,2024-11-30,9380.0,17590.0,2026-01-12,0.0,14,2024-11
1542,2024-11-30,9380.0,17590.0,2026-01-13,0.0,14,2024-11
1542,2024-11-30,9380.0,17590.0,2026-01-14,0.0,14,2024-11
1542,2024-11-30,9380.0,17590.0,2026-01-17,0.0,14,2024-11
1542,2024-11-30,9380.0,17590.0,2026-01-18,0.0,14,2024-11
1542,2024-11-30,9380.0,17590.0,2026-01-19,0.0,14,2024-11
1542,2024-11-30,9380.0,17590.0,2026-01-20,0.0,14,2024-11
1542,2024-11-30,9380.0,17590.0,2026-01-21,0.0,14,2024-11
1542,2024-11-30,9380.0,17590.0,2026-01-22,0.0,14,2024-11
1542,2024-11-30,9380.0,17590.0,2026-01-23,0.0,14,2024-11
1542,2024-11-30,9380.0,17590.0,2026-01-24,0.0,14,2024-11
1542,2024-11-30,9380.0,17590.0,2026-01-25,0.0,14,2024-11
1542,2024-11-30,9380.0,17590.0,2026-01-26,0.0,14,2024-11
1542,2024-11-30,9380.0,17590.0,2026-01-27,0.0,14,2024-11
1542,2024-11-30,9380.0,17590.0,2026-01-28,0.0,14,2024-11
1542,2024-11-30,9380.0,17590.0,2026-01-29,0.0,14,2024-11
1542,2024-11-30,9380.0,17590.0,2026-01-30,0.0,14,2024-11
1542,2024-11-30,9380.0,17590.0,2026-01-31,0.0,14,2024-11
1542,2024-11-30,9380.0,17590.0,2026-02-01,0.0,15,2024-11
1542,2024-11-30,9380.0,17590.0,2026-02-02,0.0,15,2024-11
1542,2024-11-30,9380.0,17590.0,2026-02-03,0.0,15,2024-11
1542,2024-11-30,9380.0,17590.0,2026-02-04,0.0,15,2024-11
1542,2024-11-30,9380.0,17590.0,2026-02-05,0.0,15,2024-11
1542,2024-11-30,9380.0,17590.0,2026-02-06,0.0,15,2024-11
1542,2024-11-30,9380.0,17590.0,2026-02-07,0.0,15,2024-11
1542,2024-11-30,9380.0,17590.0,2026-02-08,0.0,15,2024-11
1542,2024-11-30,9380.0,17590.0,2026-02-09,0.0,15,2024-11
1542,2024-11-30,9380.0,17590.0,2026-02-10,0.0,15,2024-11
1542,2024-11-30,9380.0,17590.0,2026-02-11,0.0,15,2024-11
1542,2024-11-30,9380.0,17590.0,2026-02-12,0.0,15,2024-11
1542,2024-11-30,9380.0,17590.0,2026-02-20,0.0,15,2024-11
1542,2024-11-30,9380.0,17590.0,2026-02-27,0.0,15,2024-11
1542,2024-11-30,9380.0,17590.0,2026-03-06,0.0,16,2024-11
1542,2024-11-30,9380.0,17590.0,2026-03-13,0.0,16,2024-11
1542,2024-11-30,9380.0,17590.0,2026-03-20,0.0,16,2024-11
1542,2024-11-30,9380.0,17590.0,2026-03-27,0.0,16,2024-11
1546,2024-11-30,9091.0,13308.0,2024-12-07,542.0,1,2024-11
1546,2024-11-30,9091.0,13308.0,2024-12-14,542.0,1,2024-11
1546,2024-11-30,9091.0,13308.0,2024-12-21,542.0,1,2024-11
1546,2024-11-30,9091.0,13308.0,2024-12-28,542.0,1,2024-11
1546,2024-11-30,9091.0,13308.0,2025-01-04,542.0,2,2024-11
1546,2024-11-30,9091.0,13308.0,2025-01-11,542.0,2,2024-11
1546,2024-11-30,9091.0,13308.0,2025-01-18,542.0,2,2024-11
1546,2024-11-30,9091.0,13308.0,2025-01-25,542.0,2,2024-11
1546,2024-11-30,9091.0,13308.0,2025-02-01,542.0,3,2024-11
1546,2024-11-30,9091.0,13308.0,2025-02-08,542.0,3,2024-11
1546,2024-11-30,9091.0,13308.0,2025-02-16,542.0,3,2024-11
1546,2024-11-30,9091.0,13308.0,2025-02-22,542.0,3,2024-11
1546,2024-11-30,9091.0,13308.0,2025-03-01,542.0,4,2024-11
1546,2024-11-30,9091.0,13308.0,2025-03-08,542.0,4,2024-11
1546,2024-11-30,9091.0,13308.0,2025-03-15,542.0,4,2024-11
1546,2024-11-30,9091.0,13308.0,2025-03-23,542.0,4,2024-11
1546,2024-11-30,9091.0,13308.0,2025-04-06,0.0,5,2024-11
1546,2024-11-30,9091.0,13308.0,2025-04-12,0.0,5,2024-11
1546,2024-11-30,9091.0,13308.0,2025-04-12,1626.0,5,2024-11
1546,2024-11-30,9091.0,13308.0,2025-04-19,0.0,5,2024-11
1546,2024-11-30,9091.0,13308.0,2025-04-26,0.0,5,2024-11
1546,2024-11-30,9091.0,13308.0,2025-05-03,542.0,6,2024-11
1546,2024-11-30,9091.0,13308.0,2025-05-12,542.0,6,2024-11
1546,2024-11-30,9091.0,13308.0,2025-05-17,0.0,6,2024-11
1546,2024-11-30,9091.0,13308.0,2025-05-24,0.0,6,2024-11
1546,2024-11-30,9091.0,13308.0,2025-05-31,542.0,6,2024-11
1546,2024-11-30,9091.0,13308.0,2025-11-27,1084.0,12,2024-11
1555,2024-12-01,17991.0,31808.0,2025-01-01,4468.0,1,2024-12
1555,2024-12-01,17991.0,31808.0,2025-02-01,4468.0,2,2024-12
1555,2024-12-01,17991.0,31808.0,2025-03-05,4468.0,3,2024-12
1555,2024-12-01,17991.0,31808.0,2025-04-03,4468.0,4,2024-12
1555,2024-12-01,17991.0,31808.0,2025-06-01,0.0,6,2024-12
1555,2024-12-01,17991.0,31808.0,2025-07-01,0.0,7,2024-12
1555,2024-12-01,17991.0,31808.0,2025-08-01,0.0,8,2024-12
1555,2024-12-01,17991.0,31808.0,2026-01-10,0.0,13,2024-12
1555,2024-12-01,17991.0,31808.0,2026-01-11,0.0,13,2024-12
1555,2024-12-01,17991.0,31808.0,2026-01-12,0.0,13,2024-12
1555,2024-12-01,17991.0,31808.0,2026-01-31,0.0,13,2024-12
1555,2024-12-01,17991.0,31808.0,2026-02-28,0.0,14,2024-12
1555,2024-12-01,17991.0,31808.0,2026-03-27,0.0,15,2024-12
1577,2024-12-03,13791.0,23619.0,2024-12-10,860.0,0,2024-12
1577,2024-12-03,13791.0,23619.0,2024-12-17,860.0,0,2024-12
1577,2024-12-03,13791.0,23619.0,2024-12-24,860.0,0,2024-12
1577,2024-12-03,13791.0,23619.0,2025-01-02,860.0,1,2024-12
1577,2024-12-03,13791.0,23619.0,2025-01-07,800.0,1,2024-12
1577,2024-12-03,13791.0,23619.0,2025-01-15,860.0,1,2024-12
1577,2024-12-03,13791.0,23619.0,2025-01-21,0.0,1,2024-12
1577,2024-12-03,13791.0,23619.0,2025-01-28,0.0,1,2024-12
1577,2024-12-03,13791.0,23619.0,2025-02-04,0.0,2,2024-12
1577,2024-12-03,13791.0,23619.0,2025-02-11,0.0,2,2024-12
1577,2024-12-03,13791.0,23619.0,2025-02-18,0.0,2,2024-12
1577,2024-12-03,13791.0,23619.0,2025-02-25,0.0,2,2024-12
1577,2024-12-03,13791.0,23619.0,2025-03-04,0.0,3,2024-12
1577,2024-12-03,13791.0,23619.0,2025-03-11,0.0,3,2024-12
1577,2024-12-03,13791.0,23619.0,2025-03-18,0.0,3,2024-12
1577,2024-12-03,13791.0,23619.0,2025-03-25,0.0,3,2024-12
1577,2024-12-03,13791.0,23619.0,2025-04-07,0.0,4,2024-12
1577,2024-12-03,13791.0,23619.0,2025-04-08,0.0,4,2024-12
1577,2024-12-03,13791.0,23619.0,2025-04-20,1718.0,4,2024-12
1577,2024-12-03,13791.0,23619.0,2025-04-23,900.0,4,2024-12
1577,2024-12-03,13791.0,23619.0,2025-04-29,0.0,4,2024-12
1577,2024-12-03,13791.0,23619.0,2025-05-06,900.0,5,2024-12
1577,2024-12-03,13791.0,23619.0,2025-05-17,860.0,5,2024-12
1577,2024-12-03,13791.0,23619.0,2025-05-20,860.0,5,2024-12
1577,2024-12-03,13791.0,23619.0,2025-05-27,0.0,5,2024-12
1577,2024-12-03,13791.0,23619.0,2025-06-03,0.0,6,2024-12
1577,2024-12-03,13791.0,23619.0,2025-06-13,900.0,6,2024-12
1577,2024-12-03,13791.0,23619.0,2025-06-17,800.0,6,2024-12
1577,2024-12-03,13791.0,23619.0,2025-06-24,0.0,6,2024-12
1577,2024-12-03,13791.0,23619.0,2025-07-01,0.0,7,2024-12
1577,2024-12-03,13791.0,23619.0,2025-07-08,0.0,7,2024-12
1577,2024-12-03,13791.0,23619.0,2025-07-15,0.0,7,2024-12
1577,2024-12-03,13791.0,23619.0,2025-07-22,0.0,7,2024-12
1577,2024-12-03,13791.0,23619.0,2025-07-29,0.0,7,2024-12
1577,2024-12-03,13791.0,23619.0,2025-08-05,0.0,8,2024-12
1577,2024-12-03,13791.0,23619.0,2025-08-12,0.0,8,2024-12
1577,2024-12-03,13791.0,23619.0,2025-08-19,0.0,8,2024-12
1577,2024-12-03,13791.0,23619.0,2025-08-26,0.0,8,2024-12
1577,2024-12-03,13791.0,23619.0,2025-09-02,0.0,9,2024-12
1577,2024-12-03,13791.0,23619.0,2025-09-09,0.0,9,2024-12
1577,2024-12-03,13791.0,23619.0,2025-09-16,0.0,9,2024-12
1577,2024-12-03,13791.0,23619.0,2025-09-23,0.0,9,2024-12
1577,2024-12-03,13791.0,23619.0,2025-09-30,0.0,9,2024-12
1577,2024-12-03,13791.0,23619.0,2025-10-07,0.0,10,2024-12
1577,2024-12-03,13791.0,23619.0,2025-10-14,0.0,10,2024-12
1577,2024-12-03,13791.0,23619.0,2025-10-21,0.0,10,2024-12
1577,2024-12-03,13791.0,23619.0,2025-10-28,0.0,10,2024-12
1577,2024-12-03,13791.0,23619.0,2025-11-04,0.0,11,2024-12
1577,2024-12-03,13791.0,23619.0,2025-11-11,0.0,11,2024-12
1577,2024-12-03,13791.0,23619.0,2025-11-17,4800.0,11,2024-12
1577,2024-12-03,13791.0,23619.0,2025-12-01,0.0,12,2024-12
1577,2024-12-03,13791.0,23619.0,2025-12-07,1700.0,12,2024-12
1577,2024-12-03,13791.0,23619.0,2025-12-08,2100.0,12,2024-12
1579,2024-12-03,16500.0,26475.0,2024-12-10,950.0,0,2024-12
1579,2024-12-03,16500.0,26475.0,2024-12-17,950.0,0,2024-12
1579,2024-12-03,16500.0,26475.0,2024-12-24,950.0,0,2024-12
1579,2024-12-03,16500.0,26475.0,2025-01-04,950.0,1,2024-12
1579,2024-12-03,16500.0,26475.0,2025-01-07,950.0,1,2024-12
1579,2024-12-03,16500.0,26475.0,2025-01-14,0.0,1,2024-12
1579,2024-12-03,16500.0,26475.0,2025-01-21,0.0,1,2024-12
1579,2024-12-03,16500.0,26475.0,2025-01-28,0.0,1,2024-12
1579,2024-12-03,16500.0,26475.0,2025-02-04,0.0,2,2024-12
1579,2024-12-03,16500.0,26475.0,2025-02-16,950.0,2,2024-12
1579,2024-12-03,16500.0,26475.0,2025-02-18,0.0,2,2024-12
1579,2024-12-03,16500.0,26475.0,2025-02-25,0.0,2,2024-12
1579,2024-12-03,16500.0,26475.0,2025-03-04,0.0,3,2024-12
1579,2024-12-03,16500.0,26475.0,2025-03-11,0.0,3,2024-12
1579,2024-12-03,16500.0,26475.0,2025-03-18,0.0,3,2024-12
1579,2024-12-03,16500.0,26475.0,2025-03-25,0.0,3,2024-12
1579,2024-12-03,16500.0,26475.0,2025-04-07,0.0,4,2024-12
1579,2024-12-03,16500.0,26475.0,2025-04-08,0.0,4,2024-12
1579,2024-12-03,16500.0,26475.0,2025-04-15,0.0,4,2024-12
1579,2024-12-03,16500.0,26475.0,2025-04-22,0.0,4,2024-12
1579,2024-12-03,16500.0,26475.0,2025-04-29,0.0,4,2024-12
1579,2024-12-03,16500.0,26475.0,2025-05-06,0.0,5,2024-12
1579,2024-12-03,16500.0,26475.0,2025-05-13,0.0,5,2024-12
1579,2024-12-03,16500.0,26475.0,2025-05-20,0.0,5,2024-12
1579,2024-12-03,16500.0,26475.0,2025-07-22,0.0,7,2024-12
1579,2024-12-03,16500.0,26475.0,2025-07-29,0.0,7,2024-12
1579,2024-12-03,16500.0,26475.0,2025-08-05,0.0,8,2024-12
1579,2024-12-03,16500.0,26475.0,2025-08-12,0.0,8,2024-12
1579,2024-12-03,16500.0,26475.0,2025-08-19,0.0,8,2024-12
1579,2024-12-03,16500.0,26475.0,2025-08-26,0.0,8,2024-12
1579,2024-12-03,16500.0,26475.0,2025-09-02,0.0,9,2024-12
1579,2024-12-03,16500.0,26475.0,2025-09-09,0.0,9,2024-12
1579,2024-12-03,16500.0,26475.0,2025-09-23,0.0,9,2024-12
1579,2024-12-03,16500.0,26475.0,2025-09-24,0.0,9,2024-12
1579,2024-12-03,16500.0,26475.0,2025-10-01,0.0,10,2024-12
1579,2024-12-03,16500.0,26475.0,2025-10-08,0.0,10,2024-12
1579,2024-12-03,16500.0,26475.0,2025-10-15,4500.0,10,2024-12
1579,2024-12-03,16500.0,26475.0,2025-10-22,0.0,10,2024-12
1579,2024-12-03,16500.0,26475.0,2025-10-26,3000.0,10,2024-12
1579,2024-12-03,16500.0,26475.0,2025-10-27,1000.0,10,2024-12
1579,2024-12-03,16500.0,26475.0,2025-11-12,0.0,11,2024-12
1579,2024-12-03,16500.0,26475.0,2025-11-19,0.0,11,2024-12
1579,2024-12-03,16500.0,26475.0,2025-11-28,1500.0,11,2024-12
1579,2024-12-03,16500.0,26475.0,2025-12-08,0.0,12,2024-12
1579,2024-12-03,16500.0,26475.0,2025-12-15,0.0,12,2024-12
1579,2024-12-03,16500.0,26475.0,2025-12-22,0.0,12,2024-12
1579,2024-12-03,16500.0,26475.0,2025-12-29,0.0,12,2024-12
1579,2024-12-03,16500.0,26475.0,2026-01-05,0.0,13,2024-12
1579,2024-12-03,16500.0,26475.0,2026-01-07,5000.0,13,2024-12
1579,2024-12-03,16500.0,26475.0,2026-01-19,0.0,13,2024-12
1579,2024-12-03,16500.0,26475.0,2026-01-26,0.0,13,2024-12
1579,2024-12-03,16500.0,26475.0,2026-02-02,0.0,14,2024-12
1579,2024-12-03,16500.0,26475.0,2026-02-09,2000.0,14,2024-12
1583,2024-12-04,10050.0,16595.0,2025-01-05,2350.0,1,2024-12
1583,2024-12-04,10050.0,16595.0,2025-02-05,0.0,2,2024-12
1583,2024-12-04,10050.0,16595.0,2025-03-05,0.0,3,2024-12
1583,2024-12-04,10050.0,16595.0,2025-04-12,0.0,4,2024-12
1583,2024-12-04,10050.0,16595.0,2025-05-05,0.0,5,2024-12
1583,2024-12-04,10050.0,16595.0,2025-06-05,0.0,6,2024-12
1583,2024-12-04,10050.0,16595.0,2025-07-05,100.0,7,2024-12
1583,2024-12-04,10050.0,16595.0,2025-08-05,0.0,8,2024-12
1583,2024-12-04,10050.0,16595.0,2025-09-05,0.0,9,2024-12
1583,2024-12-04,10050.0,16595.0,2025-10-06,5000.0,10,2024-12
1583,2024-12-04,10050.0,16595.0,2025-11-13,0.0,11,2024-12
1583,2024-12-04,10050.0,16595.0,2025-12-23,8540.0,12,2024-12
1585,2024-12-04,14070.0,24030.0,2024-12-11,814.0,0,2024-12
1585,2024-12-04,14070.0,24030.0,2024-12-19,814.0,0,2024-12
1585,2024-12-04,14070.0,24030.0,2024-12-28,814.0,0,2024-12
1585,2024-12-04,14070.0,24030.0,2025-01-02,814.0,1,2024-12
1585,2024-12-04,14070.0,24030.0,2025-01-08,814.0,1,2024-12
1585,2024-12-04,14070.0,24030.0,2025-01-18,814.0,1,2024-12
1585,2024-12-04,14070.0,24030.0,2025-01-22,814.0,1,2024-12
1585,2024-12-04,14070.0,24030.0,2025-01-29,814.0,1,2024-12
1585,2024-12-04,14070.0,24030.0,2025-02-05,812.0,2,2024-12
1585,2024-12-04,14070.0,24030.0,2025-02-12,813.0,2,2024-12
1585,2024-12-04,14070.0,24030.0,2025-02-19,814.0,2,2024-12
1585,2024-12-04,14070.0,24030.0,2025-03-05,814.0,3,2024-12
1585,2024-12-04,14070.0,24030.0,2025-03-09,815.0,3,2024-12
1585,2024-12-04,14070.0,24030.0,2025-03-14,814.0,3,2024-12
1585,2024-12-04,14070.0,24030.0,2025-03-24,0.0,3,2024-12
1585,2024-12-04,14070.0,24030.0,2025-03-28,0.0,3,2024-12
1585,2024-12-04,14070.0,24030.0,2025-04-07,0.0,4,2024-12
1585,2024-12-04,14070.0,24030.0,2025-04-09,0.0,4,2024-12
1585,2024-12-04,14070.0,24030.0,2025-04-16,0.0,4,2024-12
1585,2024-12-04,14070.0,24030.0,2025-04-23,0.0,4,2024-12
1585,2024-12-04,14070.0,24030.0,2025-04-30,0.0,4,2024-12
1585,2024-12-04,14070.0,24030.0,2025-05-07,2000.0,5,2024-12
1585,2024-12-04,14070.0,24030.0,2025-05-14,1000.0,5,2024-12
1585,2024-12-04,14070.0,24030.0,2025-05-21,300.0,5,2024-12
1585,2024-12-04,14070.0,24030.0,2025-05-28,500.0,5,2024-12
1585,2024-12-04,14070.0,24030.0,2025-06-04,500.0,6,2024-12
1585,2024-12-04,14070.0,24030.0,2025-06-11,0.0,6,2024-12
1585,2024-12-04,14070.0,24030.0,2025-06-18,0.0,6,2024-12
1585,2024-12-04,14070.0,24030.0,2025-06-25,0.0,6,2024-12
1585,2024-12-04,14070.0,24030.0,2025-07-02,0.0,7,2024-12
1585,2024-12-04,14070.0,24030.0,2025-07-09,0.0,7,2024-12
1585,2024-12-04,14070.0,24030.0,2025-07-16,0.0,7,2024-12
1585,2024-12-04,14070.0,24030.0,2025-07-23,0.0,7,2024-12
1585,2024-12-04,14070.0,24030.0,2025-07-30,0.0,7,2024-12
1585,2024-12-04,14070.0,24030.0,2025-08-06,0.0,8,2024-12
1585,2024-12-04,14070.0,24030.0,2025-08-13,0.0,8,2024-12
1585,2024-12-04,14070.0,24030.0,2025-08-20,0.0,8,2024-12
1585,2024-12-04,14070.0,24030.0,2025-08-27,0.0,8,2024-12
1585,2024-12-04,14070.0,24030.0,2025-09-03,0.0,9,2024-12
1585,2024-12-04,14070.0,24030.0,2025-09-10,0.0,9,2024-12
1585,2024-12-04,14070.0,24030.0,2025-09-17,0.0,9,2024-12
1585,2024-12-04,14070.0,24030.0,2025-09-24,0.0,9,2024-12
1585,2024-12-04,14070.0,24030.0,2025-10-01,0.0,10,2024-12
1585,2024-12-04,14070.0,24030.0,2025-10-08,0.0,10,2024-12
1585,2024-12-04,14070.0,24030.0,2025-10-15,0.0,10,2024-12
1585,2024-12-04,14070.0,24030.0,2025-10-22,0.0,10,2024-12
1585,2024-12-04,14070.0,24030.0,2025-10-29,0.0,10,2024-12
1585,2024-12-04,14070.0,24030.0,2025-11-05,0.0,11,2024-12
1585,2024-12-04,14070.0,24030.0,2025-11-12,0.0,11,2024-12
1585,2024-12-04,14070.0,24030.0,2025-11-19,0.0,11,2024-12
1585,2024-12-04,14070.0,24030.0,2025-11-26,0.0,11,2024-12
1585,2024-12-04,14070.0,24030.0,2025-12-03,0.0,12,2024-12
1585,2024-12-04,14070.0,24030.0,2025-12-10,0.0,12,2024-12
1585,2024-12-04,14070.0,24030.0,2025-12-17,0.0,12,2024-12
1585,2024-12-04,14070.0,24030.0,2025-12-24,1000.0,12,2024-12
1585,2024-12-04,14070.0,24030.0,2026-01-06,0.0,13,2024-12
1585,2024-12-04,14070.0,24030.0,2026-01-13,0.0,13,2024-12
1585,2024-12-04,14070.0,24030.0,2026-01-15,814.0,13,2024-12
1585,2024-12-04,14070.0,24030.0,2026-01-27,0.0,13,2024-12
1585,2024-12-04,14070.0,24030.0,2026-02-03,0.0,14,2024-12
1585,2024-12-04,14070.0,24030.0,2026-02-10,0.0,14,2024-12
1585,2024-12-04,14070.0,24030.0,2026-02-17,0.0,14,2024-12
1585,2024-12-04,14070.0,24030.0,2026-02-24,0.0,14,2024-12
1585,2024-12-04,14070.0,24030.0,2026-03-03,0.0,15,2024-12
1585,2024-12-04,14070.0,24030.0,2026-03-04,500.0,15,2024-12
1585,2024-12-04,14070.0,24030.0,2026-03-12,500.0,15,2024-12
1585,2024-12-04,14070.0,24030.0,2026-03-26,1100.0,15,2024-12
1585,2024-12-04,14070.0,24030.0,2026-03-26,0.0,15,2024-12
1589,2024-12-05,8391.0,16886.0,2024-12-11,529.0,0,2024-12
1589,2024-12-05,8391.0,16886.0,2024-12-19,550.0,0,2024-12
1589,2024-12-05,8391.0,16886.0,2024-12-26,510.0,0,2024-12
1589,2024-12-05,8391.0,16886.0,2025-01-02,526.0,1,2024-12
1589,2024-12-05,8391.0,16886.0,2025-01-09,0.0,1,2024-12
1589,2024-12-05,8391.0,16886.0,2025-01-16,0.0,1,2024-12
1589,2024-12-05,8391.0,16886.0,2025-01-23,0.0,1,2024-12
1589,2024-12-05,8391.0,16886.0,2025-01-30,0.0,1,2024-12
1589,2024-12-05,8391.0,16886.0,2025-02-08,1000.0,2,2024-12
1589,2024-12-05,8391.0,16886.0,2025-02-13,0.0,2,2024-12
1589,2024-12-05,8391.0,16886.0,2025-02-20,0.0,2,2024-12
1589,2024-12-05,8391.0,16886.0,2025-03-02,0.0,3,2024-12
1589,2024-12-05,8391.0,16886.0,2025-03-09,1020.0,3,2024-12
1589,2024-12-05,8391.0,16886.0,2025-03-13,0.0,3,2024-12
1589,2024-12-05,8391.0,16886.0,2025-03-24,0.0,3,2024-12
1589,2024-12-05,8391.0,16886.0,2025-03-27,0.0,3,2024-12
1589,2024-12-05,8391.0,16886.0,2025-04-07,0.0,4,2024-12
1589,2024-12-05,8391.0,16886.0,2025-04-10,0.0,4,2024-12
1589,2024-12-05,8391.0,16886.0,2025-04-17,0.0,4,2024-12
1589,2024-12-05,8391.0,16886.0,2025-04-24,0.0,4,2024-12
1589,2024-12-05,8391.0,16886.0,2025-05-08,0.0,5,2024-12
1589,2024-12-05,8391.0,16886.0,2025-05-11,1000.0,5,2024-12
1589,2024-12-05,8391.0,16886.0,2025-05-15,0.0,5,2024-12
1589,2024-12-05,8391.0,16886.0,2025-05-22,0.0,5,2024-12
1589,2024-12-05,8391.0,16886.0,2025-05-29,0.0,5,2024-12
1589,2024-12-05,8391.0,16886.0,2025-06-05,0.0,6,2024-12
1589,2024-12-05,8391.0,16886.0,2025-07-10,0.0,7,2024-12
1589,2024-12-05,8391.0,16886.0,2025-07-17,0.0,7,2024-12
1589,2024-12-05,8391.0,16886.0,2025-07-24,0.0,7,2024-12
1589,2024-12-05,8391.0,16886.0,2025-07-31,0.0,7,2024-12
1589,2024-12-05,8391.0,16886.0,2025-08-07,1020.0,8,2024-12
1589,2024-12-05,8391.0,16886.0,2025-09-06,0.0,9,2024-12
1589,2024-12-05,8391.0,16886.0,2025-09-06,1020.0,9,2024-12
1589,2024-12-05,8391.0,16886.0,2025-09-11,0.0,9,2024-12
1589,2024-12-05,8391.0,16886.0,2025-09-25,0.0,9,2024-12
1589,2024-12-05,8391.0,16886.0,2025-09-30,1000.0,9,2024-12
1589,2024-12-05,8391.0,16886.0,2025-10-03,0.0,10,2024-12
1589,2024-12-05,8391.0,16886.0,2025-10-13,1000.0,10,2024-12
1589,2024-12-05,8391.0,16886.0,2025-10-17,0.0,10,2024-12
1589,2024-12-05,8391.0,16886.0,2025-10-24,0.0,10,2024-12
1589,2024-12-05,8391.0,16886.0,2025-10-31,0.0,10,2024-12
1589,2024-12-05,8391.0,16886.0,2025-11-08,1000.0,11,2024-12
1589,2024-12-05,8391.0,16886.0,2025-11-14,0.0,11,2024-12
1589,2024-12-05,8391.0,16886.0,2025-11-21,0.0,11,2024-12
1589,2024-12-05,8391.0,16886.0,2025-12-03,0.0,12,2024-12
1589,2024-12-05,8391.0,16886.0,2025-12-10,0.0,12,2024-12
1589,2024-12-05,8391.0,16886.0,2025-12-17,0.0,12,2024-12
1589,2024-12-05,8391.0,16886.0,2025-12-24,0.0,12,2024-12
1589,2024-12-05,8391.0,16886.0,2025-12-31,0.0,12,2024-12
1589,2024-12-05,8391.0,16886.0,2026-01-07,0.0,13,2024-12
1589,2024-12-05,8391.0,16886.0,2026-01-14,0.0,13,2024-12
1589,2024-12-05,8391.0,16886.0,2026-01-21,0.0,13,2024-12
1589,2024-12-05,8391.0,16886.0,2026-01-28,0.0,13,2024-12
1589,2024-12-05,8391.0,16886.0,2026-02-04,0.0,14,2024-12
1589,2024-12-05,8391.0,16886.0,2026-02-11,0.0,14,2024-12
1589,2024-12-05,8391.0,16886.0,2026-02-18,0.0,14,2024-12
1589,2024-12-05,8391.0,16886.0,2026-02-25,2000.0,14,2024-12
1589,2024-12-05,8391.0,16886.0,2026-03-01,800.0,15,2024-12
1589,2024-12-05,8391.0,16886.0,2026-03-02,0.0,15,2024-12
1594,2024-12-05,17991.0,31308.0,2024-12-12,0.0,0,2024-12
1594,2024-12-05,17991.0,31308.0,2024-12-19,0.0,0,2024-12
1594,2024-12-05,17991.0,31308.0,2024-12-26,0.0,0,2024-12
1594,2024-12-05,17991.0,31308.0,2025-01-02,0.0,1,2024-12
1594,2024-12-05,17991.0,31308.0,2025-01-09,0.0,1,2024-12
1594,2024-12-05,17991.0,31308.0,2025-01-16,0.0,1,2024-12
1594,2024-12-05,17991.0,31308.0,2025-01-23,0.0,1,2024-12
1594,2024-12-05,17991.0,31308.0,2025-01-30,0.0,1,2024-12
1594,2024-12-05,17991.0,31308.0,2025-02-06,0.0,2,2024-12
1594,2024-12-05,17991.0,31308.0,2025-02-13,0.0,2,2024-12
1594,2024-12-05,17991.0,31308.0,2025-02-20,0.0,2,2024-12
1594,2024-12-05,17991.0,31308.0,2025-03-02,0.0,3,2024-12
1594,2024-12-05,17991.0,31308.0,2025-03-06,0.0,3,2024-12
1594,2024-12-05,17991.0,31308.0,2025-03-13,0.0,3,2024-12
1594,2024-12-05,17991.0,31308.0,2025-03-24,0.0,3,2024-12
1594,2024-12-05,17991.0,31308.0,2025-03-27,0.0,3,2024-12
1594,2024-12-05,17991.0,31308.0,2025-04-07,0.0,4,2024-12
1594,2024-12-05,17991.0,31308.0,2025-04-10,0.0,4,2024-12
1594,2024-12-05,17991.0,31308.0,2025-04-17,0.0,4,2024-12
1594,2024-12-05,17991.0,31308.0,2025-04-24,0.0,4,2024-12
1594,2024-12-05,17991.0,31308.0,2025-05-08,0.0,5,2024-12
1594,2024-12-05,17991.0,31308.0,2025-05-15,0.0,5,2024-12
1594,2024-12-05,17991.0,31308.0,2025-05-22,0.0,5,2024-12
1594,2024-12-05,17991.0,31308.0,2025-07-10,0.0,7,2024-12
1594,2024-12-05,17991.0,31308.0,2025-07-17,0.0,7,2024-12
1594,2024-12-05,17991.0,31308.0,2025-07-24,0.0,7,2024-12
1594,2024-12-05,17991.0,31308.0,2025-07-31,0.0,7,2024-12
1594,2024-12-05,17991.0,31308.0,2025-08-07,0.0,8,2024-12
1594,2024-12-05,17991.0,31308.0,2026-01-10,0.0,13,2024-12
1594,2024-12-05,17991.0,31308.0,2026-01-11,0.0,13,2024-12
1594,2024-12-05,17991.0,31308.0,2026-01-12,0.0,13,2024-12
1594,2024-12-05,17991.0,31308.0,2026-01-13,0.0,13,2024-12
1594,2024-12-05,17991.0,31308.0,2026-01-14,0.0,13,2024-12
1594,2024-12-05,17991.0,31308.0,2026-01-17,0.0,13,2024-12
1594,2024-12-05,17991.0,31308.0,2026-01-18,0.0,13,2024-12
1594,2024-12-05,17991.0,31308.0,2026-01-19,0.0,13,2024-12
1594,2024-12-05,17991.0,31308.0,2026-01-20,0.0,13,2024-12
1594,2024-12-05,17991.0,31308.0,2026-01-21,0.0,13,2024-12
1594,2024-12-05,17991.0,31308.0,2026-01-22,0.0,13,2024-12
1594,2024-12-05,17991.0,31308.0,2026-01-23,0.0,13,2024-12
1594,2024-12-05,17991.0,31308.0,2026-01-24,0.0,13,2024-12
1594,2024-12-05,17991.0,31308.0,2026-01-25,0.0,13,2024-12
1594,2024-12-05,17991.0,31308.0,2026-01-26,0.0,13,2024-12
1594,2024-12-05,17991.0,31308.0,2026-01-27,0.0,13,2024-12
1594,2024-12-05,17991.0,31308.0,2026-01-28,0.0,13,2024-12
1594,2024-12-05,17991.0,31308.0,2026-01-29,0.0,13,2024-12
1594,2024-12-05,17991.0,31308.0,2026-01-30,0.0,13,2024-12
1594,2024-12-05,17991.0,31308.0,2026-01-31,0.0,13,2024-12
1594,2024-12-05,17991.0,31308.0,2026-02-01,0.0,14,2024-12
1594,2024-12-05,17991.0,31308.0,2026-02-04,0.0,14,2024-12
1594,2024-12-05,17991.0,31308.0,2026-02-11,0.0,14,2024-12
1594,2024-12-05,17991.0,31308.0,2026-02-18,0.0,14,2024-12
1594,2024-12-05,17991.0,31308.0,2026-02-25,0.0,14,2024-12
1594,2024-12-05,17991.0,31308.0,2026-03-04,0.0,15,2024-12
1594,2024-12-05,17991.0,31308.0,2026-03-11,0.0,15,2024-12
1594,2024-12-05,17991.0,31308.0,2026-03-18,0.0,15,2024-12
1594,2024-12-05,17991.0,31308.0,2026-03-25,0.0,15,2024-12
1600,2024-12-07,14991.0,26599.0,2024-12-14,0.0,0,2024-12
1600,2024-12-07,14991.0,26599.0,2024-12-21,0.0,0,2024-12
1600,2024-12-07,14991.0,26599.0,2024-12-28,0.0,0,2024-12
1600,2024-12-07,14991.0,26599.0,2025-01-04,0.0,1,2024-12
1600,2024-12-07,14991.0,26599.0,2025-01-11,0.0,1,2024-12
1600,2024-12-07,14991.0,26599.0,2025-01-18,0.0,1,2024-12
1600,2024-12-07,14991.0,26599.0,2025-01-25,0.0,1,2024-12
1600,2024-12-07,14991.0,26599.0,2025-02-01,0.0,2,2024-12
1600,2024-12-07,14991.0,26599.0,2025-02-08,0.0,2,2024-12
1600,2024-12-07,14991.0,26599.0,2025-02-20,1500.0,2,2024-12
1600,2024-12-07,14991.0,26599.0,2025-02-22,0.0,2,2024-12
1600,2024-12-07,14991.0,26599.0,2025-03-01,0.0,3,2024-12
1600,2024-12-07,14991.0,26599.0,2025-03-08,0.0,3,2024-12
1600,2024-12-07,14991.0,26599.0,2025-03-15,0.0,3,2024-12
1600,2024-12-07,14991.0,26599.0,2025-03-25,0.0,3,2024-12
1600,2024-12-07,14991.0,26599.0,2025-04-07,0.0,4,2024-12
1600,2024-12-07,14991.0,26599.0,2025-04-12,0.0,4,2024-12
1600,2024-12-07,14991.0,26599.0,2025-04-19,0.0,4,2024-12
1600,2024-12-07,14991.0,26599.0,2025-04-26,0.0,4,2024-12
1600,2024-12-07,14991.0,26599.0,2025-05-03,0.0,5,2024-12
1600,2024-12-07,14991.0,26599.0,2025-05-10,0.0,5,2024-12
1600,2024-12-07,14991.0,26599.0,2025-05-17,0.0,5,2024-12
1600,2024-12-07,14991.0,26599.0,2025-05-24,0.0,5,2024-12
1600,2024-12-07,14991.0,26599.0,2025-05-31,0.0,5,2024-12
1600,2024-12-07,14991.0,26599.0,2025-06-20,0.0,6,2024-12
1600,2024-12-07,14991.0,26599.0,2025-06-21,0.0,6,2024-12
1600,2024-12-07,14991.0,26599.0,2025-06-29,0.0,6,2024-12
1600,2024-12-07,14991.0,26599.0,2025-07-05,0.0,7,2024-12
1600,2024-12-07,14991.0,26599.0,2025-07-12,0.0,7,2024-12
1600,2024-12-07,14991.0,26599.0,2025-07-19,0.0,7,2024-12
1600,2024-12-07,14991.0,26599.0,2025-07-26,0.0,7,2024-12
1600,2024-12-07,14991.0,26599.0,2025-08-02,0.0,8,2024-12
1600,2024-12-07,14991.0,26599.0,2025-08-09,0.0,8,2024-12
1600,2024-12-07,14991.0,26599.0,2025-08-16,0.0,8,2024-12
1600,2024-12-07,14991.0,26599.0,2025-08-23,0.0,8,2024-12
1600,2024-12-07,14991.0,26599.0,2025-08-30,0.0,8,2024-12
1600,2024-12-07,14991.0,26599.0,2025-09-08,1500.0,9,2024-12
1600,2024-12-07,14991.0,26599.0,2025-09-14,0.0,9,2024-12
1600,2024-12-07,14991.0,26599.0,2025-09-27,0.0,9,2024-12
1600,2024-12-07,14991.0,26599.0,2025-09-28,3000.0,9,2024-12
1600,2024-12-07,14991.0,26599.0,2025-10-05,0.0,10,2024-12
1600,2024-12-07,14991.0,26599.0,2025-10-12,0.0,10,2024-12
1600,2024-12-07,14991.0,26599.0,2025-10-19,0.0,10,2024-12
1600,2024-12-07,14991.0,26599.0,2025-10-26,0.0,10,2024-12
1600,2024-12-07,14991.0,26599.0,2025-11-02,0.0,11,2024-12
1600,2024-12-07,14991.0,26599.0,2025-11-09,0.0,11,2024-12
1600,2024-12-07,14991.0,26599.0,2025-11-16,0.0,11,2024-12
1600,2024-12-07,14991.0,26599.0,2025-11-23,0.0,11,2024-12
1600,2024-12-07,14991.0,26599.0,2025-12-05,0.0,12,2024-12
1600,2024-12-07,14991.0,26599.0,2025-12-12,0.0,12,2024-12
1600,2024-12-07,14991.0,26599.0,2025-12-19,0.0,12,2024-12
1600,2024-12-07,14991.0,26599.0,2025-12-26,0.0,12,2024-12
1600,2024-12-07,14991.0,26599.0,2026-01-02,0.0,13,2024-12
1600,2024-12-07,14991.0,26599.0,2026-01-08,5000.0,13,2024-12
1600,2024-12-07,14991.0,26599.0,2026-01-18,0.0,13,2024-12
1600,2024-12-07,14991.0,26599.0,2026-01-23,0.0,13,2024-12
1600,2024-12-07,14991.0,26599.0,2026-01-30,0.0,13,2024-12
1600,2024-12-07,14991.0,26599.0,2026-02-06,0.0,14,2024-12
1600,2024-12-07,14991.0,26599.0,2026-02-13,0.0,14,2024-12
1600,2024-12-07,14991.0,26599.0,2026-02-20,0.0,14,2024-12
1600,2024-12-07,14991.0,26599.0,2026-02-27,0.0,14,2024-12
1600,2024-12-07,14991.0,26599.0,2026-03-06,0.0,15,2024-12
1600,2024-12-07,14991.0,26599.0,2026-03-13,0.0,15,2024-12
1600,2024-12-07,14991.0,26599.0,2026-03-20,0.0,15,2024-12
1600,2024-12-07,14991.0,26599.0,2026-03-27,0.0,15,2024-12
1603,2024-12-07,16250.0,27325.0,2024-12-14,955.0,0,2024-12
1603,2024-12-07,16250.0,27325.0,2024-12-21,0.0,0,2024-12
1603,2024-12-07,16250.0,27325.0,2024-12-28,0.0,0,2024-12
1603,2024-12-07,16250.0,27325.0,2024-12-29,2866.0,0,2024-12
1603,2024-12-07,16250.0,27325.0,2025-01-11,0.0,1,2024-12
1603,2024-12-07,16250.0,27325.0,2025-01-18,0.0,1,2024-12
1603,2024-12-07,16250.0,27325.0,2025-01-25,0.0,1,2024-12
1603,2024-12-07,16250.0,27325.0,2025-02-01,0.0,2,2024-12
1603,2024-12-07,16250.0,27325.0,2025-02-08,0.0,2,2024-12
1603,2024-12-07,16250.0,27325.0,2025-02-12,5731.0,2,2024-12
1603,2024-12-07,16250.0,27325.0,2025-02-22,0.0,2,2024-12
1603,2024-12-07,16250.0,27325.0,2025-03-01,0.0,3,2024-12
1603,2024-12-07,16250.0,27325.0,2025-03-08,2866.0,3,2024-12
1603,2024-12-07,16250.0,27325.0,2025-03-15,955.0,3,2024-12
1603,2024-12-07,16250.0,27325.0,2025-03-28,0.0,3,2024-12
1603,2024-12-07,16250.0,27325.0,2025-03-29,1910.0,3,2024-12
1603,2024-12-07,16250.0,27325.0,2025-04-12,0.0,4,2024-12
1603,2024-12-07,16250.0,27325.0,2025-04-19,0.0,4,2024-12
1603,2024-12-07,16250.0,27325.0,2025-04-26,0.0,4,2024-12
1603,2024-12-07,16250.0,27325.0,2025-05-03,0.0,5,2024-12
1603,2024-12-07,16250.0,27325.0,2025-05-10,0.0,5,2024-12
1603,2024-12-07,16250.0,27325.0,2025-05-17,0.0,5,2024-12
1603,2024-12-07,16250.0,27325.0,2025-05-24,0.0,5,2024-12
1603,2024-12-07,16250.0,27325.0,2025-05-31,0.0,5,2024-12
1603,2024-12-07,16250.0,27325.0,2025-07-05,0.0,7,2024-12
1603,2024-12-07,16250.0,27325.0,2025-09-14,1800.0,9,2024-12
1603,2024-12-07,16250.0,27325.0,2025-09-14,500.0,9,2024-12
1603,2024-12-07,16250.0,27325.0,2026-01-10,0.0,13,2024-12
1603,2024-12-07,16250.0,27325.0,2026-01-11,0.0,13,2024-12
1603,2024-12-07,16250.0,27325.0,2026-01-12,0.0,13,2024-12
1603,2024-12-07,16250.0,27325.0,2026-01-13,0.0,13,2024-12
1603,2024-12-07,16250.0,27325.0,2026-01-14,0.0,13,2024-12
1603,2024-12-07,16250.0,27325.0,2026-01-17,0.0,13,2024-12
1603,2024-12-07,16250.0,27325.0,2026-01-18,0.0,13,2024-12
1603,2024-12-07,16250.0,27325.0,2026-01-19,0.0,13,2024-12
1603,2024-12-07,16250.0,27325.0,2026-01-20,0.0,13,2024-12
1603,2024-12-07,16250.0,27325.0,2026-01-21,0.0,13,2024-12
1603,2024-12-07,16250.0,27325.0,2026-01-22,0.0,13,2024-12
1603,2024-12-07,16250.0,27325.0,2026-01-23,0.0,13,2024-12
1603,2024-12-07,16250.0,27325.0,2026-01-24,0.0,13,2024-12
1603,2024-12-07,16250.0,27325.0,2026-01-25,0.0,13,2024-12
1603,2024-12-07,16250.0,27325.0,2026-01-26,0.0,13,2024-12
1603,2024-12-07,16250.0,27325.0,2026-01-27,0.0,13,2024-12
1603,2024-12-07,16250.0,27325.0,2026-01-28,0.0,13,2024-12
1603,2024-12-07,16250.0,27325.0,2026-01-29,0.0,13,2024-12
1603,2024-12-07,16250.0,27325.0,2026-01-30,0.0,13,2024-12
1603,2024-12-07,16250.0,27325.0,2026-01-31,0.0,13,2024-12
1603,2024-12-07,16250.0,27325.0,2026-02-01,0.0,14,2024-12
1603,2024-12-07,16250.0,27325.0,2026-02-02,0.0,14,2024-12
1603,2024-12-07,16250.0,27325.0,2026-02-03,0.0,14,2024-12
1603,2024-12-07,16250.0,27325.0,2026-02-04,0.0,14,2024-12
1603,2024-12-07,16250.0,27325.0,2026-02-05,0.0,14,2024-12
1603,2024-12-07,16250.0,27325.0,2026-02-06,0.0,14,2024-12
1603,2024-12-07,16250.0,27325.0,2026-02-07,0.0,14,2024-12
1603,2024-12-07,16250.0,27325.0,2026-02-13,0.0,14,2024-12
1603,2024-12-07,16250.0,27325.0,2026-02-20,0.0,14,2024-12
1603,2024-12-07,16250.0,27325.0,2026-02-27,0.0,14,2024-12
1603,2024-12-07,16250.0,27325.0,2026-03-06,0.0,15,2024-12
1603,2024-12-07,16250.0,27325.0,2026-03-13,0.0,15,2024-12
1603,2024-12-07,16250.0,27325.0,2026-03-20,0.0,15,2024-12
1603,2024-12-07,16250.0,27325.0,2026-03-27,0.0,15,2024-12
1605,2024-12-07,14941.0,27302.0,2024-12-14,969.0,0,2024-12
1605,2024-12-07,14941.0,27302.0,2024-12-21,960.0,0,2024-12
1605,2024-12-07,14941.0,27302.0,2024-12-28,960.0,0,2024-12
1605,2024-12-07,14941.0,27302.0,2025-01-04,0.0,1,2024-12
1605,2024-12-07,14941.0,27302.0,2025-01-11,0.0,1,2024-12
1605,2024-12-07,14941.0,27302.0,2025-01-18,0.0,1,2024-12
1605,2024-12-07,14941.0,27302.0,2025-01-25,0.0,1,2024-12
1605,2024-12-07,14941.0,27302.0,2025-02-01,0.0,2,2024-12
1605,2024-12-07,14941.0,27302.0,2025-02-08,2900.0,2,2024-12
1605,2024-12-07,14941.0,27302.0,2025-02-16,1920.0,2,2024-12
1605,2024-12-07,14941.0,27302.0,2025-02-22,0.0,2,2024-12
1605,2024-12-07,14941.0,27302.0,2025-03-04,1925.0,3,2024-12
1605,2024-12-07,14941.0,27302.0,2025-03-08,0.0,3,2024-12
1605,2024-12-07,14941.0,27302.0,2025-03-15,0.0,3,2024-12
1605,2024-12-07,14941.0,27302.0,2025-03-25,1930.0,3,2024-12
1605,2024-12-07,14941.0,27302.0,2025-04-07,0.0,4,2024-12
1605,2024-12-07,14941.0,27302.0,2025-04-12,0.0,4,2024-12
1605,2024-12-07,14941.0,27302.0,2025-04-19,0.0,4,2024-12
1605,2024-12-07,14941.0,27302.0,2025-04-26,0.0,4,2024-12
1605,2024-12-07,14941.0,27302.0,2025-05-03,0.0,5,2024-12
1605,2024-12-07,14941.0,27302.0,2025-05-10,0.0,5,2024-12
1605,2024-12-07,14941.0,27302.0,2025-05-17,0.0,5,2024-12
1605,2024-12-07,14941.0,27302.0,2025-05-24,0.0,5,2024-12
1605,2024-12-07,14941.0,27302.0,2025-05-31,0.0,5,2024-12
1605,2024-12-07,14941.0,27302.0,2025-08-30,0.0,8,2024-12
1605,2024-12-07,14941.0,27302.0,2025-09-06,0.0,9,2024-12
1605,2024-12-07,14941.0,27302.0,2025-09-14,0.0,9,2024-12
1605,2024-12-07,14941.0,27302.0,2025-09-27,0.0,9,2024-12
1605,2024-12-07,14941.0,27302.0,2025-09-28,0.0,9,2024-12
1605,2024-12-07,14941.0,27302.0,2025-10-05,0.0,10,2024-12
1605,2024-12-07,14941.0,27302.0,2025-10-12,0.0,10,2024-12
1605,2024-12-07,14941.0,27302.0,2025-10-19,0.0,10,2024-12
1605,2024-12-07,14941.0,27302.0,2025-10-26,0.0,10,2024-12
1605,2024-12-07,14941.0,27302.0,2025-11-02,0.0,11,2024-12
1605,2024-12-07,14941.0,27302.0,2025-11-09,0.0,11,2024-12
1605,2024-12-07,14941.0,27302.0,2025-11-16,0.0,11,2024-12
1605,2024-12-07,14941.0,27302.0,2026-01-10,0.0,13,2024-12
1605,2024-12-07,14941.0,27302.0,2026-01-11,0.0,13,2024-12
1605,2024-12-07,14941.0,27302.0,2026-01-12,0.0,13,2024-12
1605,2024-12-07,14941.0,27302.0,2026-01-13,0.0,13,2024-12
1605,2024-12-07,14941.0,27302.0,2026-01-14,0.0,13,2024-12
1605,2024-12-07,14941.0,27302.0,2026-01-17,0.0,13,2024-12
1605,2024-12-07,14941.0,27302.0,2026-01-23,0.0,13,2024-12
1605,2024-12-07,14941.0,27302.0,2026-01-30,0.0,13,2024-12
1605,2024-12-07,14941.0,27302.0,2026-02-06,0.0,14,2024-12
1605,2024-12-07,14941.0,27302.0,2026-02-13,0.0,14,2024-12
1605,2024-12-07,14941.0,27302.0,2026-02-20,0.0,14,2024-12
1605,2024-12-07,14941.0,27302.0,2026-02-27,0.0,14,2024-12
1605,2024-12-07,14941.0,27302.0,2026-03-06,0.0,15,2024-12
1605,2024-12-07,14941.0,27302.0,2026-03-13,0.0,15,2024-12
1605,2024-12-07,14941.0,27302.0,2026-03-20,0.0,15,2024-12
1605,2024-12-07,14941.0,27302.0,2026-03-27,0.0,15,2024-12
1609,2024-12-08,9099.0,17263.0,2024-12-18,540.0,0,2024-12
1609,2024-12-08,9099.0,17263.0,2024-12-22,540.0,0,2024-12
1609,2024-12-08,9099.0,17263.0,2024-12-29,0.0,0,2024-12
1609,2024-12-08,9099.0,17263.0,2025-01-05,0.0,1,2024-12
1609,2024-12-08,9099.0,17263.0,2025-01-12,0.0,1,2024-12
1609,2024-12-08,9099.0,17263.0,2025-01-19,0.0,1,2024-12
1609,2024-12-08,9099.0,17263.0,2025-01-26,0.0,1,2024-12
1609,2024-12-08,9099.0,17263.0,2025-02-02,0.0,2,2024-12
1609,2024-12-08,9099.0,17263.0,2025-02-09,0.0,2,2024-12
1609,2024-12-08,9099.0,17263.0,2025-02-16,0.0,2,2024-12
1609,2024-12-08,9099.0,17263.0,2025-02-23,0.0,2,2024-12
1609,2024-12-08,9099.0,17263.0,2025-03-02,0.0,3,2024-12
1609,2024-12-08,9099.0,17263.0,2025-03-09,0.0,3,2024-12
1609,2024-12-08,9099.0,17263.0,2025-03-16,0.0,3,2024-12
1609,2024-12-08,9099.0,17263.0,2025-03-27,0.0,3,2024-12
1609,2024-12-08,9099.0,17263.0,2025-04-06,0.0,4,2024-12
1609,2024-12-08,9099.0,17263.0,2025-04-13,0.0,4,2024-12
1609,2024-12-08,9099.0,17263.0,2025-04-20,0.0,4,2024-12
1609,2024-12-08,9099.0,17263.0,2025-04-27,0.0,4,2024-12
1609,2024-12-08,9099.0,17263.0,2025-05-04,0.0,5,2024-12
1609,2024-12-08,9099.0,17263.0,2025-05-11,0.0,5,2024-12
1609,2024-12-08,9099.0,17263.0,2025-05-18,0.0,5,2024-12
1609,2024-12-08,9099.0,17263.0,2025-05-25,0.0,5,2024-12
1609,2024-12-08,9099.0,17263.0,2025-06-01,0.0,6,2024-12
1609,2024-12-08,9099.0,17263.0,2025-07-06,0.0,7,2024-12
1609,2024-12-08,9099.0,17263.0,2025-07-13,0.0,7,2024-12
1609,2024-12-08,9099.0,17263.0,2025-07-20,0.0,7,2024-12
1609,2024-12-08,9099.0,17263.0,2025-07-27,0.0,7,2024-12
1609,2024-12-08,9099.0,17263.0,2025-08-03,0.0,8,2024-12
1609,2024-12-08,9099.0,17263.0,2025-08-10,0.0,8,2024-12
1609,2024-12-08,9099.0,17263.0,2025-08-17,0.0,8,2024-12
1609,2024-12-08,9099.0,17263.0,2025-08-24,0.0,8,2024-12
1609,2024-12-08,9099.0,17263.0,2025-08-31,0.0,8,2024-12
1609,2024-12-08,9099.0,17263.0,2025-09-07,0.0,9,2024-12
1609,2024-12-08,9099.0,17263.0,2025-09-15,0.0,9,2024-12
1609,2024-12-08,9099.0,17263.0,2025-09-28,0.0,9,2024-12
1609,2024-12-08,9099.0,17263.0,2025-09-29,0.0,9,2024-12
1609,2024-12-08,9099.0,17263.0,2025-10-06,0.0,10,2024-12
1609,2024-12-08,9099.0,17263.0,2025-10-13,0.0,10,2024-12
1609,2024-12-08,9099.0,17263.0,2025-10-20,0.0,10,2024-12
1609,2024-12-08,9099.0,17263.0,2025-10-27,0.0,10,2024-12
1609,2024-12-08,9099.0,17263.0,2025-11-03,0.0,11,2024-12
1609,2024-12-08,9099.0,17263.0,2025-11-10,0.0,11,2024-12
1609,2024-12-08,9099.0,17263.0,2025-11-17,0.0,11,2024-12
1609,2024-12-08,9099.0,17263.0,2025-11-24,0.0,11,2024-12
1609,2024-12-08,9099.0,17263.0,2025-12-06,0.0,12,2024-12
1609,2024-12-08,9099.0,17263.0,2025-12-13,0.0,12,2024-12
1609,2024-12-08,9099.0,17263.0,2025-12-20,0.0,12,2024-12
1609,2024-12-08,9099.0,17263.0,2025-12-27,0.0,12,2024-12
1609,2024-12-08,9099.0,17263.0,2026-01-03,0.0,13,2024-12
1609,2024-12-08,9099.0,17263.0,2026-01-10,0.0,13,2024-12
1609,2024-12-08,9099.0,17263.0,2026-01-17,0.0,13,2024-12
1609,2024-12-08,9099.0,17263.0,2026-01-24,0.0,13,2024-12
1609,2024-12-08,9099.0,17263.0,2026-01-31,0.0,13,2024-12
1609,2024-12-08,9099.0,17263.0,2026-02-07,0.0,14,2024-12
1609,2024-12-08,9099.0,17263.0,2026-02-14,0.0,14,2024-12
1609,2024-12-08,9099.0,17263.0,2026-02-21,0.0,14,2024-12
1609,2024-12-08,9099.0,17263.0,2026-02-28,0.0,14,2024-12
1609,2024-12-08,9099.0,17263.0,2026-03-07,0.0,15,2024-12
1609,2024-12-08,9099.0,17263.0,2026-03-14,0.0,15,2024-12
1609,2024-12-08,9099.0,17263.0,2026-03-21,0.0,15,2024-12
1621,2024-12-09,10050.0,17595.0,2024-12-17,583.0,0,2024-12
1621,2024-12-09,10050.0,17595.0,2024-12-23,583.0,0,2024-12
1621,2024-12-09,10050.0,17595.0,2024-12-30,583.0,0,2024-12
1621,2024-12-09,10050.0,17595.0,2025-01-06,583.0,1,2024-12
1621,2024-12-09,10050.0,17595.0,2025-01-14,583.0,1,2024-12
1621,2024-12-09,10050.0,17595.0,2025-01-20,583.0,1,2024-12
1621,2024-12-09,10050.0,17595.0,2025-01-27,583.0,1,2024-12
1621,2024-12-09,10050.0,17595.0,2025-02-03,0.0,2,2024-12
1621,2024-12-09,10050.0,17595.0,2025-02-12,1166.0,2,2024-12
1621,2024-12-09,10050.0,17595.0,2025-02-17,583.0,2,2024-12
1621,2024-12-09,10050.0,17595.0,2025-02-24,0.0,2,2024-12
1621,2024-12-09,10050.0,17595.0,2025-03-03,0.0,3,2024-12
1621,2024-12-09,10050.0,17595.0,2025-03-10,0.0,3,2024-12
1621,2024-12-09,10050.0,17595.0,2025-03-17,0.0,3,2024-12
1621,2024-12-09,10050.0,17595.0,2025-03-24,0.0,3,2024-12
1621,2024-12-09,10050.0,17595.0,2025-04-07,0.0,4,2024-12
1621,2024-12-09,10050.0,17595.0,2025-04-21,0.0,4,2024-12
1621,2024-12-09,10050.0,17595.0,2025-04-28,0.0,4,2024-12
1621,2024-12-09,10050.0,17595.0,2025-05-05,0.0,5,2024-12
1621,2024-12-09,10050.0,17595.0,2025-05-12,0.0,5,2024-12
1621,2024-12-09,10050.0,17595.0,2025-05-19,0.0,5,2024-12
1621,2024-12-09,10050.0,17595.0,2025-05-26,0.0,5,2024-12
1621,2024-12-09,10050.0,17595.0,2025-06-02,0.0,6,2024-12
1621,2024-12-09,10050.0,17595.0,2025-07-27,0.0,7,2024-12
1621,2024-12-09,10050.0,17595.0,2025-07-27,3500.0,7,2024-12
1621,2024-12-09,10050.0,17595.0,2025-07-28,200.0,7,2024-12
1621,2024-12-09,10050.0,17595.0,2025-08-09,200.0,8,2024-12
1621,2024-12-09,10050.0,17595.0,2025-08-11,0.0,8,2024-12
1621,2024-12-09,10050.0,17595.0,2025-08-18,0.0,8,2024-12
1621,2024-12-09,10050.0,17595.0,2025-08-25,0.0,8,2024-12
1621,2024-12-09,10050.0,17595.0,2025-09-01,0.0,9,2024-12
1621,2024-12-09,10050.0,17595.0,2025-09-08,0.0,9,2024-12
1621,2024-12-09,10050.0,17595.0,2025-09-22,0.0,9,2024-12
1621,2024-12-09,10050.0,17595.0,2025-09-23,0.0,9,2024-12
1621,2024-12-09,10050.0,17595.0,2025-09-30,0.0,9,2024-12
1621,2024-12-09,10050.0,17595.0,2025-10-07,0.0,10,2024-12
1621,2024-12-09,10050.0,17595.0,2025-10-14,0.0,10,2024-12
1621,2024-12-09,10050.0,17595.0,2025-10-20,0.0,10,2024-12
1621,2024-12-09,10050.0,17595.0,2025-10-28,0.0,10,2024-12
1621,2024-12-09,10050.0,17595.0,2025-11-04,0.0,11,2024-12
1621,2024-12-09,10050.0,17595.0,2025-11-11,0.0,11,2024-12
1621,2024-12-09,10050.0,17595.0,2025-11-18,0.0,11,2024-12
1621,2024-12-09,10050.0,17595.0,2025-11-25,0.0,11,2024-12
1621,2024-12-09,10050.0,17595.0,2025-12-07,0.0,12,2024-12
1621,2024-12-09,10050.0,17595.0,2025-12-14,0.0,12,2024-12
1621,2024-12-09,10050.0,17595.0,2025-12-21,0.0,12,2024-12
1621,2024-12-09,10050.0,17595.0,2025-12-28,0.0,12,2024-12
1621,2024-12-09,10050.0,17595.0,2026-01-04,0.0,13,2024-12
1621,2024-12-09,10050.0,17595.0,2026-01-11,0.0,13,2024-12
1621,2024-12-09,10050.0,17595.0,2026-01-18,0.0,13,2024-12
1621,2024-12-09,10050.0,17595.0,2026-01-25,0.0,13,2024-12
1621,2024-12-09,10050.0,17595.0,2026-01-27,4200.0,13,2024-12
1623,2024-12-09,11560.0,20448.0,2024-12-17,669.0,0,2024-12
1623,2024-12-09,11560.0,20448.0,2024-12-31,670.0,0,2024-12
1623,2024-12-09,11560.0,20448.0,2025-01-06,1340.0,1,2024-12
1623,2024-12-09,11560.0,20448.0,2025-01-06,0.0,1,2024-12
1623,2024-12-09,11560.0,20448.0,2025-01-18,670.0,1,2024-12
1623,2024-12-09,11560.0,20448.0,2025-01-27,670.0,1,2024-12
1623,2024-12-09,11560.0,20448.0,2025-02-03,0.0,2,2024-12
1623,2024-12-09,11560.0,20448.0,2025-02-10,0.0,2,2024-12
1623,2024-12-09,11560.0,20448.0,2025-02-17,0.0,2,2024-12
1623,2024-12-09,11560.0,20448.0,2025-02-24,0.0,2,2024-12
1623,2024-12-09,11560.0,20448.0,2025-03-03,0.0,3,2024-12
1623,2024-12-09,11560.0,20448.0,2025-03-10,0.0,3,2024-12
1623,2024-12-09,11560.0,20448.0,2025-03-17,0.0,3,2024-12
1623,2024-12-09,11560.0,20448.0,2025-03-24,0.0,3,2024-12
1623,2024-12-09,11560.0,20448.0,2025-04-07,0.0,4,2024-12
1623,2024-12-09,11560.0,20448.0,2025-04-21,0.0,4,2024-12
1623,2024-12-09,11560.0,20448.0,2025-04-28,0.0,4,2024-12
1623,2024-12-09,11560.0,20448.0,2025-05-05,0.0,5,2024-12
1623,2024-12-09,11560.0,20448.0,2025-05-12,0.0,5,2024-12
1623,2024-12-09,11560.0,20448.0,2025-05-19,0.0,5,2024-12
1623,2024-12-09,11560.0,20448.0,2025-05-26,0.0,5,2024-12
1623,2024-12-09,11560.0,20448.0,2025-06-02,0.0,6,2024-12
1623,2024-12-09,11560.0,20448.0,2025-07-07,0.0,7,2024-12
1623,2024-12-09,11560.0,20448.0,2025-07-14,0.0,7,2024-12
1623,2024-12-09,11560.0,20448.0,2025-07-21,0.0,7,2024-12
1623,2024-12-09,11560.0,20448.0,2025-07-28,0.0,7,2024-12
1623,2024-12-09,11560.0,20448.0,2025-08-04,0.0,8,2024-12
1623,2024-12-09,11560.0,20448.0,2025-08-11,0.0,8,2024-12
1623,2024-12-09,11560.0,20448.0,2025-08-18,0.0,8,2024-12
1623,2024-12-09,11560.0,20448.0,2025-08-25,0.0,8,2024-12
1623,2024-12-09,11560.0,20448.0,2025-09-01,0.0,9,2024-12
1623,2024-12-09,11560.0,20448.0,2025-09-08,0.0,9,2024-12
1623,2024-12-09,11560.0,20448.0,2025-09-22,0.0,9,2024-12
1623,2024-12-09,11560.0,20448.0,2025-09-23,0.0,9,2024-12
1623,2024-12-09,11560.0,20448.0,2025-09-30,0.0,9,2024-12
1623,2024-12-09,11560.0,20448.0,2025-10-07,0.0,10,2024-12
1623,2024-12-09,11560.0,20448.0,2025-10-14,0.0,10,2024-12
1623,2024-12-09,11560.0,20448.0,2025-10-21,0.0,10,2024-12
1623,2024-12-09,11560.0,20448.0,2025-10-28,0.0,10,2024-12
1623,2024-12-09,11560.0,20448.0,2025-11-04,0.0,11,2024-12
1623,2024-12-09,11560.0,20448.0,2025-11-11,0.0,11,2024-12
1623,2024-12-09,11560.0,20448.0,2025-11-18,0.0,11,2024-12
1623,2024-12-09,11560.0,20448.0,2025-11-25,0.0,11,2024-12
1623,2024-12-09,11560.0,20448.0,2025-12-07,0.0,12,2024-12
1623,2024-12-09,11560.0,20448.0,2025-12-14,0.0,12,2024-12
1623,2024-12-09,11560.0,20448.0,2025-12-21,0.0,12,2024-12
1623,2024-12-09,11560.0,20448.0,2025-12-28,0.0,12,2024-12
1623,2024-12-09,11560.0,20448.0,2026-01-04,0.0,13,2024-12
1623,2024-12-09,11560.0,20448.0,2026-01-11,0.0,13,2024-12
1623,2024-12-09,11560.0,20448.0,2026-01-18,0.0,13,2024-12
1623,2024-12-09,11560.0,20448.0,2026-01-25,0.0,13,2024-12
1623,2024-12-09,11560.0,20448.0,2026-02-01,0.0,14,2024-12
1623,2024-12-09,11560.0,20448.0,2026-02-08,0.0,14,2024-12
1623,2024-12-09,11560.0,20448.0,2026-02-15,0.0,14,2024-12
1623,2024-12-09,11560.0,20448.0,2026-02-22,0.0,14,2024-12
1623,2024-12-09,11560.0,20448.0,2026-03-01,0.0,15,2024-12
1623,2024-12-09,11560.0,20448.0,2026-03-08,0.0,15,2024-12
1623,2024-12-09,11560.0,20448.0,2026-03-15,0.0,15,2024-12
1623,2024-12-09,11560.0,20448.0,2026-03-22,0.0,15,2024-12
1624,2024-12-10,17991.0,31018.0,2024-12-17,1117.0,0,2024-12
1624,2024-12-10,17991.0,31018.0,2024-12-26,1117.0,0,2024-12
1624,2024-12-10,17991.0,31018.0,2024-12-31,0.0,0,2024-12
1624,2024-12-10,17991.0,31018.0,2025-01-09,2234.0,1,2024-12
1624,2024-12-10,17991.0,31018.0,2025-01-14,1117.0,1,2024-12
1624,2024-12-10,17991.0,31018.0,2025-01-22,1117.0,1,2024-12
1624,2024-12-10,17991.0,31018.0,2025-01-29,1117.0,1,2024-12
1624,2024-12-10,17991.0,31018.0,2025-02-04,1117.0,2,2024-12
1624,2024-12-10,17991.0,31018.0,2025-02-11,1117.0,2,2024-12
1624,2024-12-10,17991.0,31018.0,2025-02-18,0.0,2,2024-12
1624,2024-12-10,17991.0,31018.0,2025-02-25,0.0,2,2024-12
1624,2024-12-10,17991.0,31018.0,2025-03-04,0.0,3,2024-12
1624,2024-12-10,17991.0,31018.0,2025-03-11,0.0,3,2024-12
1624,2024-12-10,17991.0,31018.0,2025-03-18,0.0,3,2024-12
1624,2024-12-10,17991.0,31018.0,2025-03-25,0.0,3,2024-12
1624,2024-12-10,17991.0,31018.0,2025-04-07,0.0,4,2024-12
1624,2024-12-10,17991.0,31018.0,2025-04-08,0.0,4,2024-12
1624,2024-12-10,17991.0,31018.0,2025-04-15,0.0,4,2024-12
1624,2024-12-10,17991.0,31018.0,2025-04-22,0.0,4,2024-12
1624,2024-12-10,17991.0,31018.0,2025-05-03,554.0,5,2024-12
1624,2024-12-10,17991.0,31018.0,2025-05-06,0.0,5,2024-12
1624,2024-12-10,17991.0,31018.0,2025-05-13,0.0,5,2024-12
1624,2024-12-10,17991.0,31018.0,2025-05-24,555.0,5,2024-12
1624,2024-12-10,17991.0,31018.0,2025-05-27,0.0,5,2024-12
1624,2024-12-10,17991.0,31018.0,2025-06-03,0.0,6,2024-12
1624,2024-12-10,17991.0,31018.0,2025-07-01,0.0,7,2024-12
1624,2024-12-10,17991.0,31018.0,2025-07-04,0.0,7,2024-12
1624,2024-12-10,17991.0,31018.0,2025-07-12,0.0,7,2024-12
1624,2024-12-10,17991.0,31018.0,2025-07-15,0.0,7,2024-12
1624,2024-12-10,17991.0,31018.0,2025-07-22,0.0,7,2024-12
1624,2024-12-10,17991.0,31018.0,2025-07-29,0.0,7,2024-12
1624,2024-12-10,17991.0,31018.0,2025-08-05,0.0,8,2024-12
1624,2024-12-10,17991.0,31018.0,2025-08-12,0.0,8,2024-12
1624,2024-12-10,17991.0,31018.0,2025-08-19,0.0,8,2024-12
1624,2024-12-10,17991.0,31018.0,2025-08-26,0.0,8,2024-12
1624,2024-12-10,17991.0,31018.0,2025-09-02,0.0,9,2024-12
1624,2024-12-10,17991.0,31018.0,2025-09-13,555.0,9,2024-12
1624,2024-12-10,17991.0,31018.0,2025-09-23,0.0,9,2024-12
1624,2024-12-10,17991.0,31018.0,2025-09-24,0.0,9,2024-12
1624,2024-12-10,17991.0,31018.0,2025-10-01,0.0,10,2024-12
1624,2024-12-10,17991.0,31018.0,2025-10-08,0.0,10,2024-12
1624,2024-12-10,17991.0,31018.0,2025-10-15,0.0,10,2024-12
1624,2024-12-10,17991.0,31018.0,2025-10-22,0.0,10,2024-12
1624,2024-12-10,17991.0,31018.0,2025-10-29,0.0,10,2024-12
1624,2024-12-10,17991.0,31018.0,2025-11-12,0.0,11,2024-12
1624,2024-12-10,17991.0,31018.0,2025-11-19,0.0,11,2024-12
1624,2024-12-10,17991.0,31018.0,2025-12-01,0.0,12,2024-12
1624,2024-12-10,17991.0,31018.0,2025-12-08,0.0,12,2024-12
1624,2024-12-10,17991.0,31018.0,2025-12-15,0.0,12,2024-12
1624,2024-12-10,17991.0,31018.0,2025-12-22,0.0,12,2024-12
1624,2024-12-10,17991.0,31018.0,2025-12-29,0.0,12,2024-12
1624,2024-12-10,17991.0,31018.0,2026-01-05,0.0,13,2024-12
1624,2024-12-10,17991.0,31018.0,2026-01-12,0.0,13,2024-12
1624,2024-12-10,17991.0,31018.0,2026-01-19,0.0,13,2024-12
1624,2024-12-10,17991.0,31018.0,2026-01-26,0.0,13,2024-12
1624,2024-12-10,17991.0,31018.0,2026-02-02,0.0,14,2024-12
1624,2024-12-10,17991.0,31018.0,2026-02-09,0.0,14,2024-12
1624,2024-12-10,17991.0,31018.0,2026-02-16,0.0,14,2024-12
1624,2024-12-10,17991.0,31018.0,2026-02-23,0.0,14,2024-12
1624,2024-12-10,17991.0,31018.0,2026-03-02,0.0,15,2024-12
1624,2024-12-10,17991.0,31018.0,2026-03-09,0.0,15,2024-12
1624,2024-12-10,17991.0,31018.0,2026-03-16,0.0,15,2024-12
1624,2024-12-10,17991.0,31018.0,2026-03-23,0.0,15,2024-12
1631,2024-12-10,9380.0,17390.0,2024-12-17,545.0,0,2024-12
1631,2024-12-10,9380.0,17390.0,2024-12-24,545.0,0,2024-12
1631,2024-12-10,9380.0,17390.0,2024-12-31,545.0,0,2024-12
1631,2024-12-10,9380.0,17390.0,2025-01-07,545.0,1,2024-12
1631,2024-12-10,9380.0,17390.0,2025-01-14,545.0,1,2024-12
1631,2024-12-10,9380.0,17390.0,2025-01-21,546.0,1,2024-12
1631,2024-12-10,9380.0,17390.0,2025-01-28,0.0,1,2024-12
1631,2024-12-10,9380.0,17390.0,2025-02-04,0.0,2,2024-12
1631,2024-12-10,9380.0,17390.0,2025-02-11,0.0,2,2024-12
1631,2024-12-10,9380.0,17390.0,2025-02-18,0.0,2,2024-12
1631,2024-12-10,9380.0,17390.0,2025-02-25,0.0,2,2024-12
1631,2024-12-10,9380.0,17390.0,2025-03-04,0.0,3,2024-12
1631,2024-12-10,9380.0,17390.0,2025-03-11,0.0,3,2024-12
1631,2024-12-10,9380.0,17390.0,2025-03-18,0.0,3,2024-12
1631,2024-12-10,9380.0,17390.0,2025-03-25,0.0,3,2024-12
1631,2024-12-10,9380.0,17390.0,2025-04-07,0.0,4,2024-12
1631,2024-12-10,9380.0,17390.0,2025-04-08,0.0,4,2024-12
1631,2024-12-10,9380.0,17390.0,2025-04-15,0.0,4,2024-12
1631,2024-12-10,9380.0,17390.0,2025-04-22,0.0,4,2024-12
1631,2024-12-10,9380.0,17390.0,2025-04-29,0.0,4,2024-12
1631,2024-12-10,9380.0,17390.0,2025-05-06,0.0,5,2024-12
1631,2024-12-10,9380.0,17390.0,2025-05-13,0.0,5,2024-12
1631,2024-12-10,9380.0,17390.0,2025-05-20,0.0,5,2024-12
1631,2024-12-10,9380.0,17390.0,2025-05-27,0.0,5,2024-12
1631,2024-12-10,9380.0,17390.0,2025-06-03,0.0,6,2024-12
1631,2024-12-10,9380.0,17390.0,2025-07-08,0.0,7,2024-12
1631,2024-12-10,9380.0,17390.0,2025-07-15,0.0,7,2024-12
1631,2024-12-10,9380.0,17390.0,2025-07-22,0.0,7,2024-12
1631,2024-12-10,9380.0,17390.0,2025-07-29,0.0,7,2024-12
1631,2024-12-10,9380.0,17390.0,2025-08-05,0.0,8,2024-12
1631,2024-12-10,9380.0,17390.0,2025-08-12,0.0,8,2024-12
1631,2024-12-10,9380.0,17390.0,2025-08-19,0.0,8,2024-12
1631,2024-12-10,9380.0,17390.0,2025-08-26,0.0,8,2024-12
1631,2024-12-10,9380.0,17390.0,2025-09-02,0.0,9,2024-12
1631,2024-12-10,9380.0,17390.0,2025-09-09,0.0,9,2024-12
1631,2024-12-10,9380.0,17390.0,2025-09-23,0.0,9,2024-12
1631,2024-12-10,9380.0,17390.0,2025-09-24,0.0,9,2024-12
1631,2024-12-10,9380.0,17390.0,2025-10-01,0.0,10,2024-12
1631,2024-12-10,9380.0,17390.0,2025-10-08,0.0,10,2024-12
1631,2024-12-10,9380.0,17390.0,2025-10-15,0.0,10,2024-12
1631,2024-12-10,9380.0,17390.0,2025-10-22,0.0,10,2024-12
1631,2024-12-10,9380.0,17390.0,2025-10-29,0.0,10,2024-12
1631,2024-12-10,9380.0,17390.0,2025-11-12,0.0,11,2024-12
1631,2024-12-10,9380.0,17390.0,2025-11-19,0.0,11,2024-12
1631,2024-12-10,9380.0,17390.0,2025-12-01,0.0,12,2024-12
1631,2024-12-10,9380.0,17390.0,2025-12-04,2000.0,12,2024-12
1631,2024-12-10,9380.0,17390.0,2025-12-15,0.0,12,2024-12
1631,2024-12-10,9380.0,17390.0,2025-12-22,0.0,12,2024-12
1631,2024-12-10,9380.0,17390.0,2025-12-29,0.0,12,2024-12
1631,2024-12-10,9380.0,17390.0,2026-01-05,0.0,13,2024-12
1631,2024-12-10,9380.0,17390.0,2026-01-06,2000.0,13,2024-12
1631,2024-12-10,9380.0,17390.0,2026-01-19,0.0,13,2024-12
1631,2024-12-10,9380.0,17390.0,2026-01-26,0.0,13,2024-12
1631,2024-12-10,9380.0,17390.0,2026-02-02,0.0,14,2024-12
1631,2024-12-10,9380.0,17390.0,2026-02-09,0.0,14,2024-12
1631,2024-12-10,9380.0,17390.0,2026-02-16,0.0,14,2024-12
1631,2024-12-10,9380.0,17390.0,2026-02-23,0.0,14,2024-12
1631,2024-12-10,9380.0,17390.0,2026-03-02,0.0,15,2024-12
1631,2024-12-10,9380.0,17390.0,2026-03-09,0.0,15,2024-12
1631,2024-12-10,9380.0,17390.0,2026-03-16,0.0,15,2024-12
1631,2024-12-10,9380.0,17390.0,2026-03-23,0.0,15,2024-12
1632,2024-12-10,10191.0,19622.0,2025-02-11,638.0,2,2024-12
1632,2024-12-10,10191.0,19622.0,2025-02-11,0.0,2,2024-12
1632,2024-12-10,10191.0,19622.0,2025-02-11,1278.0,2,2024-12
1632,2024-12-10,10191.0,19622.0,2025-02-19,2560.0,2,2024-12
1632,2024-12-10,10191.0,19622.0,2025-02-24,630.0,2,2024-12
1632,2024-12-10,10191.0,19622.0,2025-03-04,638.0,3,2024-12
1632,2024-12-10,10191.0,19622.0,2025-03-11,638.0,3,2024-12
1632,2024-12-10,10191.0,19622.0,2025-03-19,638.0,3,2024-12
1632,2024-12-10,10191.0,19622.0,2025-03-25,638.0,3,2024-12
1632,2024-12-10,10191.0,19622.0,2025-04-06,0.0,4,2024-12
1632,2024-12-10,10191.0,19622.0,2025-04-08,0.0,4,2024-12
1632,2024-12-10,10191.0,19622.0,2025-04-15,0.0,4,2024-12
1632,2024-12-10,10191.0,19622.0,2025-04-22,0.0,4,2024-12
1632,2024-12-10,10191.0,19622.0,2025-04-29,0.0,4,2024-12
1632,2024-12-10,10191.0,19622.0,2025-05-06,0.0,5,2024-12
1632,2024-12-10,10191.0,19622.0,2025-05-13,0.0,5,2024-12
1632,2024-12-10,10191.0,19622.0,2025-05-20,0.0,5,2024-12
1632,2024-12-10,10191.0,19622.0,2025-05-27,0.0,5,2024-12
1632,2024-12-10,10191.0,19622.0,2025-06-03,0.0,6,2024-12
1632,2024-12-10,10191.0,19622.0,2025-06-10,638.0,6,2024-12
1632,2024-12-10,10191.0,19622.0,2025-06-17,638.0,6,2024-12
1632,2024-12-10,10191.0,19622.0,2025-06-24,638.0,6,2024-12
1632,2024-12-10,10191.0,19622.0,2025-07-01,638.0,7,2024-12
1632,2024-12-10,10191.0,19622.0,2025-07-09,638.0,7,2024-12
1632,2024-12-10,10191.0,19622.0,2025-07-15,638.0,7,2024-12
1632,2024-12-10,10191.0,19622.0,2025-07-23,638.0,7,2024-12
1632,2024-12-10,10191.0,19622.0,2025-07-29,0.0,7,2024-12
1632,2024-12-10,10191.0,19622.0,2025-08-05,0.0,8,2024-12
1632,2024-12-10,10191.0,19622.0,2025-08-12,0.0,8,2024-12
1632,2024-12-10,10191.0,19622.0,2025-08-19,0.0,8,2024-12
1632,2024-12-10,10191.0,19622.0,2025-08-26,0.0,8,2024-12
1632,2024-12-10,10191.0,19622.0,2025-09-02,0.0,9,2024-12
1632,2024-12-10,10191.0,19622.0,2025-09-09,0.0,9,2024-12
1632,2024-12-10,10191.0,19622.0,2025-09-23,0.0,9,2024-12
1632,2024-12-10,10191.0,19622.0,2025-09-24,0.0,9,2024-12
1632,2024-12-10,10191.0,19622.0,2025-10-01,0.0,10,2024-12
1632,2024-12-10,10191.0,19622.0,2025-10-08,0.0,10,2024-12
1632,2024-12-10,10191.0,19622.0,2025-10-15,0.0,10,2024-12
1632,2024-12-10,10191.0,19622.0,2025-10-22,0.0,10,2024-12
1632,2024-12-10,10191.0,19622.0,2025-10-29,0.0,10,2024-12
1632,2024-12-10,10191.0,19622.0,2025-11-12,0.0,11,2024-12
1632,2024-12-10,10191.0,19622.0,2025-11-19,0.0,11,2024-12
1632,2024-12-10,10191.0,19622.0,2025-12-01,0.0,12,2024-12
1632,2024-12-10,10191.0,19622.0,2025-12-08,0.0,12,2024-12
1632,2024-12-10,10191.0,19622.0,2025-12-15,0.0,12,2024-12
1632,2024-12-10,10191.0,19622.0,2025-12-22,0.0,12,2024-12
1632,2024-12-10,10191.0,19622.0,2025-12-29,0.0,12,2024-12
1632,2024-12-10,10191.0,19622.0,2026-01-05,0.0,13,2024-12
1632,2024-12-10,10191.0,19622.0,2026-01-12,0.0,13,2024-12
1632,2024-12-10,10191.0,19622.0,2026-01-19,0.0,13,2024-12
1632,2024-12-10,10191.0,19622.0,2026-01-26,0.0,13,2024-12
1632,2024-12-10,10191.0,19622.0,2026-02-02,0.0,14,2024-12
1632,2024-12-10,10191.0,19622.0,2026-02-09,0.0,14,2024-12
1632,2024-12-10,10191.0,19622.0,2026-02-16,0.0,14,2024-12
1632,2024-12-10,10191.0,19622.0,2026-02-23,0.0,14,2024-12
1632,2024-12-10,10191.0,19622.0,2026-03-02,0.0,15,2024-12
1632,2024-12-10,10191.0,19622.0,2026-03-09,0.0,15,2024-12
1632,2024-12-10,10191.0,19622.0,2026-03-16,0.0,15,2024-12
1632,2024-12-10,10191.0,19622.0,2026-03-23,0.0,15,2024-12
1670,2024-12-14,15410.0,24098.0,2024-12-21,887.0,0,2024-12
1670,2024-12-14,15410.0,24098.0,2024-12-28,887.0,0,2024-12
1670,2024-12-14,15410.0,24098.0,2025-01-04,887.0,1,2024-12
1670,2024-12-14,15410.0,24098.0,2025-01-11,887.0,1,2024-12
1670,2024-12-14,15410.0,24098.0,2025-01-18,887.0,1,2024-12
1670,2024-12-14,15410.0,24098.0,2025-01-25,887.0,1,2024-12
1670,2024-12-14,15410.0,24098.0,2025-02-01,887.0,2,2024-12
1670,2024-12-14,15410.0,24098.0,2025-02-08,887.0,2,2024-12
1670,2024-12-14,15410.0,24098.0,2025-02-15,887.0,2,2024-12
1670,2024-12-14,15410.0,24098.0,2025-02-22,887.0,2,2024-12
1670,2024-12-14,15410.0,24098.0,2025-03-01,887.0,3,2024-12
1670,2024-12-14,15410.0,24098.0,2025-03-08,887.0,3,2024-12
1670,2024-12-14,15410.0,24098.0,2025-03-15,887.0,3,2024-12
1670,2024-12-14,15410.0,24098.0,2025-03-23,887.0,3,2024-12
1670,2024-12-14,15410.0,24098.0,2025-04-05,0.0,4,2024-12
1670,2024-12-14,15410.0,24098.0,2025-04-05,887.0,4,2024-12
1670,2024-12-14,15410.0,24098.0,2025-04-12,887.0,4,2024-12
1670,2024-12-14,15410.0,24098.0,2025-04-19,0.0,4,2024-12
1670,2024-12-14,15410.0,24098.0,2025-04-26,0.0,4,2024-12
1670,2024-12-14,15410.0,24098.0,2025-05-03,0.0,5,2024-12
1670,2024-12-14,15410.0,24098.0,2025-05-10,0.0,5,2024-12
1670,2024-12-14,15410.0,24098.0,2025-05-17,0.0,5,2024-12
1670,2024-12-14,15410.0,24098.0,2025-05-24,0.0,5,2024-12
1670,2024-12-14,15410.0,24098.0,2025-05-31,0.0,5,2024-12
1670,2024-12-14,15410.0,24098.0,2025-06-07,0.0,6,2024-12
1670,2024-12-14,15410.0,24098.0,2025-06-14,0.0,6,2024-12
1670,2024-12-14,15410.0,24098.0,2025-06-21,0.0,6,2024-12
1670,2024-12-14,15410.0,24098.0,2025-06-28,0.0,6,2024-12
1670,2024-12-14,15410.0,24098.0,2025-07-05,0.0,7,2024-12
1670,2024-12-14,15410.0,24098.0,2025-07-12,0.0,7,2024-12
1670,2024-12-14,15410.0,24098.0,2025-07-19,0.0,7,2024-12
1670,2024-12-14,15410.0,24098.0,2025-07-26,0.0,7,2024-12
1670,2024-12-14,15410.0,24098.0,2025-08-02,0.0,8,2024-12
1670,2024-12-14,15410.0,24098.0,2025-08-09,0.0,8,2024-12
1670,2024-12-14,15410.0,24098.0,2025-08-16,0.0,8,2024-12
1670,2024-12-14,15410.0,24098.0,2025-08-23,0.0,8,2024-12
1670,2024-12-14,15410.0,24098.0,2025-08-30,0.0,8,2024-12
1670,2024-12-14,15410.0,24098.0,2025-09-06,0.0,9,2024-12
1670,2024-12-14,15410.0,24098.0,2025-09-13,0.0,9,2024-12
1670,2024-12-14,15410.0,24098.0,2025-09-20,0.0,9,2024-12
1670,2024-12-14,15410.0,24098.0,2025-09-27,0.0,9,2024-12
1670,2024-12-14,15410.0,24098.0,2025-10-04,0.0,10,2024-12
1670,2024-12-14,15410.0,24098.0,2025-10-10,3000.0,10,2024-12
1670,2024-12-14,15410.0,24098.0,2025-10-19,0.0,10,2024-12
1670,2024-12-14,15410.0,24098.0,2025-10-26,0.0,10,2024-12
1670,2024-12-14,15410.0,24098.0,2025-11-02,0.0,11,2024-12
1670,2024-12-14,15410.0,24098.0,2025-11-11,4096.0,11,2024-12
1670,2024-12-14,15410.0,24098.0,2025-11-16,0.0,11,2024-12
1670,2024-12-14,15410.0,24098.0,2025-11-23,0.0,11,2024-12
1670,2024-12-14,15410.0,24098.0,2025-12-05,0.0,12,2024-12
1673,2024-12-15,15410.0,25399.0,2024-12-21,887.0,0,2024-12
1673,2024-12-15,15410.0,25399.0,2024-12-29,887.0,0,2024-12
1673,2024-12-15,15410.0,25399.0,2025-01-04,1774.0,1,2024-12
1673,2024-12-15,15410.0,25399.0,2025-01-04,0.0,1,2024-12
1673,2024-12-15,15410.0,25399.0,2025-01-18,1774.0,1,2024-12
1673,2024-12-15,15410.0,25399.0,2025-01-18,0.0,1,2024-12
1673,2024-12-15,15410.0,25399.0,2025-02-01,1774.0,2,2024-12
1673,2024-12-15,15410.0,25399.0,2025-02-09,0.0,2,2024-12
1673,2024-12-15,15410.0,25399.0,2025-02-12,3548.0,2,2024-12
1673,2024-12-15,15410.0,25399.0,2025-02-12,0.0,2,2024-12
1673,2024-12-15,15410.0,25399.0,2025-03-14,3548.0,3,2024-12
1673,2024-12-15,15410.0,25399.0,2025-03-14,0.0,3,2024-12
1673,2024-12-15,15410.0,25399.0,2025-04-06,0.0,4,2024-12
1673,2024-12-15,15410.0,25399.0,2025-04-13,887.0,4,2024-12
1673,2024-12-15,15410.0,25399.0,2025-04-19,2661.0,4,2024-12
1673,2024-12-15,15410.0,25399.0,2025-04-19,0.0,4,2024-12
1673,2024-12-15,15410.0,25399.0,2025-05-04,0.0,5,2024-12
1673,2024-12-15,15410.0,25399.0,2025-05-18,0.0,5,2024-12
1673,2024-12-15,15410.0,25399.0,2025-05-25,0.0,5,2024-12
1673,2024-12-15,15410.0,25399.0,2025-06-01,0.0,6,2024-12
1673,2024-12-15,15410.0,25399.0,2025-06-15,0.0,6,2024-12
1673,2024-12-15,15410.0,25399.0,2025-06-22,0.0,6,2024-12
1673,2024-12-15,15410.0,25399.0,2025-06-29,0.0,6,2024-12
1673,2024-12-15,15410.0,25399.0,2025-07-06,0.0,7,2024-12
1673,2024-12-15,15410.0,25399.0,2025-07-13,0.0,7,2024-12
1673,2024-12-15,15410.0,25399.0,2025-07-20,0.0,7,2024-12
1673,2024-12-15,15410.0,25399.0,2025-07-27,0.0,7,2024-12
1673,2024-12-15,15410.0,25399.0,2025-08-03,0.0,8,2024-12
1673,2024-12-15,15410.0,25399.0,2025-08-10,0.0,8,2024-12
1673,2024-12-15,15410.0,25399.0,2025-08-17,0.0,8,2024-12
1673,2024-12-15,15410.0,25399.0,2025-08-24,0.0,8,2024-12
1673,2024-12-15,15410.0,25399.0,2025-08-31,0.0,8,2024-12
1673,2024-12-15,15410.0,25399.0,2025-09-07,0.0,9,2024-12
1673,2024-12-15,15410.0,25399.0,2025-09-15,0.0,9,2024-12
1673,2024-12-15,15410.0,25399.0,2025-09-28,0.0,9,2024-12
1673,2024-12-15,15410.0,25399.0,2025-09-29,0.0,9,2024-12
1673,2024-12-15,15410.0,25399.0,2025-10-06,0.0,10,2024-12
1673,2024-12-15,15410.0,25399.0,2025-10-13,0.0,10,2024-12
1673,2024-12-15,15410.0,25399.0,2025-10-20,0.0,10,2024-12
1673,2024-12-15,15410.0,25399.0,2025-10-27,0.0,10,2024-12
1673,2024-12-15,15410.0,25399.0,2025-11-03,0.0,11,2024-12
1673,2024-12-15,15410.0,25399.0,2025-11-10,0.0,11,2024-12
1673,2024-12-15,15410.0,25399.0,2025-11-17,0.0,11,2024-12
1673,2024-12-15,15410.0,25399.0,2025-11-24,0.0,11,2024-12
1673,2024-12-15,15410.0,25399.0,2025-12-06,0.0,12,2024-12
1673,2024-12-15,15410.0,25399.0,2025-12-13,0.0,12,2024-12
1673,2024-12-15,15410.0,25399.0,2025-12-20,0.0,12,2024-12
1673,2024-12-15,15410.0,25399.0,2025-12-27,0.0,12,2024-12
1673,2024-12-15,15410.0,25399.0,2026-01-03,0.0,13,2024-12
1673,2024-12-15,15410.0,25399.0,2026-01-10,0.0,13,2024-12
1673,2024-12-15,15410.0,25399.0,2026-01-17,0.0,13,2024-12
1673,2024-12-15,15410.0,25399.0,2026-01-24,0.0,13,2024-12
1673,2024-12-15,15410.0,25399.0,2026-01-31,0.0,13,2024-12
1673,2024-12-15,15410.0,25399.0,2026-02-07,0.0,14,2024-12
1673,2024-12-15,15410.0,25399.0,2026-02-14,0.0,14,2024-12
1673,2024-12-15,15410.0,25399.0,2026-02-21,0.0,14,2024-12
1673,2024-12-15,15410.0,25399.0,2026-02-28,0.0,14,2024-12
1673,2024-12-15,15410.0,25399.0,2026-03-07,0.0,15,2024-12
1673,2024-12-15,15410.0,25399.0,2026-03-14,0.0,15,2024-12
1673,2024-12-15,15410.0,25399.0,2026-03-21,0.0,15,2024-12
1677,2024-12-15,14991.0,26948.0,2025-01-12,3858.0,1,2024-12
1677,2024-12-15,14991.0,26948.0,2025-02-12,3858.0,2,2024-12
1677,2024-12-15,14991.0,26948.0,2025-03-12,0.0,3,2024-12
1677,2024-12-15,14991.0,26948.0,2025-04-12,0.0,4,2024-12
1677,2024-12-15,14991.0,26948.0,2025-05-12,0.0,5,2024-12
1677,2024-12-15,14991.0,26948.0,2025-06-15,0.0,6,2024-12
1677,2024-12-15,14991.0,26948.0,2025-07-12,0.0,7,2024-12
1677,2024-12-15,14991.0,26948.0,2025-08-12,0.0,8,2024-12
1677,2024-12-15,14991.0,26948.0,2025-09-15,3000.0,9,2024-12
1677,2024-12-15,14991.0,26948.0,2025-10-13,0.0,10,2024-12
1677,2024-12-15,14991.0,26948.0,2025-11-13,0.0,11,2024-12
1677,2024-12-15,14991.0,26948.0,2025-12-18,0.0,12,2024-12
1677,2024-12-15,14991.0,26948.0,2026-01-19,0.0,13,2024-12
1677,2024-12-15,14991.0,26948.0,2026-02-19,0.0,14,2024-12
1679,2024-12-15,8391.0,16886.0,2024-12-22,529.0,0,2024-12
1679,2024-12-15,8391.0,16886.0,2024-12-29,529.0,0,2024-12
1679,2024-12-15,8391.0,16886.0,2025-01-05,529.0,1,2024-12
1679,2024-12-15,8391.0,16886.0,2025-01-12,529.0,1,2024-12
1679,2024-12-15,8391.0,16886.0,2025-01-19,529.0,1,2024-12
1679,2024-12-15,8391.0,16886.0,2025-01-27,528.0,1,2024-12
1679,2024-12-15,8391.0,16886.0,2025-02-02,529.0,2,2024-12
1679,2024-12-15,8391.0,16886.0,2025-02-09,529.0,2,2024-12
1679,2024-12-15,8391.0,16886.0,2025-02-16,529.0,2,2024-12
1679,2024-12-15,8391.0,16886.0,2025-02-23,529.0,2,2024-12
1679,2024-12-15,8391.0,16886.0,2025-03-02,529.0,3,2024-12
1679,2024-12-15,8391.0,16886.0,2025-03-09,529.0,3,2024-12
1679,2024-12-15,8391.0,16886.0,2025-03-16,529.0,3,2024-12
1679,2024-12-15,8391.0,16886.0,2025-03-23,529.0,3,2024-12
1679,2024-12-15,8391.0,16886.0,2025-04-06,0.0,4,2024-12
1679,2024-12-15,8391.0,16886.0,2025-04-13,0.0,4,2024-12
1679,2024-12-15,8391.0,16886.0,2025-04-20,0.0,4,2024-12
1679,2024-12-15,8391.0,16886.0,2025-04-27,0.0,4,2024-12
1679,2024-12-15,8391.0,16886.0,2025-05-04,0.0,5,2024-12
1679,2024-12-15,8391.0,16886.0,2025-05-11,0.0,5,2024-12
1679,2024-12-15,8391.0,16886.0,2025-05-18,0.0,5,2024-12
1679,2024-12-15,8391.0,16886.0,2025-05-25,0.0,5,2024-12
1679,2024-12-15,8391.0,16886.0,2025-06-01,0.0,6,2024-12
1679,2024-12-15,8391.0,16886.0,2025-06-15,0.0,6,2024-12
1679,2024-12-15,8391.0,16886.0,2025-06-22,0.0,6,2024-12
1679,2024-12-15,8391.0,16886.0,2025-06-29,0.0,6,2024-12
1679,2024-12-15,8391.0,16886.0,2025-07-06,0.0,7,2024-12
1679,2024-12-15,8391.0,16886.0,2025-07-13,0.0,7,2024-12
1679,2024-12-15,8391.0,16886.0,2025-07-20,0.0,7,2024-12
1679,2024-12-15,8391.0,16886.0,2025-07-27,0.0,7,2024-12
1679,2024-12-15,8391.0,16886.0,2025-07-31,2000.0,7,2024-12
1679,2024-12-15,8391.0,16886.0,2025-08-10,0.0,8,2024-12
1679,2024-12-15,8391.0,16886.0,2025-08-17,0.0,8,2024-12
1679,2024-12-15,8391.0,16886.0,2025-08-24,0.0,8,2024-12
1679,2024-12-15,8391.0,16886.0,2025-08-31,0.0,8,2024-12
1679,2024-12-15,8391.0,16886.0,2025-09-07,0.0,9,2024-12
1679,2024-12-15,8391.0,16886.0,2025-09-15,0.0,9,2024-12
1679,2024-12-15,8391.0,16886.0,2025-09-28,0.0,9,2024-12
1679,2024-12-15,8391.0,16886.0,2025-09-29,0.0,9,2024-12
1679,2024-12-15,8391.0,16886.0,2025-10-06,0.0,10,2024-12
1679,2024-12-15,8391.0,16886.0,2025-10-13,0.0,10,2024-12
1679,2024-12-15,8391.0,16886.0,2025-10-20,0.0,10,2024-12
1679,2024-12-15,8391.0,16886.0,2025-10-27,0.0,10,2024-12
1679,2024-12-15,8391.0,16886.0,2025-11-10,0.0,11,2024-12
1679,2024-12-15,8391.0,16886.0,2025-11-17,0.0,11,2024-12
1679,2024-12-15,8391.0,16886.0,2025-11-24,0.0,11,2024-12
1679,2024-12-15,8391.0,16886.0,2025-12-06,0.0,12,2024-12
1679,2024-12-15,8391.0,16886.0,2025-12-13,0.0,12,2024-12
1679,2024-12-15,8391.0,16886.0,2025-12-20,0.0,12,2024-12
1679,2024-12-15,8391.0,16886.0,2025-12-27,0.0,12,2024-12
1679,2024-12-15,8391.0,16886.0,2026-01-03,0.0,13,2024-12
1679,2024-12-15,8391.0,16886.0,2026-01-10,0.0,13,2024-12
1679,2024-12-15,8391.0,16886.0,2026-01-17,0.0,13,2024-12
1679,2024-12-15,8391.0,16886.0,2026-01-24,0.0,13,2024-12
1679,2024-12-15,8391.0,16886.0,2026-01-31,0.0,13,2024-12
1679,2024-12-15,8391.0,16886.0,2026-02-07,0.0,14,2024-12
1679,2024-12-15,8391.0,16886.0,2026-02-14,0.0,14,2024-12
1679,2024-12-15,8391.0,16886.0,2026-02-21,0.0,14,2024-12
1679,2024-12-15,8391.0,16886.0,2026-02-28,0.0,14,2024-12
1679,2024-12-15,8391.0,16886.0,2026-03-07,0.0,15,2024-12
1679,2024-12-15,8391.0,16886.0,2026-03-14,0.0,15,2024-12
1679,2024-12-15,8391.0,16886.0,2026-03-21,0.0,15,2024-12
8919,2025-09-08,9749.0,14420.0,2025-09-15,580.0,0,2025-09
8919,2025-09-08,9749.0,14420.0,2026-09-22,580.0,12,2025-09
8919,2025-09-08,9749.0,14420.0,2025-09-29,580.0,0,2025-09
8919,2025-09-08,9749.0,14420.0,2025-10-06,546.0,1,2025-09
8919,2025-09-08,9749.0,14420.0,2025-10-13,0.0,1,2025-09
8919,2025-09-08,9749.0,14420.0,2025-10-21,565.0,1,2025-09
8919,2025-09-08,9749.0,14420.0,2025-10-27,0.0,1,2025-09
8919,2025-09-08,9749.0,14420.0,2025-11-04,562.0,2,2025-09
8919,2025-09-08,9749.0,14420.0,2025-11-11,0.0,2,2025-09
8919,2025-09-08,9749.0,14420.0,2025-11-18,0.0,2,2025-09
8919,2025-09-08,9749.0,14420.0,2025-11-23,580.0,2,2025-09
8919,2025-09-08,9749.0,14420.0,2025-11-23,2320.0,2,2025-09
8919,2025-09-08,9749.0,14420.0,2025-12-14,0.0,3,2025-09
8919,2025-09-08,9749.0,14420.0,2025-12-21,0.0,3,2025-09
8919,2025-09-08,9749.0,14420.0,2025-12-28,0.0,3,2025-09
8919,2025-09-08,9749.0,14420.0,2026-01-04,0.0,4,2025-09
8919,2025-09-08,9749.0,14420.0,2026-01-08,3547.0,4,2025-09
8919,2025-09-08,9749.0,14420.0,2026-01-12,580.0,4,2025-09
8919,2025-09-08,9749.0,14420.0,2026-01-19,580.0,4,2025-09
8919,2025-09-08,9749.0,14420.0,2026-01-26,580.0,4,2025-09
8919,2025-09-08,9749.0,14420.0,2026-02-05,580.0,5,2025-09
8919,2025-09-08,9749.0,14420.0,2026-02-15,0.0,5,2025-09
8919,2025-09-08,9749.0,14420.0,2026-02-22,0.0,5,2025-09
8919,2025-09-08,9749.0,14420.0,2026-03-01,0.0,6,2025-09
8919,2025-09-08,9749.0,14420.0,2026-03-08,0.0,6,2025-09
8919,2025-09-08,9749.0,14420.0,2026-03-15,0.0,6,2025-09
8919,2025-09-08,9749.0,14420.0,2026-03-22,0.0,6,2025-09
13747,2025-10-24,8249.0,11600.0,2025-12-23,1500.0,2,2025-10
13747,2025-10-24,8249.0,11600.0,2026-01-21,1940.0,3,2025-10
13747,2025-10-24,8249.0,11600.0,2026-02-22,1950.0,4,2025-10
24105,2026-01-06,16499.0,24359.0,2026-03-14,2913.0,2,2026-01
